pc_time,boot,seq,t_us,sa,signal,value
2026-10-09T10:49:25.107,1,19354,26972638,0,actual_torque_pct,5
2026-10-09T10:49:25.107,1,19354,26972638,0,engine_rpm,551.000
2026-10-09T10:49:25.108,1,19361,26983117,0,actual_torque_pct,5
2026-10-09T10:49:25.108,1,19361,26983117,0,engine_rpm,551.000
2026-10-09T10:49:25.109,1,19365,26985391,39,vehicle_speed_kmh,0.000
2026-10-09T10:49:25.112,1,29248,39455076,0,actual_torque_pct,5
2026-10-09T10:49:25.112,1,29248,39455076,0,engine_rpm,549.000
2026-10-09T10:49:25.112,1,29249,39455660,0,engine_load_pct,11
2026-10-09T10:49:25.122,1,29254,39465055,0,actual_torque_pct,5
2026-10-09T10:49:25.122,1,29254,39465055,0,engine_rpm,549.000
2026-10-09T10:49:25.131,1,29261,39475013,0,actual_torque_pct,5
2026-10-09T10:49:25.131,1,29261,39475013,0,engine_rpm,549.000
2026-10-09T10:49:25.140,1,29270,39484306,39,vehicle_speed_kmh,0.000
2026-10-09T10:49:25.142,1,29272,39485458,0,actual_torque_pct,5
2026-10-09T10:49:25.142,1,29272,39485458,0,engine_rpm,549.000
2026-10-09T10:49:25.152,1,29279,39495078,0,actual_torque_pct,5
2026-10-09T10:49:25.152,1,29279,39495078,0,engine_rpm,550.000
2026-10-09T10:49:25.161,1,29284,39505058,0,actual_torque_pct,5
2026-10-09T10:49:25.161,1,29284,39505058,0,engine_rpm,550.000
2026-10-09T10:49:25.162,1,29285,39505656,0,engine_load_pct,11
2026-10-09T10:49:25.169,1,29291,39512530,0,oil_pressure_kpa,432
2026-10-09T10:49:25.171,1,29292,39515096,0,actual_torque_pct,5
2026-10-09T10:49:25.171,1,29292,39515096,0,engine_rpm,550.000
2026-10-09T10:49:25.172,1,29293,39515695,0,fuel_rate_lph,1.60
2026-10-09T10:49:25.172,1,29293,39515695,0,fuel_econ_inst_kmpl,0.000
2026-10-09T10:49:25.181,1,29300,39525195,39,fuel_level_pct,1.2
2026-10-09T10:49:25.183,1,29301,39526982,0,actual_torque_pct,5
2026-10-09T10:49:25.183,1,29301,39526982,0,engine_rpm,550.000
2026-10-09T10:49:25.192,1,29312,39535394,0,actual_torque_pct,5
2026-10-09T10:49:25.192,1,29312,39535394,0,engine_rpm,550.000
2026-10-09T10:49:25.203,1,29320,39545986,0,actual_torque_pct,5
2026-10-09T10:49:25.203,1,29320,39545986,0,engine_rpm,550.000
2026-10-09T10:49:25.213,1,29325,39555014,0,actual_torque_pct,5
2026-10-09T10:49:25.213,1,29325,39555014,0,engine_rpm,550.000
2026-10-09T10:49:25.213,1,29326,39555607,0,engine_load_pct,11
2026-10-09T10:49:25.222,1,29331,39564984,0,actual_torque_pct,5
2026-10-09T10:49:25.222,1,29331,39564984,0,engine_rpm,550.000
2026-10-09T10:49:25.231,1,29338,39575001,0,actual_torque_pct,5
2026-10-09T10:49:25.231,1,29338,39575001,0,engine_rpm,550.000
2026-10-09T10:49:25.241,1,29347,39584317,39,vehicle_speed_kmh,0.000
2026-10-09T10:49:25.242,1,29349,39585482,0,actual_torque_pct,5
2026-10-09T10:49:25.242,1,29349,39585482,0,engine_rpm,550.000
2026-10-09T10:49:25.252,1,29356,39594989,0,actual_torque_pct,5
2026-10-09T10:49:25.252,1,29356,39594989,0,engine_rpm,550.000
2026-10-09T10:49:25.262,1,29361,39604984,0,actual_torque_pct,5
2026-10-09T10:49:25.262,1,29361,39604984,0,engine_rpm,550.000
2026-10-09T10:49:25.262,1,29362,39605561,0,engine_load_pct,11
2026-10-09T10:49:25.272,1,29368,39614968,0,actual_torque_pct,5
2026-10-09T10:49:25.272,1,29368,39614968,0,engine_rpm,550.000
2026-10-09T10:49:25.272,1,29369,39615554,0,fuel_rate_lph,1.60
2026-10-09T10:49:25.272,1,29369,39615554,0,fuel_econ_inst_kmpl,0.000
2026-10-09T10:49:25.278,1,29373,39621623,39,fuel_level_pct,1.2
2026-10-09T10:49:25.281,1,29377,39624991,0,actual_torque_pct,5
2026-10-09T10:49:25.281,1,29377,39624991,0,engine_rpm,550.000
2026-10-09T10:49:25.292,1,29388,39636243,0,actual_torque_pct,5
2026-10-09T10:49:25.292,1,29388,39636243,0,engine_rpm,550.000
2026-10-09T10:49:25.302,1,29396,39644963,0,actual_torque_pct,5
2026-10-09T10:49:25.302,1,29396,39644963,0,engine_rpm,550.000
2026-10-09T10:49:25.312,1,29401,39654948,0,actual_torque_pct,5
2026-10-09T10:49:25.312,1,29401,39654948,0,engine_rpm,550.000
2026-10-09T10:49:25.312,1,29402,39655548,0,engine_load_pct,11
2026-10-09T10:49:25.322,1,29407,39664955,0,actual_torque_pct,5
2026-10-09T10:49:25.322,1,29407,39664955,0,engine_rpm,550.000
2026-10-09T10:49:25.331,1,29415,39674941,0,actual_torque_pct,5
2026-10-09T10:49:25.331,1,29415,39674941,0,engine_rpm,550.000
2026-10-09T10:49:25.341,1,29424,39684332,39,vehicle_speed_kmh,0.000
2026-10-09T10:49:25.342,1,29426,39685470,0,actual_torque_pct,5
2026-10-09T10:49:25.342,1,29426,39685470,0,engine_rpm,550.000
2026-10-09T10:49:25.351,1,29433,39694964,0,actual_torque_pct,5
2026-10-09T10:49:25.351,1,29433,39694964,0,engine_rpm,549.000
2026-10-09T10:49:25.361,1,29440,39704976,0,actual_torque_pct,5
2026-10-09T10:49:25.361,1,29440,39704976,0,engine_rpm,549.000
2026-10-09T10:49:25.362,1,29441,39705561,0,engine_load_pct,11
2026-10-09T10:49:25.371,1,29448,39714918,0,actual_torque_pct,5
2026-10-09T10:49:25.371,1,29448,39714918,0,engine_rpm,549.000
2026-10-09T10:49:25.372,1,29449,39715505,0,fuel_rate_lph,1.60
2026-10-09T10:49:25.372,1,29449,39715505,0,fuel_econ_inst_kmpl,0.000
2026-10-09T10:49:25.378,1,29453,39721631,39,fuel_level_pct,1.2
2026-10-09T10:49:25.383,1,29457,39726465,0,actual_torque_pct,5
2026-10-09T10:49:25.383,1,29457,39726465,0,engine_rpm,549.000
2026-10-09T10:49:25.392,1,29468,39735393,0,actual_torque_pct,5
2026-10-09T10:49:25.392,1,29468,39735393,0,engine_rpm,550.000
2026-10-09T10:49:25.402,1,29477,39746288,0,actual_torque_pct,5
2026-10-09T10:49:25.402,1,29477,39746288,0,engine_rpm,550.000
2026-10-09T10:49:25.411,1,29482,39754903,0,actual_torque_pct,5
2026-10-09T10:49:25.411,1,29482,39754903,0,engine_rpm,550.000
2026-10-09T10:49:25.412,1,29483,39755483,0,engine_load_pct,11
2026-10-09T10:49:25.421,1,29488,39764943,0,actual_torque_pct,5
2026-10-09T10:49:25.421,1,29488,39764943,0,engine_rpm,550.000
2026-10-09T10:49:25.431,1,29495,39774894,0,actual_torque_pct,5
2026-10-09T10:49:25.431,1,29495,39774894,0,engine_rpm,550.000
2026-10-09T10:49:25.440,1,29504,39784331,39,vehicle_speed_kmh,0.000
2026-10-09T10:49:25.442,1,29506,39785463,0,actual_torque_pct,5
2026-10-09T10:49:25.442,1,29506,39785463,0,engine_rpm,549.000
2026-10-09T10:49:25.451,1,29513,39794869,0,actual_torque_pct,5
2026-10-09T10:49:25.451,1,29513,39794869,0,engine_rpm,549.000
2026-10-09T10:49:25.461,1,29518,39804877,0,actual_torque_pct,5
2026-10-09T10:49:25.461,1,29518,39804877,0,engine_rpm,549.000
2026-10-09T10:49:25.462,1,29519,39805463,0,engine_load_pct,11
2026-10-09T10:49:25.471,1,29525,39814847,0,actual_torque_pct,5
2026-10-09T10:49:25.471,1,29525,39814847,0,engine_rpm,549.000
2026-10-09T10:49:25.472,1,29526,39815445,0,fuel_rate_lph,1.60
2026-10-09T10:49:25.472,1,29526,39815445,0,fuel_econ_inst_kmpl,0.000
2026-10-09T10:49:25.478,1,29530,39821615,39,fuel_level_pct,1.2
2026-10-09T10:49:25.481,1,29534,39824916,0,actual_torque_pct,5
2026-10-09T10:49:25.481,1,29534,39824916,0,engine_rpm,549.000
2026-10-09T10:49:25.492,1,29545,39836266,0,actual_torque_pct,5
2026-10-09T10:49:25.492,1,29545,39836266,0,engine_rpm,549.000
2026-10-09T10:49:25.502,1,29553,39844835,0,actual_torque_pct,5
2026-10-09T10:49:25.502,1,29553,39844835,0,engine_rpm,549.000
2026-10-09T10:49:25.511,1,29558,39854847,0,actual_torque_pct,5
2026-10-09T10:49:25.511,1,29558,39854847,0,engine_rpm,549.000
2026-10-09T10:49:25.512,1,29559,39855433,0,engine_load_pct,11
2026-10-09T10:49:25.521,1,29564,39864842,0,actual_torque_pct,5
2026-10-09T10:49:25.521,1,29564,39864842,0,engine_rpm,549.000
2026-10-09T10:49:25.531,1,29571,39874808,0,actual_torque_pct,5
2026-10-09T10:49:25.531,1,29571,39874808,0,engine_rpm,549.000
2026-10-09T10:49:25.540,1,29580,39884335,39,vehicle_speed_kmh,0.000
2026-10-09T10:49:25.541,1,29581,39884894,0,actual_torque_pct,5
2026-10-09T10:49:25.541,1,29581,39884894,0,engine_rpm,549.000
2026-10-09T10:49:25.551,1,29589,39894851,0,actual_torque_pct,5
2026-10-09T10:49:25.551,1,29589,39894851,0,engine_rpm,549.000
2026-10-09T10:49:25.562,1,29594,39904896,0,actual_torque_pct,5
2026-10-09T10:49:25.562,1,29594,39904896,0,engine_rpm,549.000
2026-10-09T10:49:25.562,1,29595,39905497,0,engine_load_pct,11
2026-10-09T10:49:25.569,1,29602,39912524,0,boost_pressure_kpa,98
2026-10-09T10:49:25.569,1,29602,39912524,0,intake_manifold_temp_c,31
2026-10-09T10:49:25.571,1,29603,39914906,0,actual_torque_pct,5
2026-10-09T10:49:25.571,1,29603,39914906,0,engine_rpm,549.000
2026-10-09T10:49:25.573,1,29606,39916640,0,fuel_rate_lph,1.65
2026-10-09T10:49:25.573,1,29606,39916640,0,fuel_econ_inst_kmpl,0.000
2026-10-09T10:49:25.579,1,29612,39922869,39,fuel_level_pct,1.2
2026-10-09T10:49:25.583,1,29614,39926172,0,actual_torque_pct,5
2026-10-09T10:49:25.583,1,29614,39926172,0,engine_rpm,549.000
2026-10-09T10:49:25.591,1,29624,39934823,0,actual_torque_pct,5
2026-10-09T10:49:25.591,1,29624,39934823,0,engine_rpm,550.000
2026-10-09T10:49:25.602,1,29633,39945668,0,actual_torque_pct,5
2026-10-09T10:49:25.602,1,29633,39945668,0,engine_rpm,550.000
2026-10-09T10:49:25.611,1,29638,39954778,0,actual_torque_pct,5
2026-10-09T10:49:25.611,1,29638,39954778,0,engine_rpm,550.000
2026-10-09T10:49:25.612,1,29639,39955382,0,engine_load_pct,11
2026-10-09T10:49:25.621,1,29645,39964783,0,actual_torque_pct,5
2026-10-09T10:49:25.621,1,29645,39964783,0,engine_rpm,550.000
2026-10-09T10:49:25.631,1,29652,39974876,0,actual_torque_pct,5
2026-10-09T10:49:25.631,1,29652,39974876,0,engine_rpm,550.000
2026-10-09T10:49:25.640,1,29661,39984320,39,vehicle_speed_kmh,0.000
2026-10-09T10:49:25.641,1,29662,39984894,0,actual_torque_pct,5
2026-10-09T10:49:25.641,1,29662,39984894,0,engine_rpm,549.000
2026-10-09T10:49:25.651,1,29670,39994775,0,actual_torque_pct,5
2026-10-09T10:49:25.651,1,29670,39994775,0,engine_rpm,549.000
2026-10-09T10:49:25.661,1,29675,40004832,0,actual_torque_pct,5
2026-10-09T10:49:25.661,1,29675,40004832,0,engine_rpm,549.000
2026-10-09T10:49:25.662,1,29676,40005413,0,engine_load_pct,11
2026-10-09T10:49:25.666,1,29678,40009591,0,oil_pressure_kpa,428
2026-10-09T10:49:25.671,1,29683,40014751,0,actual_torque_pct,5
2026-10-09T10:49:25.671,1,29683,40014751,0,engine_rpm,549.000
2026-10-09T10:49:25.673,1,29686,40016487,0,fuel_rate_lph,1.65
2026-10-09T10:49:25.673,1,29686,40016487,0,fuel_econ_inst_kmpl,0.000
2026-10-09T10:49:25.678,1,29690,40021628,39,fuel_level_pct,1.2
2026-10-09T10:49:25.681,1,29694,40024774,0,actual_torque_pct,5
2026-10-09T10:49:25.681,1,29694,40024774,0,engine_rpm,549.000
2026-10-09T10:49:25.693,1,29706,40036029,0,actual_torque_pct,5
2026-10-09T10:49:25.693,1,29706,40036029,0,engine_rpm,549.000
2026-10-09T10:49:25.701,1,29714,40044717,0,actual_torque_pct,5
2026-10-09T10:49:25.701,1,29714,40044717,0,engine_rpm,549.000
2026-10-09T10:49:25.711,1,29719,40054757,0,actual_torque_pct,5
2026-10-09T10:49:25.711,1,29719,40054757,0,engine_rpm,549.000
2026-10-09T10:49:25.711,1,29720,40055342,0,engine_load_pct,11
2026-10-09T10:49:25.721,1,29726,40064740,0,actual_torque_pct,5
2026-10-09T10:49:25.721,1,29726,40064740,0,engine_rpm,549.000
2026-10-09T10:49:25.731,1,29735,40074713,0,actual_torque_pct,5
2026-10-09T10:49:25.731,1,29735,40074713,0,engine_rpm,549.000
2026-10-09T10:49:25.741,1,29744,40084330,39,vehicle_speed_kmh,0.000
2026-10-09T10:49:25.741,1,29745,40084898,0,actual_torque_pct,5
2026-10-09T10:49:25.741,1,29745,40084898,0,engine_rpm,549.000
2026-10-09T10:49:25.751,1,29753,40094723,0,actual_torque_pct,5
2026-10-09T10:49:25.751,1,29753,40094723,0,engine_rpm,549.000
2026-10-09T10:49:25.761,1,29758,40104763,0,actual_torque_pct,5
2026-10-09T10:49:25.761,1,29758,40104763,0,engine_rpm,549.000
2026-10-09T10:49:25.761,1,29759,40105344,0,engine_load_pct,11
2026-10-09T10:49:25.769,1,29765,40112531,0,coolant_temp_c,32
2026-10-09T10:49:25.769,1,29765,40112531,0,fuel_temp_c,31
2026-10-09T10:49:25.769,1,29765,40112531,0,oil_temp_c,32.28
2026-10-09T10:49:25.771,1,29766,40114712,0,actual_torque_pct,5
2026-10-09T10:49:25.771,1,29766,40114712,0,engine_rpm,550.000
2026-10-09T10:49:25.773,1,29769,40116445,0,fuel_rate_lph,1.65
2026-10-09T10:49:25.773,1,29769,40116445,0,fuel_econ_inst_kmpl,0.000
2026-10-09T10:49:25.777,1,29771,40120512,39,fuel_level_pct,1.2
2026-10-09T10:49:25.782,1,29777,40126156,0,actual_torque_pct,5
2026-10-09T10:49:25.782,1,29777,40126156,0,engine_rpm,550.000
2026-10-09T10:49:25.791,1,29787,40134826,0,actual_torque_pct,5
2026-10-09T10:49:25.791,1,29787,40134826,0,engine_rpm,549.000
2026-10-09T10:49:25.801,1,29796,40145356,0,actual_torque_pct,5
2026-10-09T10:49:25.801,1,29796,40145356,0,engine_rpm,549.000
2026-10-09T10:49:25.811,1,29801,40154686,0,actual_torque_pct,5
2026-10-09T10:49:25.811,1,29801,40154686,0,engine_rpm,549.000
2026-10-09T10:49:25.811,1,29802,40155272,0,engine_load_pct,11
2026-10-09T10:49:25.821,1,29808,40164710,0,actual_torque_pct,5
2026-10-09T10:49:25.821,1,29808,40164710,0,engine_rpm,550.000
2026-10-09T10:49:25.831,1,29817,40174673,0,actual_torque_pct,5
2026-10-09T10:49:25.831,1,29817,40174673,0,engine_rpm,550.000
2026-10-09T10:49:25.841,1,29826,40184352,39,vehicle_speed_kmh,0.000
2026-10-09T10:49:25.841,1,29827,40184898,0,actual_torque_pct,5
2026-10-09T10:49:25.841,1,29827,40184898,0,engine_rpm,549.000
2026-10-09T10:49:25.851,1,29835,40194664,0,actual_torque_pct,5
2026-10-09T10:49:25.851,1,29835,40194664,0,engine_rpm,549.000
2026-10-09T10:49:25.861,1,29841,40204669,0,actual_torque_pct,5
2026-10-09T10:49:25.861,1,29841,40204669,0,engine_rpm,550.000
2026-10-09T10:49:25.861,1,29842,40205255,0,engine_load_pct,11
2026-10-09T10:49:25.863,1,29844,40206395,0,engine_hours,40.25
2026-10-09T10:49:25.871,1,29850,40214656,0,actual_torque_pct,5
2026-10-09T10:49:25.871,1,29850,40214656,0,engine_rpm,550.000
2026-10-09T10:49:25.872,1,29852,40215812,0,fuel_rate_lph,1.65
2026-10-09T10:49:25.872,1,29852,40215812,0,fuel_econ_inst_kmpl,0.000
2026-10-09T10:49:25.877,1,29854,40220590,39,fuel_level_pct,1.2
2026-10-09T10:49:25.882,1,29860,40224691,0,actual_torque_pct,5
2026-10-09T10:49:25.882,1,29860,40224691,0,engine_rpm,550.000
2026-10-09T10:49:25.892,1,29871,40236004,0,actual_torque_pct,5
2026-10-09T10:49:25.892,1,29871,40236004,0,engine_rpm,550.000
2026-10-09T10:49:25.901,1,29879,40244614,0,actual_torque_pct,5
2026-10-09T10:49:25.901,1,29879,40244614,0,engine_rpm,550.000
2026-10-09T10:49:25.911,1,29884,40254635,0,actual_torque_pct,5
2026-10-09T10:49:25.911,1,29884,40254635,0,engine_rpm,550.000
2026-10-09T10:49:25.911,1,29885,40255217,0,engine_load_pct,11
2026-10-09T10:49:25.921,1,29890,40264643,0,actual_torque_pct,5
2026-10-09T10:49:25.921,1,29890,40264643,0,engine_rpm,550.000
2026-10-09T10:49:25.931,1,29897,40274595,0,actual_torque_pct,5
2026-10-09T10:49:25.931,1,29897,40274595,0,engine_rpm,550.000
2026-10-09T10:49:25.940,1,29906,40284347,39,vehicle_speed_kmh,0.000
2026-10-09T10:49:25.941,1,29907,40284904,0,actual_torque_pct,5
2026-10-09T10:49:25.941,1,29907,40284904,0,engine_rpm,550.000
2026-10-09T10:49:25.951,1,29915,40294632,0,actual_torque_pct,5
2026-10-09T10:49:25.951,1,29915,40294632,0,engine_rpm,550.000
2026-10-09T10:49:25.961,1,29920,40304649,0,actual_torque_pct,5
2026-10-09T10:49:25.961,1,29920,40304649,0,engine_rpm,550.000
2026-10-09T10:49:25.961,1,29921,40305237,0,engine_load_pct,11
2026-10-09T10:49:25.971,1,29927,40314608,0,actual_torque_pct,5
2026-10-09T10:49:25.971,1,29927,40314608,0,engine_rpm,550.000
2026-10-09T10:49:25.971,1,29928,40315186,0,fuel_rate_lph,1.60
2026-10-09T10:49:25.971,1,29928,40315186,0,fuel_econ_inst_kmpl,0.000
2026-10-09T10:49:25.977,1,29930,40320450,39,fuel_level_pct,1.2
2026-10-09T10:49:25.982,1,29936,40325945,0,actual_torque_pct,5
2026-10-09T10:49:25.982,1,29936,40325945,0,engine_rpm,550.000
2026-10-09T10:49:25.991,1,29946,40334891,0,actual_torque_pct,5
2026-10-09T10:49:25.991,1,29946,40334891,0,engine_rpm,550.000
2026-10-09T10:49:26.002,1,29955,40345180,0,actual_torque_pct,5
2026-10-09T10:49:26.002,1,29955,40345180,0,engine_rpm,550.000
2026-10-09T10:49:26.011,1,29960,40354617,0,actual_torque_pct,5
2026-10-09T10:49:26.011,1,29960,40354617,0,engine_rpm,550.000
2026-10-09T10:49:26.011,1,29961,40355202,0,engine_load_pct,11
2026-10-09T10:49:26.021,1,29966,40364595,0,actual_torque_pct,5
2026-10-09T10:49:26.021,1,29966,40364595,0,engine_rpm,550.000
2026-10-09T10:49:26.031,1,29975,40374550,0,actual_torque_pct,5
2026-10-09T10:49:26.031,1,29975,40374550,0,engine_rpm,550.000
2026-10-09T10:49:26.041,1,29984,40384350,39,vehicle_speed_kmh,0.000
2026-10-09T10:49:26.041,1,29985,40384912,0,actual_torque_pct,5
2026-10-09T10:49:26.041,1,29985,40384912,0,engine_rpm,550.000
2026-10-09T10:49:26.051,1,29993,40394554,0,actual_torque_pct,5
2026-10-09T10:49:26.051,1,29993,40394554,0,engine_rpm,550.000
2026-10-09T10:49:26.061,1,29998,40404563,0,actual_torque_pct,5
2026-10-09T10:49:26.061,1,29998,40404563,0,engine_rpm,550.000
2026-10-09T10:49:26.061,1,29999,40405145,0,engine_load_pct,11
2026-10-09T10:49:26.065,1,30001,40409317,0,boost_pressure_kpa,98
2026-10-09T10:49:26.065,1,30001,40409317,0,intake_manifold_temp_c,31
2026-10-09T10:49:26.072,1,30006,40415908,0,actual_torque_pct,5
2026-10-09T10:49:26.072,1,30006,40415908,0,engine_rpm,550.000
2026-10-09T10:49:26.073,1,30008,40417077,0,fuel_rate_lph,1.60
2026-10-09T10:49:26.073,1,30008,40417077,0,fuel_econ_inst_kmpl,0.000
2026-10-09T10:49:26.079,1,30014,40422924,39,fuel_level_pct,1.2
2026-10-09T10:49:26.081,1,30016,40424573,0,actual_torque_pct,5
2026-10-09T10:49:26.081,1,30016,40424573,0,engine_rpm,550.000
2026-10-09T10:49:26.092,1,30027,40435748,0,actual_torque_pct,5
2026-10-09T10:49:26.092,1,30027,40435748,0,engine_rpm,550.000
2026-10-09T10:49:26.101,1,30035,40444515,0,actual_torque_pct,5
2026-10-09T10:49:26.101,1,30035,40444515,0,engine_rpm,550.000
2026-10-09T10:49:26.111,1,30040,40454531,0,actual_torque_pct,5
2026-10-09T10:49:26.111,1,30040,40454531,0,engine_rpm,549.000
2026-10-09T10:49:26.111,1,30041,40455113,0,engine_load_pct,11
2026-10-09T10:49:26.121,1,30046,40464512,0,actual_torque_pct,5
2026-10-09T10:49:26.121,1,30046,40464512,0,engine_rpm,549.000
2026-10-09T10:49:26.131,1,30053,40474526,0,actual_torque_pct,5
2026-10-09T10:49:26.131,1,30053,40474526,0,engine_rpm,549.000
2026-10-09T10:49:26.140,1,30062,40484326,39,vehicle_speed_kmh,0.000
2026-10-09T10:49:26.141,1,30063,40484872,0,actual_torque_pct,5
2026-10-09T10:49:26.141,1,30063,40484872,0,engine_rpm,549.000
2026-10-09T10:49:26.151,1,30071,40494519,0,actual_torque_pct,5
2026-10-09T10:49:26.151,1,30071,40494519,0,engine_rpm,549.000
2026-10-09T10:49:26.161,1,30076,40504531,0,actual_torque_pct,5
2026-10-09T10:49:26.161,1,30076,40504531,0,engine_rpm,549.000
2026-10-09T10:49:26.161,1,30077,40505112,0,engine_load_pct,11
2026-10-09T10:49:26.169,1,30083,40512527,0,oil_pressure_kpa,432
2026-10-09T10:49:26.171,1,30084,40514801,0,actual_torque_pct,5
2026-10-09T10:49:26.171,1,30084,40514801,0,engine_rpm,549.000
2026-10-09T10:49:26.172,1,30085,40515386,0,fuel_rate_lph,1.65
2026-10-09T10:49:26.172,1,30085,40515386,0,fuel_econ_inst_kmpl,0.000
2026-10-09T10:49:26.181,1,30092,40525256,39,fuel_level_pct,1.2
2026-10-09T10:49:26.182,1,30093,40525938,0,actual_torque_pct,5
2026-10-09T10:49:26.182,1,30093,40525938,0,engine_rpm,549.000
2026-10-09T10:49:26.191,1,30103,40534811,0,actual_torque_pct,5
2026-10-09T10:49:26.191,1,30103,40534811,0,engine_rpm,550.000
2026-10-09T10:49:26.201,1,30112,40544843,0,actual_torque_pct,5
2026-10-09T10:49:26.201,1,30112,40544843,0,engine_rpm,549.000
2026-10-09T10:49:26.211,1,30117,40554464,0,actual_torque_pct,5
2026-10-09T10:49:26.211,1,30117,40554464,0,engine_rpm,549.000
2026-10-09T10:49:26.211,1,30118,40555044,0,engine_load_pct,11
2026-10-09T10:49:26.221,1,30123,40564459,0,actual_torque_pct,5
2026-10-09T10:49:26.221,1,30123,40564459,0,engine_rpm,549.000
2026-10-09T10:49:26.231,1,30130,40574454,0,actual_torque_pct,5
2026-10-09T10:49:26.231,1,30130,40574454,0,engine_rpm,549.000
2026-10-09T10:49:26.241,1,30139,40584338,39,vehicle_speed_kmh,0.000
2026-10-09T10:49:26.241,1,30140,40584889,0,actual_torque_pct,5
2026-10-09T10:49:26.241,1,30140,40584889,0,engine_rpm,549.000
2026-10-09T10:49:26.251,1,30148,40594442,0,actual_torque_pct,5
2026-10-09T10:49:26.251,1,30148,40594442,0,engine_rpm,549.000
2026-10-09T10:49:26.261,1,30153,40604453,0,actual_torque_pct,5
2026-10-09T10:49:26.261,1,30153,40604453,0,engine_rpm,550.000
2026-10-09T10:49:26.261,1,30154,40605041,0,engine_load_pct,11
2026-10-09T10:49:26.272,1,30160,40616370,0,actual_torque_pct,5
2026-10-09T10:49:26.272,1,30160,40616370,0,engine_rpm,550.000
2026-10-09T10:49:26.273,1,30161,40616944,0,fuel_rate_lph,1.65
2026-10-09T10:49:26.273,1,30161,40616944,0,fuel_econ_inst_kmpl,0.000
2026-10-09T10:49:26.280,1,30167,40622767,39,fuel_level_pct,1.2
2026-10-09T10:49:26.281,1,30169,40624482,0,actual_torque_pct,5
2026-10-09T10:49:26.281,1,30169,40624482,0,engine_rpm,550.000
2026-10-09T10:49:26.292,1,30180,40635668,0,actual_torque_pct,5
2026-10-09T10:49:26.292,1,30180,40635668,0,engine_rpm,550.000
2026-10-09T10:49:26.301,1,30188,40644390,0,actual_torque_pct,5
2026-10-09T10:49:26.301,1,30188,40644390,0,engine_rpm,550.000
2026-10-09T10:49:26.311,1,30193,40654454,0,actual_torque_pct,5
2026-10-09T10:49:26.311,1,30193,40654454,0,engine_rpm,550.000
2026-10-09T10:49:26.311,1,30194,40655040,0,engine_load_pct,11
2026-10-09T10:49:26.321,1,30199,40664428,0,actual_torque_pct,5
2026-10-09T10:49:26.321,1,30199,40664428,0,engine_rpm,550.000
2026-10-09T10:49:26.331,1,30207,40674385,0,actual_torque_pct,5
2026-10-09T10:49:26.331,1,30207,40674385,0,engine_rpm,550.000
2026-10-09T10:49:26.340,1,30216,40684330,39,vehicle_speed_kmh,0.000
2026-10-09T10:49:26.341,1,30217,40684896,0,actual_torque_pct,5
2026-10-09T10:49:26.341,1,30217,40684896,0,engine_rpm,550.000
2026-10-09T10:49:26.350,1,30225,40694426,0,actual_torque_pct,5
2026-10-09T10:49:26.350,1,30225,40694426,0,engine_rpm,550.000
2026-10-09T10:49:26.361,1,30232,40704492,0,actual_torque_pct,5
2026-10-09T10:49:26.361,1,30232,40704492,0,engine_rpm,550.000
2026-10-09T10:49:26.361,1,30233,40705091,0,engine_load_pct,11
2026-10-09T10:49:26.371,1,30240,40714437,0,actual_torque_pct,5
2026-10-09T10:49:26.371,1,30240,40714437,0,engine_rpm,550.000
2026-10-09T10:49:26.371,1,30241,40715017,0,fuel_rate_lph,1.60
2026-10-09T10:49:26.371,1,30241,40715017,0,fuel_econ_inst_kmpl,0.000
2026-10-09T10:49:26.379,1,30247,40722779,39,fuel_level_pct,1.2
2026-10-09T10:49:26.383,1,30249,40725772,0,actual_torque_pct,5
2026-10-09T10:49:26.383,1,30249,40725772,0,engine_rpm,550.000
2026-10-09T10:49:26.391,1,30259,40734818,0,actual_torque_pct,5
2026-10-09T10:49:26.391,1,30259,40734818,0,engine_rpm,550.000
2026-10-09T10:49:26.401,1,30269,40744731,0,actual_torque_pct,5
2026-10-09T10:49:26.401,1,30269,40744731,0,engine_rpm,550.000
2026-10-09T10:49:26.411,1,30274,40754365,0,actual_torque_pct,5
2026-10-09T10:49:26.411,1,30274,40754365,0,engine_rpm,550.000
2026-10-09T10:49:26.412,1,30275,40754940,0,engine_load_pct,11
2026-10-09T10:49:26.421,1,30280,40764352,0,actual_torque_pct,5
2026-10-09T10:49:26.421,1,30280,40764352,0,engine_rpm,550.000
2026-10-09T10:49:26.430,1,30287,40774361,0,actual_torque_pct,5
2026-10-09T10:49:26.430,1,30287,40774361,0,engine_rpm,550.000
2026-10-09T10:49:26.441,1,30296,40784336,39,vehicle_speed_kmh,0.000
2026-10-09T10:49:26.441,1,30297,40784890,0,actual_torque_pct,5
2026-10-09T10:49:26.441,1,30297,40784890,0,engine_rpm,550.000
2026-10-09T10:49:26.450,1,30305,40794353,0,actual_torque_pct,5
2026-10-09T10:49:26.450,1,30305,40794353,0,engine_rpm,550.000
2026-10-09T10:49:26.460,1,30310,40804343,0,actual_torque_pct,5
2026-10-09T10:49:26.460,1,30310,40804343,0,engine_rpm,550.000
2026-10-09T10:49:26.462,1,30311,40804939,0,engine_load_pct,11
2026-10-09T10:49:26.472,1,30317,40815862,0,actual_torque_pct,5
2026-10-09T10:49:26.472,1,30317,40815862,0,engine_rpm,550.000
2026-10-09T10:49:26.473,1,30318,40816449,0,fuel_rate_lph,1.60
2026-10-09T10:49:26.473,1,30318,40816449,0,fuel_econ_inst_kmpl,0.000
2026-10-09T10:49:26.478,1,30322,40821614,39,fuel_level_pct,1.2
2026-10-09T10:49:26.480,1,30326,40824358,0,actual_torque_pct,5
2026-10-09T10:49:26.480,1,30326,40824358,0,engine_rpm,550.000
2026-10-09T10:49:26.492,1,30337,40835854,0,actual_torque_pct,5
2026-10-09T10:49:26.492,1,30337,40835854,0,engine_rpm,550.000
2026-10-09T10:49:26.500,1,30345,40844294,0,actual_torque_pct,5
2026-10-09T10:49:26.500,1,30345,40844294,0,engine_rpm,550.000
2026-10-09T10:49:26.510,1,30350,40854316,0,actual_torque_pct,5
2026-10-09T10:49:26.510,1,30350,40854316,0,engine_rpm,550.000
2026-10-09T10:49:26.511,1,30351,40854895,0,engine_load_pct,11
2026-10-09T10:49:26.520,1,30356,40864325,0,actual_torque_pct,5
2026-10-09T10:49:26.520,1,30356,40864325,0,engine_rpm,550.000
2026-10-09T10:49:26.530,1,30363,40874302,0,actual_torque_pct,5
2026-10-09T10:49:26.530,1,30363,40874302,0,engine_rpm,550.000
2026-10-09T10:49:26.541,1,30372,40884329,0,actual_torque_pct,5
2026-10-09T10:49:26.541,1,30372,40884329,0,engine_rpm,550.000
2026-10-09T10:49:26.541,1,30373,40884882,39,vehicle_speed_kmh,0.000
2026-10-09T10:49:26.550,1,30381,40894324,0,actual_torque_pct,5
2026-10-09T10:49:26.550,1,30381,40894324,0,engine_rpm,550.000
2026-10-09T10:49:26.560,1,30386,40904359,0,actual_torque_pct,5
2026-10-09T10:49:26.560,1,30386,40904359,0,engine_rpm,550.000
2026-10-09T10:49:26.561,1,30387,40904961,0,engine_load_pct,11
2026-10-09T10:49:26.569,1,30394,40912525,0,boost_pressure_kpa,98
2026-10-09T10:49:26.569,1,30394,40912525,0,intake_manifold_temp_c,31
2026-10-09T10:49:26.570,1,30395,40914302,0,actual_torque_pct,5
2026-10-09T10:49:26.570,1,30395,40914302,0,engine_rpm,550.000
2026-10-09T10:49:26.572,1,30398,40916019,0,fuel_rate_lph,1.60
2026-10-09T10:49:26.572,1,30398,40916019,0,fuel_econ_inst_kmpl,0.000
2026-10-09T10:49:26.579,1,30404,40922913,39,fuel_level_pct,1.2
2026-10-09T10:49:26.582,1,30406,40925730,0,actual_torque_pct,5
2026-10-09T10:49:26.582,1,30406,40925730,0,engine_rpm,550.000
2026-10-09T10:49:26.591,1,30416,40934832,0,actual_torque_pct,5
2026-10-09T10:49:26.591,1,30416,40934832,0,engine_rpm,550.000
2026-10-09T10:49:26.600,1,30425,40944293,0,actual_torque_pct,5
2026-10-09T10:49:26.600,1,30425,40944293,0,engine_rpm,550.000
2026-10-09T10:49:26.610,1,30430,40954254,0,actual_torque_pct,5
2026-10-09T10:49:26.610,1,30430,40954254,0,engine_rpm,550.000
2026-10-09T10:49:26.611,1,30431,40954838,0,engine_load_pct,11
2026-10-09T10:49:26.620,1,30437,40964260,0,actual_torque_pct,5
2026-10-09T10:49:26.620,1,30437,40964260,0,engine_rpm,550.000
2026-10-09T10:49:26.630,1,30444,40974308,0,actual_torque_pct,5
2026-10-09T10:49:26.630,1,30444,40974308,0,engine_rpm,550.000
2026-10-09T10:49:26.640,1,30453,40984318,0,actual_torque_pct,5
2026-10-09T10:49:26.640,1,30453,40984318,0,engine_rpm,550.000
2026-10-09T10:49:26.642,1,30454,40984886,39,vehicle_speed_kmh,0.000
2026-10-09T10:49:26.650,1,30462,40994237,0,actual_torque_pct,5
2026-10-09T10:49:26.650,1,30462,40994237,0,engine_rpm,550.000
2026-10-09T10:49:26.660,1,30467,41004244,0,actual_torque_pct,5
2026-10-09T10:49:26.660,1,30467,41004244,0,engine_rpm,550.000
2026-10-09T10:49:26.661,1,30468,41004829,0,engine_load_pct,11
2026-10-09T10:49:26.666,1,30470,41009001,0,oil_pressure_kpa,432
2026-10-09T10:49:26.672,1,30475,41015553,0,actual_torque_pct,5
2026-10-09T10:49:26.672,1,30475,41015553,0,engine_rpm,550.000
2026-10-09T10:49:26.674,1,30479,41017852,0,fuel_rate_lph,1.60
2026-10-09T10:49:26.674,1,30479,41017852,0,fuel_econ_inst_kmpl,0.000
2026-10-09T10:49:26.679,1,30484,41022778,39,fuel_level_pct,1.2
2026-10-09T10:49:26.680,1,30486,41024242,0,actual_torque_pct,5
2026-10-09T10:49:26.680,1,30486,41024242,0,engine_rpm,550.000
2026-10-09T10:49:26.693,1,30498,41035412,0,actual_torque_pct,5
2026-10-09T10:49:26.693,1,30498,41035412,0,engine_rpm,550.000
2026-10-09T10:49:26.700,1,30506,41044187,0,actual_torque_pct,5
2026-10-09T10:49:26.700,1,30506,41044187,0,engine_rpm,550.000
2026-10-09T10:49:26.710,1,30511,41054206,0,actual_torque_pct,5
2026-10-09T10:49:26.710,1,30511,41054206,0,engine_rpm,551.000
2026-10-09T10:49:26.711,1,30512,41054804,0,engine_load_pct,11
2026-10-09T10:49:26.720,1,30518,41064231,0,actual_torque_pct,5
2026-10-09T10:49:26.720,1,30518,41064231,0,engine_rpm,551.000
2026-10-09T10:49:26.730,1,30527,41074308,0,actual_torque_pct,5
2026-10-09T10:49:26.730,1,30527,41074308,0,engine_rpm,551.000
2026-10-09T10:49:26.741,1,30536,41084318,0,actual_torque_pct,5
2026-10-09T10:49:26.741,1,30536,41084318,0,engine_rpm,551.000
2026-10-09T10:49:26.741,1,30537,41084908,39,vehicle_speed_kmh,0.000
2026-10-09T10:49:26.751,1,30545,41094196,0,actual_torque_pct,5
2026-10-09T10:49:26.751,1,30545,41094196,0,engine_rpm,551.000
2026-10-09T10:49:26.762,1,30550,41105643,0,actual_torque_pct,5
2026-10-09T10:49:26.762,1,30550,41105643,0,engine_rpm,551.000
2026-10-09T10:49:26.762,1,30551,41106248,0,engine_load_pct,11
2026-10-09T10:49:26.769,1,30557,41112510,0,coolant_temp_c,32
2026-10-09T10:49:26.769,1,30557,41112510,0,fuel_temp_c,31
2026-10-09T10:49:26.769,1,30557,41112510,0,oil_temp_c,32.38
2026-10-09T10:49:26.770,1,30558,41114183,0,actual_torque_pct,5
2026-10-09T10:49:26.770,1,30558,41114183,0,engine_rpm,551.000
2026-10-09T10:49:26.772,1,30561,41115895,0,fuel_rate_lph,1.60
2026-10-09T10:49:26.772,1,30561,41115895,0,fuel_econ_inst_kmpl,0.000
2026-10-09T10:49:26.778,1,30565,41121711,39,fuel_level_pct,1.2
2026-10-09T10:49:26.781,1,30569,41125437,0,actual_torque_pct,5
2026-10-09T10:49:26.781,1,30569,41125437,0,engine_rpm,552.000
2026-10-09T10:49:26.791,1,30578,41134239,0,actual_torque_pct,5
2026-10-09T10:49:26.791,1,30578,41134239,0,engine_rpm,552.000
2026-10-09T10:49:26.800,1,30588,41144175,0,actual_torque_pct,5
2026-10-09T10:49:26.800,1,30588,41144175,0,engine_rpm,551.000
2026-10-09T10:49:26.810,1,30593,41154146,0,actual_torque_pct,5
2026-10-09T10:49:26.810,1,30593,41154146,0,engine_rpm,551.000
2026-10-09T10:49:26.811,1,30594,41154726,0,engine_load_pct,11
2026-10-09T10:49:26.820,1,30600,41164169,0,actual_torque_pct,5
2026-10-09T10:49:26.820,1,30600,41164169,0,engine_rpm,551.000
2026-10-09T10:49:26.830,1,30609,41174295,0,actual_torque_pct,5
2026-10-09T10:49:26.830,1,30609,41174295,0,engine_rpm,551.000
2026-10-09T10:49:26.841,1,30618,41184351,0,actual_torque_pct,5
2026-10-09T10:49:26.841,1,30618,41184351,0,engine_rpm,550.000
2026-10-09T10:49:26.841,1,30619,41184918,39,vehicle_speed_kmh,0.000
2026-10-09T10:49:26.850,1,30627,41194161,0,actual_torque_pct,5
2026-10-09T10:49:26.850,1,30627,41194161,0,engine_rpm,550.000
2026-10-09T10:49:26.860,1,30633,41204128,0,actual_torque_pct,5
2026-10-09T10:49:26.860,1,30633,41204128,0,engine_rpm,550.000
2026-10-09T10:49:26.861,1,30634,41204730,0,engine_load_pct,11
2026-10-09T10:49:26.872,1,30641,41215559,0,actual_torque_pct,5
2026-10-09T10:49:26.872,1,30641,41215559,0,engine_rpm,550.000
2026-10-09T10:49:26.873,1,30643,41216702,0,engine_hours,40.25
2026-10-09T10:49:26.874,1,30645,41217878,0,fuel_rate_lph,1.60
2026-10-09T10:49:26.874,1,30645,41217878,0,fuel_econ_inst_kmpl,0.000
2026-10-09T10:49:26.879,1,30650,41223110,39,fuel_level_pct,1.2
2026-10-09T10:49:26.880,1,30652,41224261,0,actual_torque_pct,5
2026-10-09T10:49:26.880,1,30652,41224261,0,engine_rpm,550.000
2026-10-09T10:49:26.890,1,30661,41234282,0,actual_torque_pct,5
2026-10-09T10:49:26.890,1,30661,41234282,0,engine_rpm,550.000
2026-10-09T10:49:26.900,1,30671,41244106,0,actual_torque_pct,5
2026-10-09T10:49:26.900,1,30671,41244106,0,engine_rpm,550.000
2026-10-09T10:49:26.911,1,30676,41254096,0,actual_torque_pct,5
2026-10-09T10:49:26.911,1,30676,41254096,0,engine_rpm,550.000
2026-10-09T10:49:26.912,1,30677,41254672,0,engine_load_pct,11
2026-10-09T10:49:26.921,1,30682,41264101,0,actual_torque_pct,5
2026-10-09T10:49:26.921,1,30682,41264101,0,engine_rpm,550.000
2026-10-09T10:49:26.930,1,30689,41274297,0,actual_torque_pct,5
2026-10-09T10:49:26.930,1,30689,41274297,0,engine_rpm,550.000
2026-10-09T10:49:26.940,1,30698,41284336,0,actual_torque_pct,5
2026-10-09T10:49:26.940,1,30698,41284336,0,engine_rpm,550.000
2026-10-09T10:49:26.941,1,30699,41284901,39,vehicle_speed_kmh,0.000
2026-10-09T10:49:26.951,1,30707,41294099,0,actual_torque_pct,5
2026-10-09T10:49:26.951,1,30707,41294099,0,engine_rpm,550.000
2026-10-09T10:49:26.962,1,30712,41305429,0,actual_torque_pct,5
2026-10-09T10:49:26.962,1,30712,41305429,0,engine_rpm,550.000
2026-10-09T10:49:26.962,1,30713,41306009,0,engine_load_pct,11
2026-10-09T10:49:26.971,1,30719,41314330,0,actual_torque_pct,5
2026-10-09T10:49:26.971,1,30719,41314330,0,engine_rpm,550.000
2026-10-09T10:49:26.972,1,30720,41314914,0,fuel_rate_lph,1.60
2026-10-09T10:49:26.972,1,30720,41314914,0,fuel_econ_inst_kmpl,0.000
2026-10-09T10:49:26.978,1,30724,41321644,39,fuel_level_pct,1.2
2026-10-09T10:49:26.981,1,30728,41325157,0,actual_torque_pct,5
2026-10-09T10:49:26.981,1,30728,41325157,0,engine_rpm,549.000
2026-10-09T10:49:26.990,1,30737,41334269,0,actual_torque_pct,5
2026-10-09T10:49:26.990,1,30737,41334269,0,engine_rpm,549.000
2026-10-09T10:49:27.000,1,30747,41344070,0,actual_torque_pct,5
2026-10-09T10:49:27.000,1,30747,41344070,0,engine_rpm,549.000
2026-10-09T10:49:27.010,1,30752,41354039,0,actual_torque_pct,5
2026-10-09T10:49:27.010,1,30752,41354039,0,engine_rpm,549.000
2026-10-09T10:49:27.011,1,30753,41354617,0,engine_load_pct,11
2026-10-09T10:49:27.021,1,30758,41364026,0,actual_torque_pct,5
2026-10-09T10:49:27.021,1,30758,41364026,0,engine_rpm,549.000
2026-10-09T10:49:27.030,1,30767,41374290,0,actual_torque_pct,5
2026-10-09T10:49:27.030,1,30767,41374290,0,engine_rpm,549.000
2026-10-09T10:49:27.040,1,30776,41384331,0,actual_torque_pct,5
2026-10-09T10:49:27.040,1,30776,41384331,0,engine_rpm,549.000
2026-10-09T10:49:27.041,1,30777,41384894,39,vehicle_speed_kmh,0.000
2026-10-09T10:49:27.051,1,30785,41394018,0,actual_torque_pct,5
2026-10-09T10:49:27.051,1,30785,41394018,0,engine_rpm,549.000
2026-10-09T10:49:27.060,1,30790,41404009,0,actual_torque_pct,5
2026-10-09T10:49:27.060,1,30790,41404009,0,engine_rpm,550.000
2026-10-09T10:49:27.061,1,30791,41404605,0,engine_load_pct,11
2026-10-09T10:49:27.065,1,30793,41408786,0,boost_pressure_kpa,98
2026-10-09T10:49:27.065,1,30793,41408786,0,intake_manifold_temp_c,31
2026-10-09T10:49:27.072,1,30798,41415312,0,actual_torque_pct,5
2026-10-09T10:49:27.072,1,30798,41415312,0,engine_rpm,550.000
2026-10-09T10:49:27.073,1,30800,41416473,0,fuel_rate_lph,1.65
2026-10-09T10:49:27.073,1,30800,41416473,0,fuel_econ_inst_kmpl,0.000
2026-10-09T10:49:27.079,1,30806,41422897,39,fuel_level_pct,1.2
2026-10-09T10:49:27.080,1,30808,41424267,0,actual_torque_pct,5
2026-10-09T10:49:27.080,1,30808,41424267,0,engine_rpm,550.000
2026-10-09T10:49:27.090,1,30817,41434267,0,actual_torque_pct,5
2026-10-09T10:49:27.090,1,30817,41434267,0,engine_rpm,550.000
2026-10-09T10:49:27.100,1,30827,41443986,0,actual_torque_pct,5
2026-10-09T10:49:27.100,1,30827,41443986,0,engine_rpm,550.000
2026-10-09T10:49:27.110,1,30832,41453999,0,actual_torque_pct,5
2026-10-09T10:49:27.110,1,30832,41453999,0,engine_rpm,550.000
2026-10-09T10:49:27.111,1,30833,41454587,0,engine_load_pct,11
2026-10-09T10:49:27.120,1,30838,41464011,0,actual_torque_pct,5
2026-10-09T10:49:27.120,1,30838,41464011,0,engine_rpm,550.000
2026-10-09T10:49:27.130,1,30845,41474303,0,actual_torque_pct,5
2026-10-09T10:49:27.130,1,30845,41474303,0,engine_rpm,550.000
2026-10-09T10:49:27.140,1,30854,41484310,0,actual_torque_pct,5
2026-10-09T10:49:27.140,1,30854,41484310,0,engine_rpm,550.000
2026-10-09T10:49:27.141,1,30855,41484891,39,vehicle_speed_kmh,0.000
2026-10-09T10:49:27.150,1,30863,41494001,0,actual_torque_pct,5
2026-10-09T10:49:27.150,1,30863,41494001,0,engine_rpm,551.000
2026-10-09T10:49:27.161,1,30868,41505445,0,actual_torque_pct,5
2026-10-09T10:49:27.161,1,30868,41505445,0,engine_rpm,551.000
2026-10-09T10:49:27.162,1,30869,41506023,0,engine_load_pct,11
2026-10-09T10:49:27.166,1,30871,41510080,0,oil_pressure_kpa,428
2026-10-09T10:49:27.170,1,30876,41513962,0,actual_torque_pct,5
2026-10-09T10:49:27.170,1,30876,41513962,0,engine_rpm,551.000
2026-10-09T10:49:27.171,1,30877,41514566,0,fuel_rate_lph,1.60
2026-10-09T10:49:27.171,1,30877,41514566,0,fuel_econ_inst_kmpl,0.000
2026-10-09T10:49:27.182,1,30884,41524779,0,actual_torque_pct,5
2026-10-09T10:49:27.182,1,30884,41524779,0,engine_rpm,551.000
2026-10-09T10:49:27.182,1,30886,41525927,39,fuel_level_pct,1.2
2026-10-09T10:49:27.190,1,30894,41534261,0,actual_torque_pct,5
2026-10-09T10:49:27.190,1,30894,41534261,0,engine_rpm,551.000
2026-10-09T10:49:27.201,1,30904,41543986,0,actual_torque_pct,5
2026-10-09T10:49:27.201,1,30904,41543986,0,engine_rpm,550.000
2026-10-09T10:49:27.210,1,30909,41553914,0,actual_torque_pct,5
2026-10-09T10:49:27.210,1,30909,41553914,0,engine_rpm,550.000
2026-10-09T10:49:27.211,1,30910,41554509,0,engine_load_pct,11
2026-10-09T10:49:27.220,1,30915,41563939,0,actual_torque_pct,5
2026-10-09T10:49:27.220,1,30915,41563939,0,engine_rpm,550.000
2026-10-09T10:49:27.230,1,30922,41574323,0,actual_torque_pct,5
2026-10-09T10:49:27.230,1,30922,41574323,0,engine_rpm,550.000
2026-10-09T10:49:27.240,1,30931,41584314,0,actual_torque_pct,5
2026-10-09T10:49:27.240,1,30931,41584314,0,engine_rpm,550.000
2026-10-09T10:49:27.241,1,30932,41584881,39,vehicle_speed_kmh,0.000
2026-10-09T10:49:27.250,1,30940,41593928,0,actual_torque_pct,5
2026-10-09T10:49:27.250,1,30940,41593928,0,engine_rpm,550.000
2026-10-09T10:49:27.260,1,30945,41603922,0,actual_torque_pct,5
2026-10-09T10:49:27.260,1,30945,41603922,0,engine_rpm,550.000
2026-10-09T10:49:27.261,1,30946,41604503,0,engine_load_pct,11
2026-10-09T10:49:27.271,1,30952,41615312,0,actual_torque_pct,5
2026-10-09T10:49:27.271,1,30952,41615312,0,engine_rpm,550.000
2026-10-09T10:49:27.272,1,30953,41615898,0,fuel_rate_lph,1.60
2026-10-09T10:49:27.272,1,30953,41615898,0,fuel_econ_inst_kmpl,0.000
2026-10-09T10:49:27.278,1,30957,41621630,39,fuel_level_pct,1.2
2026-10-09T10:49:27.280,1,30961,41624279,0,actual_torque_pct,5
2026-10-09T10:49:27.280,1,30961,41624279,0,engine_rpm,550.000
2026-10-09T10:49:27.290,1,30970,41634249,0,actual_torque_pct,5
2026-10-09T10:49:27.290,1,30970,41634249,0,engine_rpm,551.000
2026-10-09T10:49:27.300,1,30980,41643864,0,actual_torque_pct,5
2026-10-09T10:49:27.300,1,30980,41643864,0,engine_rpm,551.000
2026-10-09T10:49:27.310,1,30985,41653870,0,actual_torque_pct,5
2026-10-09T10:49:27.310,1,30985,41653870,0,engine_rpm,550.000
2026-10-09T10:49:27.311,1,30986,41654473,0,engine_load_pct,11
2026-10-09T10:49:27.320,1,30991,41663896,0,actual_torque_pct,5
2026-10-09T10:49:27.320,1,30991,41663896,0,engine_rpm,550.000
2026-10-09T10:49:27.330,1,30999,41674350,0,actual_torque_pct,5
2026-10-09T10:49:27.330,1,30999,41674350,0,engine_rpm,550.000
2026-10-09T10:49:27.341,1,31008,41684313,0,actual_torque_pct,5
2026-10-09T10:49:27.341,1,31008,41684313,0,engine_rpm,550.000
2026-10-09T10:49:27.341,1,31009,41684904,39,vehicle_speed_kmh,0.000
2026-10-09T10:49:27.350,1,31017,41693885,0,actual_torque_pct,5
2026-10-09T10:49:27.350,1,31017,41693885,0,engine_rpm,551.000
2026-10-09T10:49:27.362,1,31024,41705940,0,actual_torque_pct,5
2026-10-09T10:49:27.362,1,31024,41705940,0,engine_rpm,551.000
2026-10-09T10:49:27.363,1,31025,41706525,0,engine_load_pct,11
2026-10-09T10:49:27.370,1,31031,41713886,0,actual_torque_pct,5
2026-10-09T10:49:27.370,1,31031,41713886,0,engine_rpm,551.000
2026-10-09T10:49:27.371,1,31033,41715066,0,fuel_rate_lph,1.60
2026-10-09T10:49:27.371,1,31033,41715066,0,fuel_econ_inst_kmpl,0.000
2026-10-09T10:49:27.378,1,31037,41721642,39,fuel_level_pct,1.2
2026-10-09T10:49:27.380,1,31041,41724296,0,actual_torque_pct,5
2026-10-09T10:49:27.380,1,31041,41724296,0,engine_rpm,551.000
2026-10-09T10:49:27.390,1,31050,41734263,0,actual_torque_pct,5
2026-10-09T10:49:27.390,1,31050,41734263,0,engine_rpm,551.000
2026-10-09T10:49:27.400,1,31061,41743930,0,actual_torque_pct,5
2026-10-09T10:49:27.400,1,31061,41743930,0,engine_rpm,551.000
2026-10-09T10:49:27.410,1,31066,41753837,0,actual_torque_pct,5
2026-10-09T10:49:27.410,1,31066,41753837,0,engine_rpm,551.000
2026-10-09T10:49:27.411,1,31067,41754447,0,engine_load_pct,11
2026-10-09T10:49:27.420,1,31072,41763812,0,actual_torque_pct,5
2026-10-09T10:49:27.420,1,31072,41763812,0,engine_rpm,551.000
2026-10-09T10:49:27.430,1,31079,41774338,0,actual_torque_pct,5
2026-10-09T10:49:27.430,1,31079,41774338,0,engine_rpm,551.000
2026-10-09T10:49:27.440,1,31088,41784314,0,actual_torque_pct,5
2026-10-09T10:49:27.440,1,31088,41784314,0,engine_rpm,551.000
2026-10-09T10:49:27.442,1,31089,41784881,39,vehicle_speed_kmh,0.000
2026-10-09T10:49:27.452,1,31097,41795234,0,actual_torque_pct,5
2026-10-09T10:49:27.452,1,31097,41795234,0,engine_rpm,551.000
2026-10-09T10:49:27.460,1,31102,41803823,0,actual_torque_pct,5
2026-10-09T10:49:27.460,1,31102,41803823,0,engine_rpm,551.000
2026-10-09T10:49:27.461,1,31103,41804411,0,engine_load_pct,11
2026-10-09T10:49:27.471,1,31109,41814829,0,actual_torque_pct,5
2026-10-09T10:49:27.471,1,31109,41814829,0,engine_rpm,550.000
2026-10-09T10:49:27.472,1,31110,41815409,0,fuel_rate_lph,1.60
2026-10-09T10:49:27.472,1,31110,41815409,0,fuel_econ_inst_kmpl,0.000
2026-10-09T10:49:27.478,1,31114,41821628,39,fuel_level_pct,1.2
2026-10-09T10:49:27.480,1,31118,41824286,0,actual_torque_pct,5
2026-10-09T10:49:27.480,1,31118,41824286,0,engine_rpm,550.000
2026-10-09T10:49:27.490,1,31127,41834264,0,actual_torque_pct,5
2026-10-09T10:49:27.490,1,31127,41834264,0,engine_rpm,551.000
2026-10-09T10:49:27.500,1,31137,41843767,0,actual_torque_pct,5
2026-10-09T10:49:27.500,1,31137,41843767,0,engine_rpm,551.000
2026-10-09T10:49:27.510,1,31142,41853805,0,actual_torque_pct,5
2026-10-09T10:49:27.510,1,31142,41853805,0,engine_rpm,551.000
2026-10-09T10:49:27.511,1,31143,41854388,0,engine_load_pct,11
2026-10-09T10:49:27.520,1,31148,41863781,0,actual_torque_pct,5
2026-10-09T10:49:27.520,1,31148,41863781,0,engine_rpm,551.000
2026-10-09T10:49:27.530,1,31154,41873764,0,actual_torque_pct,5
2026-10-09T10:49:27.530,1,31154,41873764,0,engine_rpm,551.000
2026-10-09T10:49:27.540,1,31164,41884320,0,actual_torque_pct,5
2026-10-09T10:49:27.540,1,31164,41884320,0,engine_rpm,551.000
2026-10-09T10:49:27.541,1,31165,41884881,39,vehicle_speed_kmh,0.000
2026-10-09T10:49:27.550,1,31173,41893773,0,actual_torque_pct,5
2026-10-09T10:49:27.550,1,31173,41893773,0,engine_rpm,550.000
2026-10-09T10:49:27.561,1,31178,41905402,0,actual_torque_pct,5
2026-10-09T10:49:27.561,1,31178,41905402,0,engine_rpm,550.000
2026-10-09T10:49:27.562,1,31179,41905999,0,engine_load_pct,11
2026-10-09T10:49:27.566,1,31182,41910164,0,boost_pressure_kpa,98
2026-10-09T10:49:27.566,1,31182,41910164,0,intake_manifold_temp_c,31
2026-10-09T10:49:27.570,1,31187,41913971,0,actual_torque_pct,5
2026-10-09T10:49:27.570,1,31187,41913971,0,engine_rpm,550.000
2026-10-09T10:49:27.572,1,31190,41915685,0,fuel_rate_lph,1.60
2026-10-09T10:49:27.572,1,31190,41915685,0,fuel_econ_inst_kmpl,0.000
2026-10-09T10:49:27.579,1,31196,41922772,39,fuel_level_pct,1.2
2026-10-09T10:49:27.580,1,31198,41924296,0,actual_torque_pct,5
2026-10-09T10:49:27.580,1,31198,41924296,0,engine_rpm,551.000
2026-10-09T10:49:27.590,1,31207,41934255,0,actual_torque_pct,5
2026-10-09T10:49:27.590,1,31207,41934255,0,engine_rpm,551.000
2026-10-09T10:49:27.600,1,31217,41943744,0,actual_torque_pct,5
2026-10-09T10:49:27.600,1,31217,41943744,0,engine_rpm,550.000
2026-10-09T10:49:27.610,1,31222,41953718,0,actual_torque_pct,5
2026-10-09T10:49:27.610,1,31222,41953718,0,engine_rpm,550.000
2026-10-09T10:49:27.610,1,31223,41954299,0,engine_load_pct,11
2026-10-09T10:49:27.620,1,31229,41963733,0,actual_torque_pct,5
2026-10-09T10:49:27.620,1,31229,41963733,0,engine_rpm,550.000
2026-10-09T10:49:27.630,1,31235,41973696,0,actual_torque_pct,5
2026-10-09T10:49:27.630,1,31235,41973696,0,engine_rpm,550.000
2026-10-09T10:49:27.640,1,31244,41983768,0,actual_torque_pct,5
2026-10-09T10:49:27.640,1,31244,41983768,0,engine_rpm,550.000
2026-10-09T10:49:27.641,1,31246,41984892,39,vehicle_speed_kmh,0.000
2026-10-09T10:49:27.651,1,31254,41995010,0,actual_torque_pct,5
2026-10-09T10:49:27.651,1,31254,41995010,0,engine_rpm,550.000
2026-10-09T10:49:27.660,1,31259,42003744,0,actual_torque_pct,5
2026-10-09T10:49:27.660,1,31259,42003744,0,engine_rpm,551.000
2026-10-09T10:49:27.660,1,31260,42004325,0,engine_load_pct,11
2026-10-09T10:49:27.665,1,31262,42008521,0,oil_pressure_kpa,432
2026-10-09T10:49:27.671,1,31267,42014293,0,actual_torque_pct,5
2026-10-09T10:49:27.671,1,31267,42014293,0,engine_rpm,551.000
2026-10-09T10:49:27.672,1,31270,42016029,0,fuel_rate_lph,1.60
2026-10-09T10:49:27.672,1,31270,42016029,0,fuel_econ_inst_kmpl,0.000
2026-10-09T10:49:27.679,1,31276,42022775,39,fuel_level_pct,1.2
2026-10-09T10:49:27.680,1,31277,42023726,0,actual_torque_pct,5
2026-10-09T10:49:27.680,1,31277,42023726,0,engine_rpm,551.000
2026-10-09T10:49:27.691,1,31287,42033671,0,actual_torque_pct,5
2026-10-09T10:49:27.691,1,31287,42033671,0,engine_rpm,551.000
2026-10-09T10:49:27.700,1,31298,42043657,0,actual_torque_pct,5
2026-10-09T10:49:27.700,1,31298,42043657,0,engine_rpm,551.000
2026-10-09T10:49:27.710,1,31303,42053688,0,actual_torque_pct,5
2026-10-09T10:49:27.710,1,31303,42053688,0,engine_rpm,551.000
2026-10-09T10:49:27.710,1,31304,42054273,0,engine_load_pct,11
2026-10-09T10:49:27.720,1,31310,42063706,0,actual_torque_pct,5
2026-10-09T10:49:27.720,1,31310,42063706,0,engine_rpm,551.000
2026-10-09T10:49:27.730,1,31318,42073650,0,actual_torque_pct,5
2026-10-09T10:49:27.730,1,31318,42073650,0,engine_rpm,551.000
2026-10-09T10:49:27.740,1,31328,42084334,39,vehicle_speed_kmh,0.000
2026-10-09T10:49:27.742,1,31330,42085495,0,actual_torque_pct,5
2026-10-09T10:49:27.742,1,31330,42085495,0,engine_rpm,551.000
2026-10-09T10:49:27.750,1,31337,42093706,0,actual_torque_pct,5
2026-10-09T10:49:27.750,1,31337,42093706,0,engine_rpm,551.000
2026-10-09T10:49:27.761,1,31342,42104902,0,actual_torque_pct,5
2026-10-09T10:49:27.761,1,31342,42104902,0,engine_rpm,551.000
2026-10-09T10:49:27.762,1,31343,42105482,0,engine_load_pct,11
2026-10-09T10:49:27.766,1,31345,42109514,0,coolant_temp_c,32
2026-10-09T10:49:27.766,1,31345,42109514,0,fuel_temp_c,31
2026-10-09T10:49:27.766,1,31345,42109514,0,oil_temp_c,32.38
2026-10-09T10:49:27.770,1,31350,42113843,0,actual_torque_pct,5
2026-10-09T10:49:27.770,1,31350,42113843,0,engine_rpm,551.000
2026-10-09T10:49:27.772,1,31353,42115559,0,fuel_rate_lph,1.60
2026-10-09T10:49:27.772,1,31353,42115559,0,fuel_econ_inst_kmpl,0.000
2026-10-09T10:49:27.778,1,31357,42121731,39,fuel_level_pct,1.2
2026-10-09T10:49:27.780,1,31360,42123617,0,actual_torque_pct,5
2026-10-09T10:49:27.780,1,31360,42123617,0,engine_rpm,551.000
2026-10-09T10:49:27.790,1,31369,42133671,0,actual_torque_pct,5
2026-10-09T10:49:27.790,1,31369,42133671,0,engine_rpm,551.000
2026-10-09T10:49:27.800,1,31380,42143926,0,actual_torque_pct,5
2026-10-09T10:49:27.800,1,31380,42143926,0,engine_rpm,551.000
2026-10-09T10:49:27.810,1,31385,42153639,0,actual_torque_pct,5
2026-10-09T10:49:27.810,1,31385,42153639,0,engine_rpm,551.000
2026-10-09T10:49:27.810,1,31386,42154226,0,engine_load_pct,11
2026-10-09T10:49:27.820,1,31392,42163615,0,actual_torque_pct,5
2026-10-09T10:49:27.820,1,31392,42163615,0,engine_rpm,551.000
2026-10-09T10:49:27.830,1,31400,42173613,0,actual_torque_pct,5
2026-10-09T10:49:27.830,1,31400,42173613,0,engine_rpm,551.000
2026-10-09T10:49:27.840,1,31409,42183774,0,actual_torque_pct,5
2026-10-09T10:49:27.840,1,31409,42183774,0,engine_rpm,551.000
2026-10-09T10:49:27.841,1,31411,42184926,39,vehicle_speed_kmh,0.000
2026-10-09T10:49:27.851,1,31419,42194977,0,actual_torque_pct,5
2026-10-09T10:49:27.851,1,31419,42194977,0,engine_rpm,551.000
2026-10-09T10:49:27.860,1,31425,42203592,0,actual_torque_pct,5
2026-10-09T10:49:27.860,1,31425,42203592,0,engine_rpm,550.000
2026-10-09T10:49:27.860,1,31426,42204192,0,engine_load_pct,11
2026-10-09T10:49:27.870,1,31433,42213601,0,actual_torque_pct,5
2026-10-09T10:49:27.870,1,31433,42213601,0,engine_rpm,550.000
2026-10-09T10:49:27.871,1,31435,42214740,0,engine_hours,40.25
2026-10-09T10:49:27.871,1,31436,42215337,0,fuel_rate_lph,1.60
2026-10-09T10:49:27.871,1,31436,42215337,0,fuel_econ_inst_kmpl,0.000
2026-10-09T10:49:27.878,1,31440,42221794,39,fuel_level_pct,1.2
2026-10-09T10:49:27.880,1,31443,42223592,0,actual_torque_pct,5
2026-10-09T10:49:27.880,1,31443,42223592,0,engine_rpm,550.000
2026-10-09T10:49:27.890,1,31452,42233684,0,actual_torque_pct,5
2026-10-09T10:49:27.890,1,31452,42233684,0,engine_rpm,550.000
2026-10-09T10:49:27.900,1,31463,42243550,0,actual_torque_pct,5
2026-10-09T10:49:27.900,1,31463,42243550,0,engine_rpm,550.000
2026-10-09T10:49:27.910,1,31468,42253576,0,actual_torque_pct,5
2026-10-09T10:49:27.910,1,31468,42253576,0,engine_rpm,549.000
2026-10-09T10:49:27.910,1,31469,42254164,0,engine_load_pct,11
2026-10-09T10:49:27.920,1,31474,42263935,0,actual_torque_pct,5
2026-10-09T10:49:27.920,1,31474,42263935,0,engine_rpm,549.000
2026-10-09T10:49:27.930,1,31480,42273556,0,actual_torque_pct,5
2026-10-09T10:49:27.930,1,31480,42273556,0,engine_rpm,550.000
2026-10-09T10:49:27.940,1,31490,42284353,39,vehicle_speed_kmh,0.000
2026-10-09T10:49:27.941,1,31491,42284920,0,actual_torque_pct,5
2026-10-09T10:49:27.941,1,31491,42284920,0,engine_rpm,550.000
2026-10-09T10:49:27.950,1,31499,42293564,0,actual_torque_pct,5
2026-10-09T10:49:27.950,1,31499,42293564,0,engine_rpm,550.000
2026-10-09T10:49:27.961,1,31504,42304532,0,actual_torque_pct,5
2026-10-09T10:49:27.961,1,31504,42304532,0,engine_rpm,550.000
2026-10-09T10:49:27.961,1,31505,42305099,0,engine_load_pct,11
2026-10-09T10:49:27.970,1,31511,42313507,0,actual_torque_pct,5
2026-10-09T10:49:27.970,1,31511,42313507,0,engine_rpm,550.000
2026-10-09T10:49:27.970,1,31512,42314089,0,fuel_rate_lph,1.60
2026-10-09T10:49:27.970,1,31512,42314089,0,fuel_econ_inst_kmpl,0.000
2026-10-09T10:49:27.979,1,31518,42322794,39,fuel_level_pct,1.2
2026-10-09T10:49:27.980,1,31519,42323525,0,actual_torque_pct,5
2026-10-09T10:49:27.980,1,31519,42323525,0,engine_rpm,550.000
2026-10-09T10:49:27.990,1,31528,42333692,0,actual_torque_pct,5
2026-10-09T10:49:27.990,1,31528,42333692,0,engine_rpm,550.000
2026-10-09T10:49:28.000,1,31539,42343535,0,actual_torque_pct,5
2026-10-09T10:49:28.000,1,31539,42343535,0,engine_rpm,550.000
2026-10-09T10:49:28.010,1,31544,42353491,0,actual_torque_pct,5
2026-10-09T10:49:28.010,1,31544,42353491,0,engine_rpm,550.000
2026-10-09T10:49:28.010,1,31545,42354088,0,engine_load_pct,11
2026-10-09T10:49:28.020,1,31550,42363512,0,actual_torque_pct,5
2026-10-09T10:49:28.020,1,31550,42363512,0,engine_rpm,550.000
2026-10-09T10:49:28.030,1,31558,42373490,0,actual_torque_pct,5
2026-10-09T10:49:28.030,1,31558,42373490,0,engine_rpm,550.000
2026-10-09T10:49:28.040,1,31567,42383764,0,actual_torque_pct,5
2026-10-09T10:49:28.040,1,31567,42383764,0,engine_rpm,550.000
2026-10-09T10:49:28.041,1,31569,42384912,39,vehicle_speed_kmh,0.000
2026-10-09T10:49:28.051,1,31577,42394762,0,actual_torque_pct,5
2026-10-09T10:49:28.051,1,31577,42394762,0,engine_rpm,550.000
2026-10-09T10:49:28.060,1,31582,42403492,0,actual_torque_pct,5
2026-10-09T10:49:28.060,1,31582,42403492,0,engine_rpm,550.000
2026-10-09T10:49:28.060,1,31583,42404079,0,engine_load_pct,11
2026-10-09T10:49:28.064,1,31585,42408238,0,boost_pressure_kpa,98
2026-10-09T10:49:28.064,1,31585,42408238,0,intake_manifold_temp_c,31
2026-10-09T10:49:28.070,1,31590,42413484,0,actual_torque_pct,5
2026-10-09T10:49:28.070,1,31590,42413484,0,engine_rpm,550.000
2026-10-09T10:49:28.071,1,31592,42414637,0,fuel_rate_lph,1.60
2026-10-09T10:49:28.071,1,31592,42414637,0,fuel_econ_inst_kmpl,0.000
2026-10-09T10:49:28.079,1,31598,42422788,39,fuel_level_pct,1.2
2026-10-09T10:49:28.080,1,31599,42423495,0,actual_torque_pct,5
2026-10-09T10:49:28.080,1,31599,42423495,0,engine_rpm,550.000
2026-10-09T10:49:28.090,1,31608,42433697,0,actual_torque_pct,5
2026-10-09T10:49:28.090,1,31608,42433697,0,engine_rpm,550.000
2026-10-09T10:49:28.099,1,31619,42443455,0,actual_torque_pct,5
2026-10-09T10:49:28.099,1,31619,42443455,0,engine_rpm,550.000
2026-10-09T10:49:28.110,1,31624,42453482,0,actual_torque_pct,5
2026-10-09T10:49:28.110,1,31624,42453482,0,engine_rpm,550.000
2026-10-09T10:49:28.110,1,31625,42454063,0,engine_load_pct,11
2026-10-09T10:49:28.120,1,31630,42463471,0,actual_torque_pct,5
2026-10-09T10:49:28.120,1,31630,42463471,0,engine_rpm,550.000
2026-10-09T10:49:28.129,1,31636,42473451,0,actual_torque_pct,5
2026-10-09T10:49:28.129,1,31636,42473451,0,engine_rpm,550.000
2026-10-09T10:49:28.140,1,31645,42483764,39,vehicle_speed_kmh,0.000
2026-10-09T10:49:28.141,1,31647,42484891,0,actual_torque_pct,5
2026-10-09T10:49:28.141,1,31647,42484891,0,engine_rpm,550.000
2026-10-09T10:49:28.150,1,31655,42493466,0,actual_torque_pct,5
2026-10-09T10:49:28.150,1,31655,42493466,0,engine_rpm,550.000
2026-10-09T10:49:28.160,1,31660,42504028,0,actual_torque_pct,5
2026-10-09T10:49:28.160,1,31660,42504028,0,engine_rpm,549.000
2026-10-09T10:49:28.161,1,31661,42504632,0,engine_load_pct,11
2026-10-09T10:49:28.165,1,31663,42508648,0,oil_pressure_kpa,428
2026-10-09T10:49:28.169,1,31668,42513410,0,actual_torque_pct,5
2026-10-09T10:49:28.169,1,31668,42513410,0,engine_rpm,549.000
2026-10-09T10:49:28.170,1,31669,42513993,0,fuel_rate_lph,1.60
2026-10-09T10:49:28.170,1,31669,42513993,0,fuel_econ_inst_kmpl,0.000
2026-10-09T10:49:28.179,1,31675,42523409,0,actual_torque_pct,5
2026-10-09T10:49:28.179,1,31675,42523409,0,engine_rpm,549.000
2026-10-09T10:49:28.182,1,31678,42525657,39,fuel_level_pct,1.2
2026-10-09T10:49:28.190,1,31685,42533683,0,actual_torque_pct,5
2026-10-09T10:49:28.190,1,31685,42533683,0,engine_rpm,549.000
2026-10-09T10:49:28.199,1,31696,42543433,0,actual_torque_pct,5
2026-10-09T10:49:28.199,1,31696,42543433,0,engine_rpm,549.000
2026-10-09T10:49:28.209,1,31701,42553391,0,actual_torque_pct,5
2026-10-09T10:49:28.209,1,31701,42553391,0,engine_rpm,549.000
2026-10-09T10:49:28.210,1,31702,42553976,0,engine_load_pct,11
2026-10-09T10:49:28.219,1,31707,42563377,0,actual_torque_pct,5
2026-10-09T10:49:28.219,1,31707,42563377,0,engine_rpm,550.000
2026-10-09T10:49:28.229,1,31713,42573378,0,actual_torque_pct,5
2026-10-09T10:49:28.229,1,31713,42573378,0,engine_rpm,550.000
2026-10-09T10:49:28.240,1,31722,42583753,0,actual_torque_pct,5
2026-10-09T10:49:28.240,1,31722,42583753,0,engine_rpm,550.000
2026-10-09T10:49:28.242,1,31724,42584902,39,vehicle_speed_kmh,0.000
2026-10-09T10:49:28.251,1,31732,42594760,0,actual_torque_pct,5
2026-10-09T10:49:28.251,1,31732,42594760,0,engine_rpm,550.000
2026-10-09T10:49:28.259,1,31737,42603333,0,actual_torque_pct,5
2026-10-09T10:49:28.259,1,31737,42603333,0,engine_rpm,550.000
2026-10-09T10:49:28.260,1,31738,42603919,0,engine_load_pct,11
2026-10-09T10:49:28.270,1,31744,42613628,0,actual_torque_pct,5
2026-10-09T10:49:28.270,1,31744,42613628,0,engine_rpm,550.000
2026-10-09T10:49:28.271,1,31745,42614232,0,fuel_rate_lph,1.60
2026-10-09T10:49:28.271,1,31745,42614232,0,fuel_econ_inst_kmpl,0.000
2026-10-09T10:49:28.279,1,31751,42622827,39,fuel_level_pct,1.2
2026-10-09T10:49:28.280,1,31752,42623391,0,actual_torque_pct,5
2026-10-09T10:49:28.280,1,31752,42623391,0,engine_rpm,550.000
2026-10-09T10:49:28.290,1,31761,42633683,0,actual_torque_pct,5
2026-10-09T10:49:28.290,1,31761,42633683,0,engine_rpm,550.000
2026-10-09T10:49:28.299,1,31772,42643394,0,actual_torque_pct,5
2026-10-09T10:49:28.299,1,31772,42643394,0,engine_rpm,550.000
2026-10-09T10:49:28.310,1,31777,42653391,0,actual_torque_pct,5
2026-10-09T10:49:28.310,1,31777,42653391,0,engine_rpm,550.000
2026-10-09T10:49:28.310,1,31778,42653987,0,engine_load_pct,11
2026-10-09T10:49:28.319,1,31783,42663364,0,actual_torque_pct,5
2026-10-09T10:49:28.319,1,31783,42663364,0,engine_rpm,550.000
2026-10-09T10:49:28.329,1,31790,42673347,0,actual_torque_pct,5
2026-10-09T10:49:28.329,1,31790,42673347,0,engine_rpm,550.000
2026-10-09T10:49:28.340,1,31799,42683763,39,vehicle_speed_kmh,0.000
2026-10-09T10:49:28.341,1,31801,42684899,0,actual_torque_pct,5
2026-10-09T10:49:28.341,1,31801,42684899,0,engine_rpm,550.000
2026-10-09T10:49:28.349,1,31809,42693345,0,actual_torque_pct,5
2026-10-09T10:49:28.349,1,31809,42693345,0,engine_rpm,550.000
2026-10-09T10:49:28.360,1,31816,42703748,0,actual_torque_pct,5
2026-10-09T10:49:28.360,1,31816,42703748,0,engine_rpm,550.000
2026-10-09T10:49:28.361,1,31817,42704340,0,engine_load_pct,11
2026-10-09T10:49:28.369,1,31823,42713308,0,actual_torque_pct,5
2026-10-09T10:49:28.369,1,31823,42713308,0,engine_rpm,550.000
2026-10-09T10:49:28.371,1,31825,42714492,0,fuel_rate_lph,1.60
2026-10-09T10:49:28.371,1,31825,42714492,0,fuel_econ_inst_kmpl,0.000
2026-10-09T10:49:28.379,1,31831,42723070,39,fuel_level_pct,1.2
2026-10-09T10:49:28.380,1,31832,42723624,0,actual_torque_pct,5
2026-10-09T10:49:28.380,1,31832,42723624,0,engine_rpm,551.000
2026-10-09T10:49:28.390,1,31841,42733681,0,actual_torque_pct,5
2026-10-09T10:49:28.390,1,31841,42733681,0,engine_rpm,551.000
2026-10-09T10:49:28.399,1,31853,42743395,0,actual_torque_pct,5
2026-10-09T10:49:28.399,1,31853,42743395,0,engine_rpm,550.000
2026-10-09T10:49:28.409,1,31858,42753293,0,actual_torque_pct,5
2026-10-09T10:49:28.409,1,31858,42753293,0,engine_rpm,550.000
2026-10-09T10:49:28.410,1,31859,42753887,0,engine_load_pct,11
2026-10-09T10:49:28.420,1,31864,42763283,0,actual_torque_pct,5
2026-10-09T10:49:28.420,1,31864,42763283,0,engine_rpm,550.000
2026-10-09T10:49:28.431,1,31871,42774805,0,actual_torque_pct,5
2026-10-09T10:49:28.431,1,31871,42774805,0,engine_rpm,550.000
2026-10-09T10:49:28.440,1,31879,42783775,0,actual_torque_pct,5
2026-10-09T10:49:28.440,1,31879,42783775,0,engine_rpm,550.000
2026-10-09T10:49:28.441,1,31881,42784895,39,vehicle_speed_kmh,0.000
2026-10-09T10:49:28.451,1,31889,42794890,0,actual_torque_pct,5
2026-10-09T10:49:28.451,1,31889,42794890,0,engine_rpm,551.000
2026-10-09T10:49:28.459,1,31894,42803274,0,actual_torque_pct,5
2026-10-09T10:49:28.459,1,31894,42803274,0,engine_rpm,551.000
2026-10-09T10:49:28.460,1,31895,42803855,0,engine_load_pct,11
2026-10-09T10:49:28.469,1,31901,42813283,0,actual_torque_pct,5
2026-10-09T10:49:28.469,1,31901,42813283,0,engine_rpm,551.000
2026-10-09T10:49:28.470,1,31902,42813849,0,fuel_rate_lph,1.60
2026-10-09T10:49:28.470,1,31902,42813849,0,fuel_econ_inst_kmpl,0.000
2026-10-09T10:49:28.479,1,31908,42823290,0,actual_torque_pct,5
2026-10-09T10:49:28.479,1,31908,42823290,0,engine_rpm,551.000
2026-10-09T10:49:28.481,1,31911,42824996,39,fuel_level_pct,1.2
2026-10-09T10:49:28.490,1,31918,42833654,0,actual_torque_pct,5
2026-10-09T10:49:28.490,1,31918,42833654,0,engine_rpm,551.000
2026-10-09T10:49:28.500,1,31929,42843260,0,actual_torque_pct,5
2026-10-09T10:49:28.500,1,31929,42843260,0,engine_rpm,551.000
2026-10-09T10:49:28.509,1,31934,42853251,0,actual_torque_pct,5
2026-10-09T10:49:28.509,1,31934,42853251,0,engine_rpm,551.000
2026-10-09T10:49:28.510,1,31935,42853854,0,engine_load_pct,11
2026-10-09T10:49:28.519,1,31940,42863272,0,actual_torque_pct,5
2026-10-09T10:49:28.519,1,31940,42863272,0,engine_rpm,551.000
2026-10-09T10:49:28.529,1,31946,42873256,0,actual_torque_pct,5
2026-10-09T10:49:28.529,1,31946,42873256,0,engine_rpm,551.000
2026-10-09T10:49:28.540,1,31955,42883771,39,vehicle_speed_kmh,0.000
2026-10-09T10:49:28.541,1,31957,42884887,0,actual_torque_pct,5
2026-10-09T10:49:28.541,1,31957,42884887,0,engine_rpm,551.000
2026-10-09T10:49:28.549,1,31965,42893247,0,actual_torque_pct,5
2026-10-09T10:49:28.549,1,31965,42893247,0,engine_rpm,551.000
2026-10-09T10:49:28.560,1,31970,42903309,0,actual_torque_pct,5
2026-10-09T10:49:28.560,1,31970,42903309,0,engine_rpm,550.000
2026-10-09T10:49:28.560,1,31971,42903896,0,engine_load_pct,11
2026-10-09T10:49:28.564,1,31974,42908033,0,boost_pressure_kpa,98
2026-10-09T10:49:28.564,1,31974,42908033,0,intake_manifold_temp_c,31
2026-10-09T10:49:28.569,1,31979,42913202,0,actual_torque_pct,5
2026-10-09T10:49:28.569,1,31979,42913202,0,engine_rpm,550.000
2026-10-09T10:49:28.571,1,31982,42914943,0,fuel_rate_lph,1.60
2026-10-09T10:49:28.571,1,31982,42914943,0,fuel_econ_inst_kmpl,0.000
2026-10-09T10:49:28.579,1,31988,42922931,39,fuel_level_pct,1.2
2026-10-09T10:49:28.580,1,31989,42923500,0,actual_torque_pct,5
2026-10-09T10:49:28.580,1,31989,42923500,0,engine_rpm,550.000
2026-10-09T10:49:28.590,1,31998,42933690,0,actual_torque_pct,5
2026-10-09T10:49:28.590,1,31998,42933690,0,engine_rpm,550.000
2026-10-09T10:49:28.599,1,32009,42943230,0,actual_torque_pct,5
2026-10-09T10:49:28.599,1,32009,42943230,0,engine_rpm,550.000
2026-10-09T10:49:28.609,1,32014,42953177,0,actual_torque_pct,5
2026-10-09T10:49:28.609,1,32014,42953177,0,engine_rpm,550.000
2026-10-09T10:49:28.610,1,32015,42953773,0,engine_load_pct,11
2026-10-09T10:49:28.619,1,32021,42963177,0,actual_torque_pct,5
2026-10-09T10:49:28.619,1,32021,42963177,0,engine_rpm,550.000
2026-10-09T10:49:28.631,1,32028,42974504,0,actual_torque_pct,5
2026-10-09T10:49:28.631,1,32028,42974504,0,engine_rpm,550.000
2026-10-09T10:49:28.640,1,32036,42983756,0,actual_torque_pct,5
2026-10-09T10:49:28.640,1,32036,42983756,0,engine_rpm,550.000
2026-10-09T10:49:28.641,1,32038,42984898,39,vehicle_speed_kmh,0.000
2026-10-09T10:49:28.650,1,32046,42993899,0,actual_torque_pct,5
2026-10-09T10:49:28.650,1,32046,42993899,0,engine_rpm,550.000
2026-10-09T10:49:28.659,1,32051,43003170,0,actual_torque_pct,5
2026-10-09T10:49:28.659,1,32051,43003170,0,engine_rpm,550.000
2026-10-09T10:49:28.661,1,32052,43003754,0,engine_load_pct,11
2026-10-09T10:49:28.664,1,32054,43007925,0,oil_pressure_kpa,432
2026-10-09T10:49:28.669,1,32059,43013177,0,actual_torque_pct,5
2026-10-09T10:49:28.669,1,32059,43013177,0,engine_rpm,550.000
2026-10-09T10:49:28.671,1,32062,43014902,0,fuel_rate_lph,1.60
2026-10-09T10:49:28.671,1,32062,43014902,0,fuel_econ_inst_kmpl,0.000
2026-10-09T10:49:28.679,1,32068,43023181,0,actual_torque_pct,5
2026-10-09T10:49:28.679,1,32068,43023181,0,engine_rpm,550.000
2026-10-09T10:49:28.681,1,32071,43024876,39,fuel_level_pct,1.2
2026-10-09T10:49:28.691,1,32079,43033668,0,actual_torque_pct,5
2026-10-09T10:49:28.691,1,32079,43033668,0,engine_rpm,550.000
2026-10-09T10:49:28.699,1,32090,43043120,0,actual_torque_pct,5
2026-10-09T10:49:28.699,1,32090,43043120,0,engine_rpm,550.000
2026-10-09T10:49:28.709,1,32095,43053149,0,actual_torque_pct,5
2026-10-09T10:49:28.709,1,32095,43053149,0,engine_rpm,550.000
2026-10-09T10:49:28.710,1,32096,43053751,0,engine_load_pct,11
2026-10-09T10:49:28.721,1,32102,43064570,0,actual_torque_pct,5
2026-10-09T10:49:28.721,1,32102,43064570,0,engine_rpm,550.000
2026-10-09T10:49:28.729,1,32110,43073127,0,actual_torque_pct,5
2026-10-09T10:49:28.729,1,32110,43073127,0,engine_rpm,550.000
2026-10-09T10:49:28.740,1,32119,43083785,39,vehicle_speed_kmh,0.000
2026-10-09T10:49:28.741,1,32121,43084913,0,actual_torque_pct,5
2026-10-09T10:49:28.741,1,32121,43084913,0,engine_rpm,551.000
2026-10-09T10:49:28.749,1,32129,43093134,0,actual_torque_pct,5
2026-10-09T10:49:28.749,1,32129,43093134,0,engine_rpm,551.000
2026-10-09T10:49:28.760,1,32134,43103151,0,actual_torque_pct,5
2026-10-09T10:49:28.760,1,32134,43103151,0,engine_rpm,551.000
2026-10-09T10:49:28.760,1,32135,43103735,0,engine_load_pct,11
2026-10-09T10:49:28.764,1,32137,43107907,0,coolant_temp_c,32
2026-10-09T10:49:28.764,1,32137,43107907,0,fuel_temp_c,31
2026-10-09T10:49:28.764,1,32137,43107907,0,oil_temp_c,32.38
2026-10-09T10:49:28.769,1,32142,43113126,0,actual_torque_pct,5
2026-10-09T10:49:28.769,1,32142,43113126,0,engine_rpm,551.000
2026-10-09T10:49:28.771,1,32145,43114838,0,fuel_rate_lph,1.60
2026-10-09T10:49:28.771,1,32145,43114838,0,fuel_econ_inst_kmpl,0.000
2026-10-09T10:49:28.779,1,32151,43122924,39,fuel_level_pct,1.2
2026-10-09T10:49:28.780,1,32152,43123486,0,actual_torque_pct,5
2026-10-09T10:49:28.780,1,32152,43123486,0,engine_rpm,551.000
2026-10-09T10:49:28.789,1,32160,43133108,0,actual_torque_pct,5
2026-10-09T10:49:28.789,1,32160,43133108,0,engine_rpm,551.000
2026-10-09T10:49:28.799,1,32172,43143101,0,actual_torque_pct,5
2026-10-09T10:49:28.799,1,32172,43143101,0,engine_rpm,550.000
2026-10-09T10:49:28.809,1,32177,43153074,0,actual_torque_pct,5
2026-10-09T10:49:28.809,1,32177,43153074,0,engine_rpm,550.000
2026-10-09T10:49:28.810,1,32178,43153651,0,engine_load_pct,11
2026-10-09T10:49:28.819,1,32184,43163080,0,actual_torque_pct,5
2026-10-09T10:49:28.819,1,32184,43163080,0,engine_rpm,550.000
2026-10-09T10:49:28.831,1,32193,43174501,0,actual_torque_pct,5
2026-10-09T10:49:28.831,1,32193,43174501,0,engine_rpm,550.000
2026-10-09T10:49:28.839,1,32200,43183210,0,actual_torque_pct,5
2026-10-09T10:49:28.839,1,32200,43183210,0,engine_rpm,550.000
2026-10-09T10:49:28.841,1,32203,43184920,39,vehicle_speed_kmh,0.000
2026-10-09T10:49:28.849,1,32211,43193180,0,actual_torque_pct,5
2026-10-09T10:49:28.849,1,32211,43193180,0,engine_rpm,550.000
2026-10-09T10:49:28.859,1,32217,43203061,0,actual_torque_pct,5
2026-10-09T10:49:28.859,1,32217,43203061,0,engine_rpm,550.000
2026-10-09T10:49:28.860,1,32218,43203649,0,engine_load_pct,11
2026-10-09T10:49:28.869,1,32225,43213192,0,actual_torque_pct,5
2026-10-09T10:49:28.869,1,32225,43213192,0,engine_rpm,550.000
2026-10-09T10:49:28.870,1,32227,43214334,0,engine_hours,40.25
2026-10-09T10:49:28.871,1,32228,43214928,0,fuel_rate_lph,1.60
2026-10-09T10:49:28.871,1,32228,43214928,0,fuel_econ_inst_kmpl,0.000
2026-10-09T10:49:28.879,1,32234,43223079,0,actual_torque_pct,5
2026-10-09T10:49:28.879,1,32234,43223079,0,engine_rpm,550.000
2026-10-09T10:49:28.881,1,32237,43224770,39,fuel_level_pct,1.2
2026-10-09T10:49:28.889,1,32243,43233120,0,actual_torque_pct,5
2026-10-09T10:49:28.889,1,32243,43233120,0,engine_rpm,550.000
2026-10-09T10:49:28.899,1,32255,43243035,0,actual_torque_pct,5
2026-10-09T10:49:28.899,1,32255,43243035,0,engine_rpm,550.000
2026-10-09T10:49:28.909,1,32260,43253063,0,actual_torque_pct,5
2026-10-09T10:49:28.909,1,32260,43253063,0,engine_rpm,550.000
2026-10-09T10:49:28.910,1,32261,43253639,0,engine_load_pct,11
2026-10-09T10:49:28.921,1,32266,43264350,0,actual_torque_pct,5
2026-10-09T10:49:28.921,1,32266,43264350,0,engine_rpm,550.000
2026-10-09T10:49:28.929,1,32272,43273024,0,actual_torque_pct,5
2026-10-09T10:49:28.929,1,32272,43273024,0,engine_rpm,550.000
2026-10-09T10:49:28.940,1,32281,43283789,39,vehicle_speed_kmh,0.000
2026-10-09T10:49:28.940,1,32282,43284336,0,actual_torque_pct,5
2026-10-09T10:49:28.940,1,32282,43284336,0,engine_rpm,551.000
2026-10-09T10:49:28.949,1,32291,43293031,0,actual_torque_pct,5
2026-10-09T10:49:28.949,1,32291,43293031,0,engine_rpm,551.000
2026-10-09T10:49:28.959,1,32296,43303054,0,actual_torque_pct,5
2026-10-09T10:49:28.959,1,32296,43303054,0,engine_rpm,550.000
2026-10-09T10:49:28.960,1,32297,43303657,0,engine_load_pct,11
2026-10-09T10:49:28.969,1,32303,43313003,0,actual_torque_pct,5
2026-10-09T10:49:28.969,1,32303,43313003,0,engine_rpm,550.000
2026-10-09T10:49:28.970,1,32304,43313588,0,fuel_rate_lph,1.60
2026-10-09T10:49:28.970,1,32304,43313588,0,fuel_econ_inst_kmpl,0.000
2026-10-09T10:49:28.979,1,32310,43322979,0,actual_torque_pct,5
2026-10-09T10:49:28.979,1,32310,43322979,0,engine_rpm,550.000
2026-10-09T10:49:28.981,1,32313,43324678,39,fuel_level_pct,1.2
2026-10-09T10:49:28.990,1,32319,43333112,0,actual_torque_pct,5
2026-10-09T10:49:28.990,1,32319,43333112,0,engine_rpm,550.000
2026-10-09T10:49:28.999,1,32331,43343005,0,actual_torque_pct,5
2026-10-09T10:49:28.999,1,32331,43343005,0,engine_rpm,550.000
2026-10-09T10:49:29.009,1,32336,43352955,0,actual_torque_pct,5
2026-10-09T10:49:29.009,1,32336,43352955,0,engine_rpm,550.000
2026-10-09T10:49:29.010,1,32337,43353561,0,engine_load_pct,11
2026-10-09T10:49:29.019,1,32342,43362961,0,actual_torque_pct,5
2026-10-09T10:49:29.019,1,32342,43362961,0,engine_rpm,551.000
2026-10-09T10:49:29.031,1,32351,43374420,0,actual_torque_pct,5
2026-10-09T10:49:29.031,1,32351,43374420,0,engine_rpm,551.000
2026-10-09T10:49:29.039,1,32358,43383196,0,actual_torque_pct,5
2026-10-09T10:49:29.039,1,32358,43383196,0,engine_rpm,550.000
2026-10-09T10:49:29.041,1,32361,43384911,39,vehicle_speed_kmh,0.000
2026-10-09T10:49:29.049,1,32369,43392953,0,actual_torque_pct,5
2026-10-09T10:49:29.049,1,32369,43392953,0,engine_rpm,550.000
2026-10-09T10:49:29.059,1,32374,43402978,0,actual_torque_pct,5
2026-10-09T10:49:29.059,1,32374,43402978,0,engine_rpm,550.000
2026-10-09T10:49:29.060,1,32375,43403562,0,engine_load_pct,11
2026-10-09T10:49:29.065,1,32377,43409007,0,boost_pressure_kpa,98
2026-10-09T10:49:29.065,1,32377,43409007,0,intake_manifold_temp_c,31
2026-10-09T10:49:29.069,1,32382,43412953,0,actual_torque_pct,5
2026-10-09T10:49:29.069,1,32382,43412953,0,engine_rpm,550.000
2026-10-09T10:49:29.070,1,32384,43414111,0,fuel_rate_lph,1.60
2026-10-09T10:49:29.070,1,32384,43414111,0,fuel_econ_inst_kmpl,0.000
2026-10-09T10:49:29.079,1,32390,43422955,0,actual_torque_pct,5
2026-10-09T10:49:29.079,1,32390,43422955,0,engine_rpm,550.000
2026-10-09T10:49:29.081,1,32393,43424655,39,fuel_level_pct,1.2
2026-10-09T10:49:29.089,1,32399,43433128,0,actual_torque_pct,5
2026-10-09T10:49:29.089,1,32399,43433128,0,engine_rpm,550.000
2026-10-09T10:49:29.099,1,32411,43442915,0,actual_torque_pct,5
2026-10-09T10:49:29.099,1,32411,43442915,0,engine_rpm,550.000
2026-10-09T10:49:29.109,1,32416,43452949,0,actual_torque_pct,5
2026-10-09T10:49:29.109,1,32416,43452949,0,engine_rpm,550.000
2026-10-09T10:49:29.110,1,32417,43453531,0,engine_load_pct,11
2026-10-09T10:49:29.120,1,32422,43464365,0,actual_torque_pct,5
2026-10-09T10:49:29.120,1,32422,43464365,0,engine_rpm,550.000
2026-10-09T10:49:29.129,1,32428,43472897,0,actual_torque_pct,5
2026-10-09T10:49:29.129,1,32428,43472897,0,engine_rpm,550.000
2026-10-09T10:49:29.140,1,32437,43483748,0,actual_torque_pct,5
2026-10-09T10:49:29.140,1,32437,43483748,0,engine_rpm,551.000
2026-10-09T10:49:29.141,1,32439,43484903,39,vehicle_speed_kmh,0.000
2026-10-09T10:49:29.149,1,32447,43492925,0,actual_torque_pct,5
2026-10-09T10:49:29.149,1,32447,43492925,0,engine_rpm,551.000
2026-10-09T10:49:29.159,1,32452,43502937,0,actual_torque_pct,5
2026-10-09T10:49:29.159,1,32452,43502937,0,engine_rpm,550.000
2026-10-09T10:49:29.160,1,32453,43503508,0,engine_load_pct,11
2026-10-09T10:49:29.164,1,32455,43507702,0,oil_pressure_kpa,428
2026-10-09T10:49:29.169,1,32460,43512917,0,actual_torque_pct,5
2026-10-09T10:49:29.169,1,32460,43512917,0,engine_rpm,550.000
2026-10-09T10:49:29.170,1,32461,43513501,0,fuel_rate_lph,1.60
2026-10-09T10:49:29.170,1,32461,43513501,0,fuel_econ_inst_kmpl,0.000
2026-10-09T10:49:29.179,1,32467,43522863,0,actual_torque_pct,5
2026-10-09T10:49:29.179,1,32467,43522863,0,engine_rpm,550.000
2026-10-09T10:49:29.182,1,32470,43525947,39,fuel_level_pct,1.2
2026-10-09T10:49:29.189,1,32476,43533116,0,actual_torque_pct,5
2026-10-09T10:49:29.189,1,32476,43533116,0,engine_rpm,550.000
2026-10-09T10:49:29.199,1,32488,43542927,0,actual_torque_pct,5
2026-10-09T10:49:29.199,1,32488,43542927,0,engine_rpm,550.000
2026-10-09T10:49:29.210,1,32493,43554151,0,actual_torque_pct,5
2026-10-09T10:49:29.210,1,32493,43554151,0,engine_rpm,550.000
2026-10-09T10:49:29.211,1,32494,43554730,0,engine_load_pct,11
2026-10-09T10:49:29.219,1,32499,43562830,0,actual_torque_pct,5
2026-10-09T10:49:29.219,1,32499,43562830,0,engine_rpm,550.000
2026-10-09T10:49:29.231,1,32506,43574449,0,actual_torque_pct,5
2026-10-09T10:49:29.231,1,32506,43574449,0,engine_rpm,550.000
2026-10-09T10:49:29.239,1,32513,43583202,0,actual_torque_pct,5
2026-10-09T10:49:29.239,1,32513,43583202,0,engine_rpm,550.000
2026-10-09T10:49:29.241,1,32516,43584903,39,vehicle_speed_kmh,0.000
2026-10-09T10:49:29.249,1,32524,43592874,0,actual_torque_pct,5
2026-10-09T10:49:29.249,1,32524,43592874,0,engine_rpm,551.000
2026-10-09T10:49:29.259,1,32529,43602912,0,actual_torque_pct,5
2026-10-09T10:49:29.259,1,32529,43602912,0,engine_rpm,551.000
2026-10-09T10:49:29.260,1,32530,43603503,0,engine_load_pct,11
2026-10-09T10:49:29.269,1,32536,43612933,0,actual_torque_pct,5
2026-10-09T10:49:29.269,1,32536,43612933,0,engine_rpm,550.000
2026-10-09T10:49:29.270,1,32537,43613519,0,fuel_rate_lph,1.60
2026-10-09T10:49:29.270,1,32537,43613519,0,fuel_econ_inst_kmpl,0.000
2026-10-09T10:49:29.279,1,32543,43622856,0,actual_torque_pct,5
2026-10-09T10:49:29.279,1,32543,43622856,0,engine_rpm,550.000
2026-10-09T10:49:29.281,1,32546,43624569,39,fuel_level_pct,1.2
2026-10-09T10:49:29.289,1,32552,43633095,0,actual_torque_pct,5
2026-10-09T10:49:29.289,1,32552,43633095,0,engine_rpm,550.000
2026-10-09T10:49:29.300,1,32564,43642808,0,actual_torque_pct,5
2026-10-09T10:49:29.300,1,32564,43642808,0,engine_rpm,550.000
2026-10-09T10:49:29.309,1,32569,43652835,0,actual_torque_pct,5
2026-10-09T10:49:29.309,1,32569,43652835,0,engine_rpm,551.000
2026-10-09T10:49:29.310,1,32570,43653414,0,engine_load_pct,11
2026-10-09T10:49:29.321,1,32575,43664825,0,actual_torque_pct,5
2026-10-09T10:49:29.321,1,32575,43664825,0,engine_rpm,551.000
2026-10-09T10:49:29.329,1,32582,43672827,0,actual_torque_pct,5
2026-10-09T10:49:29.329,1,32582,43672827,0,engine_rpm,551.000
2026-10-09T10:49:29.339,1,32590,43683198,0,actual_torque_pct,5
2026-10-09T10:49:29.339,1,32590,43683198,0,engine_rpm,551.000
2026-10-09T10:49:29.341,1,32593,43684897,39,vehicle_speed_kmh,0.000
2026-10-09T10:49:29.349,1,32601,43692886,0,actual_torque_pct,5
2026-10-09T10:49:29.349,1,32601,43692886,0,engine_rpm,551.000
2026-10-09T10:49:29.359,1,32607,43703022,0,engine_load_pct,11
2026-10-09T10:49:29.360,1,32608,43703591,0,actual_torque_pct,5
2026-10-09T10:49:29.360,1,32608,43703591,0,engine_rpm,550.000
2026-10-09T10:49:29.369,1,32615,43712782,0,actual_torque_pct,5
2026-10-09T10:49:29.369,1,32615,43712782,0,engine_rpm,550.000
2026-10-09T10:49:29.370,1,32617,43713953,0,fuel_rate_lph,1.60
2026-10-09T10:49:29.370,1,32617,43713953,0,fuel_econ_inst_kmpl,0.000
2026-10-09T10:49:29.379,1,32623,43722782,0,actual_torque_pct,5
2026-10-09T10:49:29.379,1,32623,43722782,0,engine_rpm,550.000
2026-10-09T10:49:29.381,1,32626,43724474,39,fuel_level_pct,1.2
2026-10-09T10:49:29.389,1,32632,43733102,0,actual_torque_pct,5
2026-10-09T10:49:29.389,1,32632,43733102,0,engine_rpm,550.000
2026-10-09T10:49:29.399,1,32645,43742858,0,actual_torque_pct,5
2026-10-09T10:49:29.399,1,32645,43742858,0,engine_rpm,550.000
2026-10-09T10:49:29.410,1,32650,43754168,0,actual_torque_pct,5
2026-10-09T10:49:29.410,1,32650,43754168,0,engine_rpm,550.000
2026-10-09T10:49:29.411,1,32651,43754755,0,engine_load_pct,11
2026-10-09T10:49:29.419,1,32656,43762739,0,actual_torque_pct,5
2026-10-09T10:49:29.419,1,32656,43762739,0,engine_rpm,551.000
2026-10-09T10:49:29.430,1,32662,43773567,0,actual_torque_pct,5
2026-10-09T10:49:29.430,1,32662,43773567,0,engine_rpm,550.000
2026-10-09T10:49:29.439,1,32670,43783201,0,actual_torque_pct,5
2026-10-09T10:49:29.439,1,32670,43783201,0,engine_rpm,550.000
2026-10-09T10:49:29.441,1,32673,43784900,39,vehicle_speed_kmh,0.000
2026-10-09T10:49:29.449,1,32681,43792754,0,actual_torque_pct,5
2026-10-09T10:49:29.449,1,32681,43792754,0,engine_rpm,550.000
2026-10-09T10:49:29.459,1,32686,43802750,0,actual_torque_pct,5
2026-10-09T10:49:29.459,1,32686,43802750,0,engine_rpm,550.000
2026-10-09T10:49:29.460,1,32687,43803320,0,engine_load_pct,11
2026-10-09T10:49:29.469,1,32693,43812729,0,actual_torque_pct,5
2026-10-09T10:49:29.469,1,32693,43812729,0,engine_rpm,550.000
2026-10-09T10:49:29.469,1,32694,43813308,0,fuel_rate_lph,1.60
2026-10-09T10:49:29.469,1,32694,43813308,0,fuel_econ_inst_kmpl,0.000
2026-10-09T10:49:29.479,1,32700,43822774,0,actual_torque_pct,5
2026-10-09T10:49:29.479,1,32700,43822774,0,engine_rpm,550.000
2026-10-09T10:49:29.481,1,32703,43824486,39,fuel_level_pct,1.2
2026-10-09T10:49:29.489,1,32709,43833107,0,actual_torque_pct,5
2026-10-09T10:49:29.489,1,32709,43833107,0,engine_rpm,550.000
2026-10-09T10:49:29.499,1,32721,43842694,0,actual_torque_pct,5
2026-10-09T10:49:29.499,1,32721,43842694,0,engine_rpm,550.000
2026-10-09T10:49:29.509,1,32726,43852733,0,actual_torque_pct,5
2026-10-09T10:49:29.509,1,32726,43852733,0,engine_rpm,550.000
2026-10-09T10:49:29.509,1,32727,43853318,0,engine_load_pct,11
2026-10-09T10:49:29.520,1,32732,43864312,0,actual_torque_pct,5
2026-10-09T10:49:29.520,1,32732,43864312,0,engine_rpm,550.000
2026-10-09T10:49:29.529,1,32738,43872715,0,actual_torque_pct,5
2026-10-09T10:49:29.529,1,32738,43872715,0,engine_rpm,550.000
2026-10-09T10:49:29.539,1,32746,43883195,0,actual_torque_pct,5
2026-10-09T10:49:29.539,1,32746,43883195,0,engine_rpm,550.000
2026-10-09T10:49:29.542,1,32749,43884898,39,vehicle_speed_kmh,0.000
2026-10-09T10:49:29.549,1,32757,43892714,0,actual_torque_pct,5
2026-10-09T10:49:29.549,1,32757,43892714,0,engine_rpm,550.000
2026-10-09T10:49:29.559,1,32762,43902757,0,actual_torque_pct,5
2026-10-09T10:49:29.559,1,32762,43902757,0,engine_rpm,550.000
2026-10-09T10:49:29.559,1,32763,43903344,0,engine_load_pct,11
2026-10-09T10:49:29.564,1,32766,43907534,0,boost_pressure_kpa,98
2026-10-09T10:49:29.564,1,32766,43907534,0,intake_manifold_temp_c,31
2026-10-09T10:49:29.569,1,32771,43912675,0,actual_torque_pct,5
2026-10-09T10:49:29.569,1,32771,43912675,0,engine_rpm,550.000
2026-10-09T10:49:29.570,1,32774,43914397,0,fuel_rate_lph,1.60
2026-10-09T10:49:29.570,1,32774,43914397,0,fuel_econ_inst_kmpl,0.000
2026-10-09T10:49:29.579,1,32780,43922771,0,actual_torque_pct,5
2026-10-09T10:49:29.579,1,32780,43922771,0,engine_rpm,550.000
2026-10-09T10:49:29.581,1,32783,43924478,39,fuel_level_pct,1.2
2026-10-09T10:49:29.589,1,32789,43933102,0,actual_torque_pct,5
2026-10-09T10:49:29.589,1,32789,43933102,0,engine_rpm,550.000
2026-10-09T10:49:29.599,1,32801,43942689,0,actual_torque_pct,5
2026-10-09T10:49:29.599,1,32801,43942689,0,engine_rpm,550.000
2026-10-09T10:49:29.610,1,32806,43953934,0,actual_torque_pct,5
2026-10-09T10:49:29.610,1,32806,43953934,0,engine_rpm,550.000
2026-10-09T10:49:29.611,1,32807,43954515,0,engine_load_pct,11
2026-10-09T10:49:29.619,1,32813,43962638,0,actual_torque_pct,5
2026-10-09T10:49:29.619,1,32813,43962638,0,engine_rpm,550.000
2026-10-09T10:49:29.629,1,32819,43973196,0,actual_torque_pct,5
2026-10-09T10:49:29.629,1,32819,43973196,0,engine_rpm,550.000
2026-10-09T10:49:29.639,1,32827,43983187,0,actual_torque_pct,5
2026-10-09T10:49:29.639,1,32827,43983187,0,engine_rpm,550.000
2026-10-09T10:49:29.641,1,32830,43984904,39,vehicle_speed_kmh,0.000
2026-10-09T10:49:29.649,1,32838,43992639,0,actual_torque_pct,5
2026-10-09T10:49:29.649,1,32838,43992639,0,engine_rpm,550.000
2026-10-09T10:49:29.659,1,32843,44002635,0,actual_torque_pct,5
2026-10-09T10:49:29.659,1,32843,44002635,0,engine_rpm,550.000
2026-10-09T10:49:29.659,1,32844,44003217,0,engine_load_pct,11
2026-10-09T10:49:29.665,1,32846,44008714,0,oil_pressure_kpa,428
2026-10-09T10:49:29.670,1,32851,44012648,0,actual_torque_pct,5
2026-10-09T10:49:29.670,1,32851,44012648,0,engine_rpm,550.000
2026-10-09T10:49:29.670,1,32854,44014350,0,fuel_rate_lph,1.60
2026-10-09T10:49:29.670,1,32854,44014350,0,fuel_econ_inst_kmpl,0.000
2026-10-09T10:49:29.679,1,32860,44022771,0,actual_torque_pct,5
2026-10-09T10:49:29.679,1,32860,44022771,0,engine_rpm,550.000
2026-10-09T10:49:29.681,1,32863,44024481,39,fuel_level_pct,1.2
2026-10-09T10:49:29.690,1,32870,44033108,0,actual_torque_pct,5
2026-10-09T10:49:29.690,1,32870,44033108,0,engine_rpm,550.000
2026-10-09T10:49:29.700,1,32882,44044058,0,actual_torque_pct,5
2026-10-09T10:49:29.700,1,32882,44044058,0,engine_rpm,550.000
2026-10-09T10:49:29.709,1,32887,44052619,0,actual_torque_pct,5
2026-10-09T10:49:29.709,1,32887,44052619,0,engine_rpm,550.000
2026-10-09T10:49:29.709,1,32888,44053205,0,engine_load_pct,11
2026-10-09T10:49:29.720,1,32894,44063926,0,actual_torque_pct,5
2026-10-09T10:49:29.720,1,32894,44063926,0,engine_rpm,550.000
2026-10-09T10:49:29.729,1,32902,44072697,0,actual_torque_pct,5
2026-10-09T10:49:29.729,1,32902,44072697,0,engine_rpm,550.000
2026-10-09T10:49:29.739,1,32910,44083193,0,actual_torque_pct,5
2026-10-09T10:49:29.739,1,32910,44083193,0,engine_rpm,550.000
2026-10-09T10:49:29.741,1,32913,44084911,39,vehicle_speed_kmh,0.000
2026-10-09T10:49:29.749,1,32921,44092605,0,actual_torque_pct,5
2026-10-09T10:49:29.749,1,32921,44092605,0,engine_rpm,550.000
2026-10-09T10:49:29.760,1,32926,44102614,0,actual_torque_pct,5
2026-10-09T10:49:29.760,1,32926,44102614,0,engine_rpm,550.000
2026-10-09T10:49:29.760,1,32927,44103189,0,engine_load_pct,11
2026-10-09T10:49:29.764,1,32929,44107336,0,coolant_temp_c,32
2026-10-09T10:49:29.764,1,32929,44107336,0,fuel_temp_c,31
2026-10-09T10:49:29.764,1,32929,44107336,0,oil_temp_c,32.38
2026-10-09T10:49:29.769,1,32934,44112581,0,actual_torque_pct,5
2026-10-09T10:49:29.769,1,32934,44112581,0,engine_rpm,550.000
2026-10-09T10:49:29.770,1,32937,44114294,0,fuel_rate_lph,1.60
2026-10-09T10:49:29.770,1,32937,44114294,0,fuel_econ_inst_kmpl,0.000
2026-10-09T10:49:29.779,1,32943,44122863,0,actual_torque_pct,5
2026-10-09T10:49:29.779,1,32943,44122863,0,engine_rpm,550.000
2026-10-09T10:49:29.781,1,32946,44124551,39,fuel_level_pct,1.2
2026-10-09T10:49:29.789,1,32952,44133118,0,actual_torque_pct,5
2026-10-09T10:49:29.789,1,32952,44133118,0,engine_rpm,550.000
2026-10-09T10:49:29.799,1,32964,44142597,0,actual_torque_pct,5
2026-10-09T10:49:29.799,1,32964,44142597,0,engine_rpm,550.000
2026-10-09T10:49:29.810,1,32969,44153915,0,actual_torque_pct,5
2026-10-09T10:49:29.810,1,32969,44153915,0,engine_rpm,550.000
2026-10-09T10:49:29.811,1,32970,44154516,0,engine_load_pct,11
2026-10-09T10:49:29.819,1,32976,44162552,0,actual_torque_pct,5
2026-10-09T10:49:29.819,1,32976,44162552,0,engine_rpm,551.000
2026-10-09T10:49:29.829,1,32984,44172715,0,actual_torque_pct,5
2026-10-09T10:49:29.829,1,32984,44172715,0,engine_rpm,551.000
2026-10-09T10:49:29.839,1,32992,44183219,0,actual_torque_pct,5
2026-10-09T10:49:29.839,1,32992,44183219,0,engine_rpm,551.000
2026-10-09T10:49:29.841,1,32995,44184922,39,vehicle_speed_kmh,0.000
2026-10-09T10:49:29.849,1,33003,44192600,0,actual_torque_pct,5
2026-10-09T10:49:29.849,1,33003,44192600,0,engine_rpm,551.000
2026-10-09T10:49:29.859,1,33008,44202605,0,engine_load_pct,11
2026-10-09T10:49:29.859,1,33009,44203183,0,actual_torque_pct,5
2026-10-09T10:49:29.859,1,33009,44203183,0,engine_rpm,551.000
2026-10-09T10:49:29.869,1,33017,44212558,0,actual_torque_pct,5
2026-10-09T10:49:29.869,1,33017,44212558,0,engine_rpm,550.000
2026-10-09T10:49:29.870,1,33019,44213691,0,engine_hours,40.25
2026-10-09T10:49:29.870,1,33020,44214281,0,fuel_rate_lph,1.60
2026-10-09T10:49:29.870,1,33020,44214281,0,fuel_econ_inst_kmpl,0.000
2026-10-09T10:49:29.879,1,33026,44222916,0,actual_torque_pct,5
2026-10-09T10:49:29.879,1,33026,44222916,0,engine_rpm,550.000
2026-10-09T10:49:29.881,1,33029,44224610,39,fuel_level_pct,1.2
2026-10-09T10:49:29.889,1,33035,44233119,0,actual_torque_pct,5
2026-10-09T10:49:29.889,1,33035,44233119,0,engine_rpm,550.000
2026-10-09T10:49:29.900,1,33047,44243838,0,actual_torque_pct,5
2026-10-09T10:49:29.900,1,33047,44243838,0,engine_rpm,550.000
2026-10-09T10:49:29.909,1,33052,44252586,0,engine_load_pct,11
2026-10-09T10:49:29.909,1,33053,44253161,0,actual_torque_pct,5
2026-10-09T10:49:29.909,1,33053,44253161,0,engine_rpm,550.000
2026-10-09T10:49:29.920,1,33058,44263523,0,actual_torque_pct,5
2026-10-09T10:49:29.920,1,33058,44263523,0,engine_rpm,550.000
2026-10-09T10:49:29.929,1,33064,44272717,0,actual_torque_pct,5
2026-10-09T10:49:29.929,1,33064,44272717,0,engine_rpm,550.000
2026-10-09T10:49:29.939,1,33072,44283227,0,actual_torque_pct,5
2026-10-09T10:49:29.939,1,33072,44283227,0,engine_rpm,550.000
2026-10-09T10:49:29.941,1,33075,44284927,39,vehicle_speed_kmh,0.000
2026-10-09T10:49:29.949,1,33083,44292583,0,actual_torque_pct,5
2026-10-09T10:49:29.949,1,33083,44292583,0,engine_rpm,550.000
2026-10-09T10:49:29.959,1,33088,44302611,0,engine_load_pct,11
2026-10-09T10:49:29.959,1,33089,44303179,0,actual_torque_pct,5
2026-10-09T10:49:29.959,1,33089,44303179,0,engine_rpm,550.000
2026-10-09T10:49:29.969,1,33095,44312533,0,actual_torque_pct,5
2026-10-09T10:49:29.969,1,33095,44312533,0,engine_rpm,550.000
2026-10-09T10:49:29.969,1,33096,44313122,0,fuel_rate_lph,1.60
2026-10-09T10:49:29.969,1,33096,44313122,0,fuel_econ_inst_kmpl,0.000
2026-10-09T10:49:29.979,1,33102,44322769,0,actual_torque_pct,5
2026-10-09T10:49:29.979,1,33102,44322769,0,engine_rpm,550.000
2026-10-09T10:49:29.980,1,33104,44323914,39,fuel_level_pct,1.2
2026-10-09T10:49:29.989,1,33111,44333133,0,actual_torque_pct,5
2026-10-09T10:49:29.989,1,33111,44333133,0,engine_rpm,550.000
2026-10-09T10:49:29.999,1,33123,44342602,0,actual_torque_pct,5
2026-10-09T10:49:29.999,1,33123,44342602,0,engine_rpm,550.000
2026-10-09T10:49:30.010,1,33128,44353712,0,actual_torque_pct,5
2026-10-09T10:49:30.010,1,33128,44353712,0,engine_rpm,550.000
2026-10-09T10:49:30.010,1,33129,44354290,0,engine_load_pct,11
2026-10-09T10:49:30.019,1,33134,44362577,0,actual_torque_pct,5
2026-10-09T10:49:30.019,1,33134,44362577,0,engine_rpm,550.000
2026-10-09T10:49:30.029,1,33142,44372735,0,actual_torque_pct,5
2026-10-09T10:49:30.029,1,33142,44372735,0,engine_rpm,550.000
2026-10-09T10:49:30.039,1,33150,44383218,0,actual_torque_pct,5
2026-10-09T10:49:30.039,1,33150,44383218,0,engine_rpm,550.000
2026-10-09T10:49:30.041,1,33153,44384927,39,vehicle_speed_kmh,0.000
2026-10-09T10:49:30.049,1,33161,44392577,0,actual_torque_pct,5
2026-10-09T10:49:30.049,1,33161,44392577,0,engine_rpm,550.000
2026-10-09T10:49:30.059,1,33166,44402613,0,engine_load_pct,11
2026-10-09T10:49:30.059,1,33167,44403189,0,actual_torque_pct,5
2026-10-09T10:49:30.059,1,33167,44403189,0,engine_rpm,550.000
2026-10-09T10:49:30.065,1,33169,44408484,0,boost_pressure_kpa,98
2026-10-09T10:49:30.065,1,33169,44408484,0,intake_manifold_temp_c,31
2026-10-09T10:49:30.069,1,33174,44412550,0,actual_torque_pct,5
2026-10-09T10:49:30.069,1,33174,44412550,0,engine_rpm,550.000
2026-10-09T10:49:30.070,1,33176,44413695,0,fuel_rate_lph,1.60
2026-10-09T10:49:30.070,1,33176,44413695,0,fuel_econ_inst_kmpl,0.000
2026-10-09T10:49:30.078,1,33180,44421686,39,fuel_level_pct,1.2
2026-10-09T10:49:30.079,1,33183,44423396,0,actual_torque_pct,5
2026-10-09T10:49:30.079,1,33183,44423396,0,engine_rpm,550.000
2026-10-09T10:49:30.089,1,33191,44433137,0,actual_torque_pct,5
2026-10-09T10:49:30.089,1,33191,44433137,0,engine_rpm,550.000
2026-10-09T10:49:30.100,1,33203,44443834,0,actual_torque_pct,5
2026-10-09T10:49:30.100,1,33203,44443834,0,engine_rpm,550.000
2026-10-09T10:49:30.109,1,33208,44452577,0,engine_load_pct,11
2026-10-09T10:49:30.109,1,33209,44453140,0,actual_torque_pct,5
2026-10-09T10:49:30.109,1,33209,44453140,0,engine_rpm,550.000
2026-10-09T10:49:30.119,1,33214,44463068,0,actual_torque_pct,5
2026-10-09T10:49:30.119,1,33214,44463068,0,engine_rpm,550.000
2026-10-09T10:49:30.129,1,33220,44472719,0,actual_torque_pct,5
2026-10-09T10:49:30.129,1,33220,44472719,0,engine_rpm,550.000
2026-10-09T10:49:30.139,1,33228,44483199,0,actual_torque_pct,5
2026-10-09T10:49:30.139,1,33228,44483199,0,engine_rpm,550.000
2026-10-09T10:49:30.141,1,33231,44484889,39,vehicle_speed_kmh,0.000
2026-10-09T10:49:30.149,1,33239,44492562,0,actual_torque_pct,5
2026-10-09T10:49:30.149,1,33239,44492562,0,engine_rpm,550.000
2026-10-09T10:49:30.159,1,33244,44502611,0,engine_load_pct,11
2026-10-09T10:49:30.159,1,33245,44503160,0,actual_torque_pct,5
2026-10-09T10:49:30.159,1,33245,44503160,0,engine_rpm,549.000
2026-10-09T10:49:30.163,1,33247,44507156,0,oil_pressure_kpa,428
2026-10-09T10:49:30.170,1,33252,44512533,0,actual_torque_pct,5
2026-10-09T10:49:30.170,1,33252,44512533,0,engine_rpm,549.000
2026-10-09T10:49:30.170,1,33253,44513114,0,fuel_rate_lph,1.65
2026-10-09T10:49:30.170,1,33253,44513114,0,fuel_econ_inst_kmpl,0.000
2026-10-09T10:49:30.179,1,33259,44522766,0,actual_torque_pct,5
2026-10-09T10:49:30.179,1,33259,44522766,0,engine_rpm,550.000
2026-10-09T10:49:30.182,1,33262,44525741,39,fuel_level_pct,1.2
2026-10-09T10:49:30.189,1,33268,44533119,0,actual_torque_pct,5
2026-10-09T10:49:30.189,1,33268,44533119,0,engine_rpm,550.000
2026-10-09T10:49:30.199,1,33280,44542587,0,actual_torque_pct,5
2026-10-09T10:49:30.199,1,33280,44542587,0,engine_rpm,550.000
2026-10-09T10:49:30.210,1,33285,44553706,0,actual_torque_pct,5
2026-10-09T10:49:30.210,1,33285,44553706,0,engine_rpm,550.000
2026-10-09T10:49:30.210,1,33286,44554291,0,engine_load_pct,11
2026-10-09T10:49:30.219,1,33291,44562570,0,actual_torque_pct,5
2026-10-09T10:49:30.219,1,33291,44562570,0,engine_rpm,550.000
2026-10-09T10:49:30.229,1,33297,44572713,0,actual_torque_pct,5
2026-10-09T10:49:30.229,1,33297,44572713,0,engine_rpm,550.000
2026-10-09T10:49:30.239,1,33305,44583196,0,actual_torque_pct,5
2026-10-09T10:49:30.239,1,33305,44583196,0,engine_rpm,550.000
2026-10-09T10:49:30.241,1,33308,44584902,39,vehicle_speed_kmh,0.000
2026-10-09T10:49:30.249,1,33316,44592563,0,actual_torque_pct,5
2026-10-09T10:49:30.249,1,33316,44592563,0,engine_rpm,550.000
2026-10-09T10:49:30.259,1,33321,44602607,0,engine_load_pct,11
2026-10-09T10:49:30.260,1,33322,44603183,0,actual_torque_pct,5
2026-10-09T10:49:30.260,1,33322,44603183,0,engine_rpm,550.000
2026-10-09T10:49:30.269,1,33328,44612540,0,actual_torque_pct,5
2026-10-09T10:49:30.269,1,33328,44612540,0,engine_rpm,550.000
2026-10-09T10:49:30.269,1,33329,44613108,0,fuel_rate_lph,1.60
2026-10-09T10:49:30.269,1,33329,44613108,0,fuel_econ_inst_kmpl,0.000
2026-10-09T10:49:30.279,1,33335,44622770,0,actual_torque_pct,5
2026-10-09T10:49:30.279,1,33335,44622770,0,engine_rpm,550.000
2026-10-09T10:49:30.280,1,33337,44623908,39,fuel_level_pct,1.2
2026-10-09T10:49:30.289,1,33344,44633114,0,actual_torque_pct,5
2026-10-09T10:49:30.289,1,33344,44633114,0,engine_rpm,550.000
2026-10-09T10:49:30.300,1,33356,44643605,0,actual_torque_pct,5
2026-10-09T10:49:30.300,1,33356,44643605,0,engine_rpm,550.000
2026-10-09T10:49:30.309,1,33361,44652590,0,engine_load_pct,11
2026-10-09T10:49:30.309,1,33362,44653143,0,actual_torque_pct,5
2026-10-09T10:49:30.309,1,33362,44653143,0,engine_rpm,550.000
2026-10-09T10:49:30.319,1,33367,44662735,0,actual_torque_pct,5
2026-10-09T10:49:30.319,1,33367,44662735,0,engine_rpm,550.000
2026-10-09T10:49:30.329,1,33374,44672719,0,actual_torque_pct,5
2026-10-09T10:49:30.329,1,33374,44672719,0,engine_rpm,550.000
2026-10-09T10:49:30.339,1,33382,44683207,0,actual_torque_pct,5
2026-10-09T10:49:30.339,1,33382,44683207,0,engine_rpm,550.000
2026-10-09T10:49:30.341,1,33385,44684905,39,vehicle_speed_kmh,0.000
2026-10-09T10:49:30.349,1,33393,44692590,0,actual_torque_pct,5
2026-10-09T10:49:30.349,1,33393,44692590,0,engine_rpm,550.000
2026-10-09T10:49:30.359,1,33398,44702584,0,engine_load_pct,11
2026-10-09T10:49:30.359,1,33399,44703142,0,actual_torque_pct,5
2026-10-09T10:49:30.359,1,33399,44703142,0,engine_rpm,550.000
2026-10-09T10:49:30.369,1,33407,44712536,0,actual_torque_pct,5
2026-10-09T10:49:30.369,1,33407,44712536,0,engine_rpm,550.000
2026-10-09T10:49:30.370,1,33409,44713700,0,fuel_rate_lph,1.60
2026-10-09T10:49:30.370,1,33409,44713700,0,fuel_econ_inst_kmpl,0.000
2026-10-09T10:49:30.379,1,33415,44722754,0,actual_torque_pct,5
2026-10-09T10:49:30.379,1,33415,44722754,0,engine_rpm,551.000
2026-10-09T10:49:30.380,1,33417,44723885,39,fuel_level_pct,1.2
2026-10-09T10:49:30.390,1,33426,44734282,0,actual_torque_pct,5
2026-10-09T10:49:30.390,1,33426,44734282,0,engine_rpm,551.000
2026-10-09T10:49:30.399,1,33437,44742613,0,actual_torque_pct,5
2026-10-09T10:49:30.399,1,33437,44742613,0,engine_rpm,551.000
2026-10-09T10:49:30.410,1,33442,44753895,0,actual_torque_pct,5
2026-10-09T10:49:30.410,1,33442,44753895,0,engine_rpm,551.000
2026-10-09T10:49:30.411,1,33443,44754475,0,engine_load_pct,10
2026-10-09T10:49:30.419,1,33448,44762567,0,actual_torque_pct,5
2026-10-09T10:49:30.419,1,33448,44762567,0,engine_rpm,551.000
2026-10-09T10:49:30.429,1,33454,44772707,0,actual_torque_pct,5
2026-10-09T10:49:30.429,1,33454,44772707,0,engine_rpm,551.000
2026-10-09T10:49:30.439,1,33462,44783198,0,actual_torque_pct,5
2026-10-09T10:49:30.439,1,33462,44783198,0,engine_rpm,551.000
2026-10-09T10:49:30.441,1,33465,44784890,39,vehicle_speed_kmh,0.000
2026-10-09T10:49:30.449,1,33473,44792584,0,actual_torque_pct,5
2026-10-09T10:49:30.449,1,33473,44792584,0,engine_rpm,551.000
2026-10-09T10:49:30.459,1,33478,44802603,0,engine_load_pct,10
2026-10-09T10:49:30.459,1,33479,44803172,0,actual_torque_pct,5
2026-10-09T10:49:30.459,1,33479,44803172,0,engine_rpm,551.000
2026-10-09T10:49:30.469,1,33485,44812537,0,actual_torque_pct,5
2026-10-09T10:49:30.469,1,33485,44812537,0,engine_rpm,550.000
2026-10-09T10:49:30.470,1,33486,44813112,0,fuel_rate_lph,1.60
2026-10-09T10:49:30.470,1,33486,44813112,0,fuel_econ_inst_kmpl,0.000
2026-10-09T10:49:30.479,1,33492,44822765,0,actual_torque_pct,5
2026-10-09T10:49:30.479,1,33492,44822765,0,engine_rpm,550.000
2026-10-09T10:49:30.480,1,33494,44823912,39,fuel_level_pct,1.2
2026-10-09T10:49:30.489,1,33501,44833096,0,actual_torque_pct,5
2026-10-09T10:49:30.489,1,33501,44833096,0,engine_rpm,550.000
2026-10-09T10:49:30.500,1,33513,44843639,0,actual_torque_pct,5
2026-10-09T10:49:30.500,1,33513,44843639,0,engine_rpm,550.000
2026-10-09T10:49:30.509,1,33518,44852585,0,engine_load_pct,11
2026-10-09T10:49:30.509,1,33519,44853147,0,actual_torque_pct,5
2026-10-09T10:49:30.509,1,33519,44853147,0,engine_rpm,551.000
2026-10-09T10:49:30.519,1,33524,44862559,0,actual_torque_pct,5
2026-10-09T10:49:30.519,1,33524,44862559,0,engine_rpm,550.000
2026-10-09T10:49:30.529,1,33530,44872725,0,actual_torque_pct,5
2026-10-09T10:49:30.529,1,33530,44872725,0,engine_rpm,550.000
2026-10-09T10:49:30.539,1,33538,44883200,0,actual_torque_pct,5
2026-10-09T10:49:30.539,1,33538,44883200,0,engine_rpm,550.000
2026-10-09T10:49:30.541,1,33541,44884896,39,vehicle_speed_kmh,0.000
2026-10-09T10:49:30.549,1,33549,44892569,0,actual_torque_pct,5
2026-10-09T10:49:30.549,1,33549,44892569,0,engine_rpm,550.000
2026-10-09T10:49:30.559,1,33554,44902609,0,engine_load_pct,11
2026-10-09T10:49:30.559,1,33555,44903178,0,actual_torque_pct,5
2026-10-09T10:49:30.559,1,33555,44903178,0,engine_rpm,550.000
2026-10-09T10:49:30.563,1,33558,44906967,0,boost_pressure_kpa,98
2026-10-09T10:49:30.563,1,33558,44906967,0,intake_manifold_temp_c,31
2026-10-09T10:49:30.569,1,33563,44912533,0,actual_torque_pct,5
2026-10-09T10:49:30.569,1,33563,44912533,0,engine_rpm,550.000
2026-10-09T10:49:30.570,1,33566,44914269,0,fuel_rate_lph,1.60
2026-10-09T10:49:30.570,1,33566,44914269,0,fuel_econ_inst_kmpl,0.000
2026-10-09T10:49:30.579,1,33572,44922757,0,actual_torque_pct,5
2026-10-09T10:49:30.579,1,33572,44922757,0,engine_rpm,550.000
2026-10-09T10:49:30.580,1,33574,44923897,39,fuel_level_pct,1.2
2026-10-09T10:49:30.590,1,33582,44933676,0,actual_torque_pct,5
2026-10-09T10:49:30.590,1,33582,44933676,0,engine_rpm,550.000
2026-10-09T10:49:30.599,1,33593,44942581,0,actual_torque_pct,5
2026-10-09T10:49:30.599,1,33593,44942581,0,engine_rpm,550.000
2026-10-09T10:49:30.609,1,33598,44953007,0,actual_torque_pct,5
2026-10-09T10:49:30.609,1,33598,44953007,0,engine_rpm,550.000
2026-10-09T10:49:30.610,1,33599,44953603,0,engine_load_pct,11
2026-10-09T10:49:30.619,1,33605,44962565,0,actual_torque_pct,5
2026-10-09T10:49:30.619,1,33605,44962565,0,engine_rpm,550.000
2026-10-09T10:49:30.629,1,33611,44972713,0,actual_torque_pct,5
2026-10-09T10:49:30.629,1,33611,44972713,0,engine_rpm,550.000
2026-10-09T10:49:30.639,1,33619,44983210,0,actual_torque_pct,5
2026-10-09T10:49:30.639,1,33619,44983210,0,engine_rpm,550.000
2026-10-09T10:49:30.641,1,33622,44984907,39,vehicle_speed_kmh,0.000
2026-10-09T10:49:30.649,1,33630,44992581,0,actual_torque_pct,5
2026-10-09T10:49:30.649,1,33630,44992581,0,engine_rpm,550.000
2026-10-09T10:49:30.659,1,33635,45002616,0,engine_load_pct,11
2026-10-09T10:49:30.659,1,33636,45003191,0,actual_torque_pct,5
2026-10-09T10:49:30.659,1,33636,45003191,0,engine_rpm,550.000
2026-10-09T10:49:30.664,1,33638,45008094,0,oil_pressure_kpa,428
2026-10-09T10:49:30.669,1,33643,45012537,0,actual_torque_pct,5
2026-10-09T10:49:30.669,1,33643,45012537,0,engine_rpm,551.000
2026-10-09T10:49:30.670,1,33646,45014255,0,fuel_rate_lph,1.60
2026-10-09T10:49:30.670,1,33646,45014255,0,fuel_econ_inst_kmpl,0.000
2026-10-09T10:49:30.679,1,33652,45022755,0,actual_torque_pct,5
2026-10-09T10:49:30.679,1,33652,45022755,0,engine_rpm,551.000
2026-10-09T10:49:30.680,1,33654,45023906,39,fuel_level_pct,1.2
2026-10-09T10:49:30.690,1,33662,45033107,0,actual_torque_pct,5
2026-10-09T10:49:30.690,1,33662,45033107,0,engine_rpm,551.000
2026-10-09T10:49:30.699,1,33674,45043420,0,actual_torque_pct,5
2026-10-09T10:49:30.699,1,33674,45043420,0,engine_rpm,551.000
2026-10-09T10:49:30.709,1,33679,45052567,0,engine_load_pct,10
2026-10-09T10:49:30.709,1,33680,45053134,0,actual_torque_pct,5
2026-10-09T10:49:30.709,1,33680,45053134,0,engine_rpm,551.000
2026-10-09T10:49:30.719,1,33686,45062561,0,actual_torque_pct,5
2026-10-09T10:49:30.719,1,33686,45062561,0,engine_rpm,551.000
2026-10-09T10:49:30.729,1,33694,45072731,0,actual_torque_pct,5
2026-10-09T10:49:30.729,1,33694,45072731,0,engine_rpm,551.000
2026-10-09T10:49:30.739,1,33702,45083201,0,actual_torque_pct,5
2026-10-09T10:49:30.739,1,33702,45083201,0,engine_rpm,551.000
2026-10-09T10:49:30.741,1,33705,45084906,39,vehicle_speed_kmh,0.000
2026-10-09T10:49:30.749,1,33713,45092571,0,actual_torque_pct,5
2026-10-09T10:49:30.749,1,33713,45092571,0,engine_rpm,551.000
2026-10-09T10:49:30.759,1,33718,45102597,0,engine_load_pct,11
2026-10-09T10:49:30.759,1,33719,45103177,0,actual_torque_pct,5
2026-10-09T10:49:30.759,1,33719,45103177,0,engine_rpm,550.000
2026-10-09T10:49:30.763,1,33721,45106827,0,coolant_temp_c,32
2026-10-09T10:49:30.763,1,33721,45106827,0,fuel_temp_c,31
2026-10-09T10:49:30.763,1,33721,45106827,0,oil_temp_c,32.50
2026-10-09T10:49:30.769,1,33726,45112535,0,actual_torque_pct,5
2026-10-09T10:49:30.769,1,33726,45112535,0,engine_rpm,550.000
2026-10-09T10:49:30.770,1,33729,45114251,0,fuel_rate_lph,1.60
2026-10-09T10:49:30.770,1,33729,45114251,0,fuel_econ_inst_kmpl,0.000
2026-10-09T10:49:30.779,1,33735,45122905,0,actual_torque_pct,5
2026-10-09T10:49:30.779,1,33735,45122905,0,engine_rpm,551.000
2026-10-09T10:49:30.781,1,33738,45124621,39,fuel_level_pct,1.2
2026-10-09T10:49:30.790,1,33745,45133695,0,actual_torque_pct,5
2026-10-09T10:49:30.790,1,33745,45133695,0,engine_rpm,551.000
2026-10-09T10:49:30.799,1,33756,45142582,0,actual_torque_pct,5
2026-10-09T10:49:30.799,1,33756,45142582,0,engine_rpm,550.000
2026-10-09T10:49:30.809,1,33761,45152603,0,engine_load_pct,11
2026-10-09T10:49:30.809,1,33762,45153172,0,actual_torque_pct,5
2026-10-09T10:49:30.809,1,33762,45153172,0,engine_rpm,550.000
2026-10-09T10:49:30.819,1,33768,45162563,0,actual_torque_pct,5
2026-10-09T10:49:30.819,1,33768,45162563,0,engine_rpm,550.000
2026-10-09T10:49:30.829,1,33776,45172775,0,actual_torque_pct,5
2026-10-09T10:49:30.829,1,33776,45172775,0,engine_rpm,550.000
2026-10-09T10:49:30.839,1,33784,45183232,0,actual_torque_pct,5
2026-10-09T10:49:30.839,1,33784,45183232,0,engine_rpm,550.000
2026-10-09T10:49:30.841,1,33787,45184935,39,vehicle_speed_kmh,0.000
2026-10-09T10:49:30.849,1,33795,45192595,0,actual_torque_pct,5
2026-10-09T10:49:30.849,1,33795,45192595,0,engine_rpm,550.000
2026-10-09T10:49:30.859,1,33800,45202619,0,engine_load_pct,11
2026-10-09T10:49:30.859,1,33801,45203172,0,actual_torque_pct,5
2026-10-09T10:49:30.859,1,33801,45203172,0,engine_rpm,550.000
2026-10-09T10:49:30.869,1,33809,45212547,0,actual_torque_pct,5
2026-10-09T10:49:30.869,1,33809,45212547,0,engine_rpm,550.000
2026-10-09T10:49:30.870,1,33811,45213683,0,engine_hours,40.25
2026-10-09T10:49:30.870,1,33812,45214268,0,fuel_rate_lph,1.60
2026-10-09T10:49:30.870,1,33812,45214268,0,fuel_econ_inst_kmpl,0.000
2026-10-09T10:49:30.879,1,33818,45223310,0,actual_torque_pct,5
2026-10-09T10:49:30.879,1,33818,45223310,0,engine_rpm,550.000
2026-10-09T10:49:30.881,1,33821,45225021,39,fuel_level_pct,1.2
2026-10-09T10:49:30.889,1,33827,45233125,0,actual_torque_pct,5
2026-10-09T10:49:30.889,1,33827,45233125,0,engine_rpm,550.000
2026-10-09T10:49:30.899,1,33839,45243118,0,actual_torque_pct,5
2026-10-09T10:49:30.899,1,33839,45243118,0,engine_rpm,551.000
2026-10-09T10:49:30.909,1,33844,45252547,0,engine_load_pct,11
2026-10-09T10:49:30.909,1,33845,45253103,0,actual_torque_pct,5
2026-10-09T10:49:30.909,1,33845,45253103,0,engine_rpm,551.000
2026-10-09T10:49:30.919,1,33850,45262565,0,actual_torque_pct,5
2026-10-09T10:49:30.919,1,33850,45262565,0,engine_rpm,550.000
2026-10-09T10:49:30.929,1,33856,45272796,0,actual_torque_pct,5
2026-10-09T10:49:30.929,1,33856,45272796,0,engine_rpm,550.000
2026-10-09T10:49:30.939,1,33864,45283222,0,actual_torque_pct,5
2026-10-09T10:49:30.939,1,33864,45283222,0,engine_rpm,550.000
2026-10-09T10:49:30.941,1,33867,45284925,39,vehicle_speed_kmh,0.000
2026-10-09T10:49:30.949,1,33875,45292580,0,actual_torque_pct,5
2026-10-09T10:49:30.949,1,33875,45292580,0,engine_rpm,550.000
2026-10-09T10:49:30.959,1,33880,45302617,0,engine_load_pct,11
2026-10-09T10:49:30.959,1,33881,45303169,0,actual_torque_pct,5
2026-10-09T10:49:30.959,1,33881,45303169,0,engine_rpm,550.000
2026-10-09T10:49:30.969,1,33887,45312535,0,actual_torque_pct,5
2026-10-09T10:49:30.969,1,33887,45312535,0,engine_rpm,550.000
2026-10-09T10:49:30.969,1,33888,45313124,0,fuel_rate_lph,1.60
2026-10-09T10:49:30.969,1,33888,45313124,0,fuel_econ_inst_kmpl,0.000
2026-10-09T10:49:30.979,1,33894,45322760,0,actual_torque_pct,5
2026-10-09T10:49:30.979,1,33894,45322760,0,engine_rpm,551.000
2026-10-09T10:49:30.981,1,33897,45324530,39,fuel_level_pct,1.2
2026-10-09T10:49:30.990,1,33904,45333696,0,actual_torque_pct,5
2026-10-09T10:49:30.990,1,33904,45333696,0,engine_rpm,551.000
2026-10-09T10:49:30.999,1,33915,45342581,0,actual_torque_pct,5
2026-10-09T10:49:30.999,1,33915,45342581,0,engine_rpm,551.000
2026-10-09T10:49:31.010,1,33920,45352595,0,engine_load_pct,10
2026-10-09T10:49:31.010,1,33921,45353144,0,actual_torque_pct,5
2026-10-09T10:49:31.010,1,33921,45353144,0,engine_rpm,551.000
2026-10-09T10:49:31.019,1,33926,45362582,0,actual_torque_pct,5
2026-10-09T10:49:31.019,1,33926,45362582,0,engine_rpm,551.000
2026-10-09T10:49:31.029,1,33934,45372715,0,actual_torque_pct,5
2026-10-09T10:49:31.029,1,33934,45372715,0,engine_rpm,550.000
2026-10-09T10:49:31.039,1,33942,45383229,0,actual_torque_pct,5
2026-10-09T10:49:31.039,1,33942,45383229,0,engine_rpm,550.000
2026-10-09T10:49:31.041,1,33945,45384930,39,vehicle_speed_kmh,0.000
2026-10-09T10:49:31.049,1,33953,45392579,0,actual_torque_pct,5
2026-10-09T10:49:31.049,1,33953,45392579,0,engine_rpm,550.000
2026-10-09T10:49:31.059,1,33958,45402607,0,engine_load_pct,11
2026-10-09T10:49:31.059,1,33959,45403179,0,actual_torque_pct,5
2026-10-09T10:49:31.059,1,33959,45403179,0,engine_rpm,550.000
2026-10-09T10:49:31.065,1,33961,45408556,0,boost_pressure_kpa,98
2026-10-09T10:49:31.065,1,33961,45408556,0,intake_manifold_temp_c,31
2026-10-09T10:49:31.069,1,33966,45412537,0,actual_torque_pct,5
2026-10-09T10:49:31.069,1,33966,45412537,0,engine_rpm,550.000
2026-10-09T10:49:31.070,1,33968,45413704,0,fuel_rate_lph,1.60
2026-10-09T10:49:31.070,1,33968,45413704,0,fuel_econ_inst_kmpl,0.000
2026-10-09T10:49:31.079,1,33974,45423319,0,actual_torque_pct,5
2026-10-09T10:49:31.079,1,33974,45423319,0,engine_rpm,550.000
2026-10-09T10:49:31.081,1,33977,45425012,39,fuel_level_pct,1.2
2026-10-09T10:49:31.089,1,33983,45433129,0,actual_torque_pct,5
2026-10-09T10:49:31.089,1,33983,45433129,0,engine_rpm,550.000
2026-10-09T10:49:31.099,1,33995,45442599,0,actual_torque_pct,5
2026-10-09T10:49:31.099,1,33995,45442599,0,engine_rpm,551.000
2026-10-09T10:49:31.109,1,34000,45452592,0,engine_load_pct,11
2026-10-09T10:49:31.109,1,34001,45453144,0,actual_torque_pct,5
2026-10-09T10:49:31.109,1,34001,45453144,0,engine_rpm,551.000
2026-10-09T10:49:31.119,1,34006,45462550,0,actual_torque_pct,5
2026-10-09T10:49:31.119,1,34006,45462550,0,engine_rpm,550.000
2026-10-09T10:49:31.129,1,34012,45472706,0,actual_torque_pct,5
2026-10-09T10:49:31.129,1,34012,45472706,0,engine_rpm,550.000
2026-10-09T10:49:31.140,1,34020,45483209,0,actual_torque_pct,5
2026-10-09T10:49:31.140,1,34020,45483209,0,engine_rpm,550.000
2026-10-09T10:49:31.141,1,34023,45484896,39,vehicle_speed_kmh,0.000
2026-10-09T10:49:31.149,1,34031,45492586,0,actual_torque_pct,5
2026-10-09T10:49:31.149,1,34031,45492586,0,engine_rpm,550.000
2026-10-09T10:49:31.159,1,34036,45502602,0,engine_load_pct,11
2026-10-09T10:49:31.159,1,34037,45503180,0,actual_torque_pct,5
2026-10-09T10:49:31.159,1,34037,45503180,0,engine_rpm,550.000
2026-10-09T10:49:31.164,1,34039,45506626,0,oil_pressure_kpa,428
2026-10-09T10:49:31.169,1,34044,45512545,0,actual_torque_pct,5
2026-10-09T10:49:31.169,1,34044,45512545,0,engine_rpm,550.000
2026-10-09T10:49:31.169,1,34045,45513113,0,fuel_rate_lph,1.60
2026-10-09T10:49:31.169,1,34045,45513113,0,fuel_econ_inst_kmpl,0.000
2026-10-09T10:49:31.179,1,34051,45522773,0,actual_torque_pct,5
2026-10-09T10:49:31.179,1,34051,45522773,0,engine_rpm,550.000
2026-10-09T10:49:31.186,1,34054,45529580,39,fuel_level_pct,1.2
2026-10-09T10:49:31.190,1,34061,45533688,0,actual_torque_pct,5
2026-10-09T10:49:31.190,1,34061,45533688,0,engine_rpm,550.000
2026-10-09T10:49:31.199,1,34072,45542602,0,actual_torque_pct,5
2026-10-09T10:49:31.199,1,34072,45542602,0,engine_rpm,550.000
2026-10-09T10:49:31.209,1,34077,45552586,0,engine_load_pct,11
2026-10-09T10:49:31.209,1,34078,45553164,0,actual_torque_pct,5
2026-10-09T10:49:31.209,1,34078,45553164,0,engine_rpm,550.000
2026-10-09T10:49:31.219,1,34083,45562555,0,actual_torque_pct,5
2026-10-09T10:49:31.219,1,34083,45562555,0,engine_rpm,550.000
2026-10-09T10:49:31.229,1,34089,45572720,0,actual_torque_pct,5
2026-10-09T10:49:31.229,1,34089,45572720,0,engine_rpm,550.000
2026-10-09T10:49:31.239,1,34097,45583210,0,actual_torque_pct,5
2026-10-09T10:49:31.239,1,34097,45583210,0,engine_rpm,550.000
2026-10-09T10:49:31.241,1,34100,45584910,39,vehicle_speed_kmh,0.000
2026-10-09T10:49:31.249,1,34108,45592583,0,actual_torque_pct,5
2026-10-09T10:49:31.249,1,34108,45592583,0,engine_rpm,550.000
2026-10-09T10:49:31.259,1,34113,45602608,0,engine_load_pct,11
2026-10-09T10:49:31.259,1,34114,45603187,0,actual_torque_pct,5
2026-10-09T10:49:31.259,1,34114,45603187,0,engine_rpm,550.000
2026-10-09T10:49:31.269,1,34120,45612542,0,actual_torque_pct,5
2026-10-09T10:49:31.269,1,34120,45612542,0,engine_rpm,550.000
2026-10-09T10:49:31.270,1,34121,45613130,0,fuel_rate_lph,1.60
2026-10-09T10:49:31.270,1,34121,45613130,0,fuel_econ_inst_kmpl,0.000
2026-10-09T10:49:31.280,1,34127,45623764,0,actual_torque_pct,5
2026-10-09T10:49:31.280,1,34127,45623764,0,engine_rpm,550.000
2026-10-09T10:49:31.282,1,34130,45625470,39,fuel_level_pct,1.2
2026-10-09T10:49:31.289,1,34136,45633111,0,actual_torque_pct,5
2026-10-09T10:49:31.289,1,34136,45633111,0,engine_rpm,550.000
2026-10-09T10:49:31.299,1,34148,45642620,0,actual_torque_pct,5
2026-10-09T10:49:31.299,1,34148,45642620,0,engine_rpm,550.000
2026-10-09T10:49:31.309,1,34153,45652588,0,engine_load_pct,11
2026-10-09T10:49:31.309,1,34154,45653159,0,actual_torque_pct,5
2026-10-09T10:49:31.309,1,34154,45653159,0,engine_rpm,550.000
2026-10-09T10:49:31.320,1,34159,45662591,0,actual_torque_pct,5
2026-10-09T10:49:31.320,1,34159,45662591,0,engine_rpm,550.000
2026-10-09T10:49:31.329,1,34166,45672736,0,actual_torque_pct,5
2026-10-09T10:49:31.329,1,34166,45672736,0,engine_rpm,550.000
2026-10-09T10:49:31.339,1,34174,45683219,0,actual_torque_pct,5
2026-10-09T10:49:31.339,1,34174,45683219,0,engine_rpm,550.000
2026-10-09T10:49:31.341,1,34177,45684911,39,vehicle_speed_kmh,0.000
2026-10-09T10:49:31.349,1,34185,45692597,0,actual_torque_pct,5
2026-10-09T10:49:31.349,1,34185,45692597,0,engine_rpm,550.000
2026-10-09T10:49:31.359,1,34190,45702650,0,engine_load_pct,11
2026-10-09T10:49:31.359,1,34191,45703219,0,actual_torque_pct,5
2026-10-09T10:49:31.359,1,34191,45703219,0,engine_rpm,550.000
2026-10-09T10:49:31.369,1,34199,45713109,0,actual_torque_pct,5
2026-10-09T10:49:31.369,1,34199,45713109,0,engine_rpm,550.000
2026-10-09T10:49:31.370,1,34201,45714267,0,fuel_rate_lph,1.60
2026-10-09T10:49:31.370,1,34201,45714267,0,fuel_econ_inst_kmpl,0.000
2026-10-09T10:49:31.377,1,34204,45721060,39,fuel_level_pct,1.2
2026-10-09T10:49:31.379,1,34208,45723362,0,actual_torque_pct,5
2026-10-09T10:49:31.379,1,34208,45723362,0,engine_rpm,550.000
2026-10-09T10:49:31.389,1,34216,45733111,0,actual_torque_pct,5
2026-10-09T10:49:31.389,1,34216,45733111,0,engine_rpm,550.000
2026-10-09T10:49:31.399,1,34229,45742624,0,actual_torque_pct,5
2026-10-09T10:49:31.399,1,34229,45742624,0,engine_rpm,550.000
2026-10-09T10:49:31.409,1,34234,45752522,0,engine_load_pct,11
2026-10-09T10:49:31.409,1,34235,45753098,0,actual_torque_pct,5
2026-10-09T10:49:31.409,1,34235,45753098,0,engine_rpm,550.000
2026-10-09T10:49:31.419,1,34240,45762572,0,actual_torque_pct,5
2026-10-09T10:49:31.419,1,34240,45762572,0,engine_rpm,550.000
2026-10-09T10:49:31.429,1,34246,45772735,0,actual_torque_pct,5
2026-10-09T10:49:31.429,1,34246,45772735,0,engine_rpm,550.000
2026-10-09T10:49:31.439,1,34254,45783208,0,actual_torque_pct,5
2026-10-09T10:49:31.439,1,34254,45783208,0,engine_rpm,550.000
2026-10-09T10:49:31.441,1,34257,45784918,39,vehicle_speed_kmh,0.000
2026-10-09T10:49:31.449,1,34265,45792603,0,actual_torque_pct,5
2026-10-09T10:49:31.449,1,34265,45792603,0,engine_rpm,550.000
2026-10-09T10:49:31.459,1,34270,45802613,0,engine_load_pct,11
2026-10-09T10:49:31.459,1,34271,45803180,0,actual_torque_pct,5
2026-10-09T10:49:31.459,1,34271,45803180,0,engine_rpm,550.000
2026-10-09T10:49:31.469,1,34277,45812522,0,actual_torque_pct,5
2026-10-09T10:49:31.469,1,34277,45812522,0,engine_rpm,551.000
2026-10-09T10:49:31.469,1,34278,45813109,0,fuel_rate_lph,1.60
2026-10-09T10:49:31.469,1,34278,45813109,0,fuel_econ_inst_kmpl,0.000
2026-10-09T10:49:31.479,1,34284,45823253,0,actual_torque_pct,5
2026-10-09T10:49:31.479,1,34284,45823253,0,engine_rpm,551.000
2026-10-09T10:49:31.481,1,34287,45824973,39,fuel_level_pct,1.2
2026-10-09T10:49:31.489,1,34293,45833106,0,actual_torque_pct,5
2026-10-09T10:49:31.489,1,34293,45833106,0,engine_rpm,551.000
2026-10-09T10:49:31.499,1,34305,45842588,0,actual_torque_pct,5
2026-10-09T10:49:31.499,1,34305,45842588,0,engine_rpm,551.000
2026-10-09T10:49:31.509,1,34310,45852583,0,engine_load_pct,10
2026-10-09T10:49:31.509,1,34311,45853158,0,actual_torque_pct,5
2026-10-09T10:49:31.509,1,34311,45853158,0,engine_rpm,551.000
2026-10-09T10:49:31.520,1,34316,45862568,0,actual_torque_pct,5
2026-10-09T10:49:31.520,1,34316,45862568,0,engine_rpm,550.000
2026-10-09T10:49:31.530,1,34322,45872717,0,actual_torque_pct,5
2026-10-09T10:49:31.530,1,34322,45872717,0,engine_rpm,550.000
2026-10-09T10:49:31.540,1,34330,45883215,0,actual_torque_pct,5
2026-10-09T10:49:31.540,1,34330,45883215,0,engine_rpm,550.000
2026-10-09T10:49:31.541,1,34333,45884921,39,vehicle_speed_kmh,0.000
2026-10-09T10:49:31.549,1,34341,45892583,0,actual_torque_pct,5
2026-10-09T10:49:31.549,1,34341,45892583,0,engine_rpm,550.000
2026-10-09T10:49:31.559,1,34346,45902603,0,engine_load_pct,11
2026-10-09T10:49:31.560,1,34347,45903171,0,actual_torque_pct,5
2026-10-09T10:49:31.560,1,34347,45903171,0,engine_rpm,550.000
2026-10-09T10:49:31.562,1,34350,45906453,0,boost_pressure_kpa,98
2026-10-09T10:49:31.562,1,34350,45906453,0,intake_manifold_temp_c,31
2026-10-09T10:49:31.569,1,34355,45912890,0,actual_torque_pct,5
2026-10-09T10:49:31.569,1,34355,45912890,0,engine_rpm,550.000
2026-10-09T10:49:31.571,1,34358,45914615,0,fuel_rate_lph,1.60
2026-10-09T10:49:31.571,1,34358,45914615,0,fuel_econ_inst_kmpl,0.000
2026-10-09T10:49:31.579,1,34364,45922782,0,actual_torque_pct,5
2026-10-09T10:49:31.579,1,34364,45922782,0,engine_rpm,550.000
2026-10-09T10:49:31.581,1,34367,45924568,39,fuel_level_pct,1.2
2026-10-09T10:49:31.589,1,34373,45933117,0,actual_torque_pct,5
2026-10-09T10:49:31.589,1,34373,45933117,0,engine_rpm,550.000
2026-10-09T10:49:31.599,1,34385,45942584,0,actual_torque_pct,5
2026-10-09T10:49:31.599,1,34385,45942584,0,engine_rpm,550.000
2026-10-09T10:49:31.609,1,34390,45952534,0,engine_load_pct,11
2026-10-09T10:49:31.609,1,34391,45953107,0,actual_torque_pct,5
2026-10-09T10:49:31.609,1,34391,45953107,0,engine_rpm,549.000
2026-10-09T10:49:31.619,1,34397,45962554,0,actual_torque_pct,5
2026-10-09T10:49:31.619,1,34397,45962554,0,engine_rpm,549.000
2026-10-09T10:49:31.629,1,34403,45972719,0,actual_torque_pct,5
2026-10-09T10:49:31.629,1,34403,45972719,0,engine_rpm,549.000
2026-10-09T10:49:31.639,1,34411,45983204,0,actual_torque_pct,5
2026-10-09T10:49:31.639,1,34411,45983204,0,engine_rpm,549.000
2026-10-09T10:49:31.641,1,34414,45984910,39,vehicle_speed_kmh,0.000
2026-10-09T10:49:31.649,1,34422,45992576,0,actual_torque_pct,5
2026-10-09T10:49:31.649,1,34422,45992576,0,engine_rpm,550.000
2026-10-09T10:49:31.659,1,34427,46002617,0,engine_load_pct,11
2026-10-09T10:49:31.659,1,34428,46003179,0,actual_torque_pct,5
2026-10-09T10:49:31.659,1,34428,46003179,0,engine_rpm,550.000
2026-10-09T10:49:31.664,1,34430,46007713,0,oil_pressure_kpa,428
2026-10-09T10:49:31.669,1,34435,46012536,0,actual_torque_pct,5
2026-10-09T10:49:31.669,1,34435,46012536,0,engine_rpm,550.000
2026-10-09T10:49:31.670,1,34438,46014267,0,fuel_rate_lph,1.60
2026-10-09T10:49:31.670,1,34438,46014267,0,fuel_econ_inst_kmpl,0.000
2026-10-09T10:49:31.679,1,34444,46022980,0,actual_torque_pct,5
2026-10-09T10:49:31.679,1,34444,46022980,0,engine_rpm,550.000
2026-10-09T10:49:31.681,1,34447,46024675,39,fuel_level_pct,1.2
2026-10-09T10:49:31.690,1,34454,46033115,0,actual_torque_pct,5
2026-10-09T10:49:31.690,1,34454,46033115,0,engine_rpm,550.000
2026-10-09T10:49:31.699,1,34466,46042600,0,actual_torque_pct,5
2026-10-09T10:49:31.699,1,34466,46042600,0,engine_rpm,550.000
2026-10-09T10:49:31.709,1,34471,46052586,0,engine_load_pct,11
2026-10-09T10:49:31.709,1,34472,46053164,0,actual_torque_pct,5
2026-10-09T10:49:31.709,1,34472,46053164,0,engine_rpm,550.000
2026-10-09T10:49:31.719,1,34478,46062608,0,actual_torque_pct,5
2026-10-09T10:49:31.719,1,34478,46062608,0,engine_rpm,550.000
2026-10-09T10:49:31.729,1,34486,46072723,0,actual_torque_pct,5
2026-10-09T10:49:31.729,1,34486,46072723,0,engine_rpm,550.000
2026-10-09T10:49:31.739,1,34494,46083202,0,actual_torque_pct,5
2026-10-09T10:49:31.739,1,34494,46083202,0,engine_rpm,551.000
2026-10-09T10:49:31.741,1,34497,46084906,39,vehicle_speed_kmh,0.000
2026-10-09T10:49:31.749,1,34505,46092574,0,actual_torque_pct,5
2026-10-09T10:49:31.749,1,34505,46092574,0,engine_rpm,551.000
2026-10-09T10:49:31.760,1,34510,46102616,0,engine_load_pct,10
2026-10-09T10:49:31.760,1,34511,46103163,0,actual_torque_pct,5
2026-10-09T10:49:31.760,1,34511,46103163,0,engine_rpm,551.000
2026-10-09T10:49:31.762,1,34513,46106281,0,coolant_temp_c,32
2026-10-09T10:49:31.762,1,34513,46106281,0,fuel_temp_c,31
2026-10-09T10:49:31.762,1,34513,46106281,0,oil_temp_c,32.59
2026-10-09T10:49:31.769,1,34518,46112909,0,actual_torque_pct,5
2026-10-09T10:49:31.769,1,34518,46112909,0,engine_rpm,551.000
2026-10-09T10:49:31.771,1,34521,46114629,0,fuel_rate_lph,1.55
2026-10-09T10:49:31.771,1,34521,46114629,0,fuel_econ_inst_kmpl,0.000
2026-10-09T10:49:31.780,1,34527,46122876,0,actual_torque_pct,5
2026-10-09T10:49:31.780,1,34527,46122876,0,engine_rpm,551.000
2026-10-09T10:49:31.781,1,34530,46124587,39,fuel_level_pct,1.2
2026-10-09T10:49:31.789,1,34536,46133127,0,actual_torque_pct,5
2026-10-09T10:49:31.789,1,34536,46133127,0,engine_rpm,550.000
2026-10-09T10:49:31.799,1,34548,46142604,0,actual_torque_pct,5
2026-10-09T10:49:31.799,1,34548,46142604,0,engine_rpm,550.000
2026-10-09T10:49:31.809,1,34553,46152609,0,engine_load_pct,11
2026-10-09T10:49:31.809,1,34554,46153185,0,actual_torque_pct,5
2026-10-09T10:49:31.809,1,34554,46153185,0,engine_rpm,550.000
2026-10-09T10:49:31.819,1,34560,46162570,0,actual_torque_pct,5
2026-10-09T10:49:31.819,1,34560,46162570,0,engine_rpm,550.000
2026-10-09T10:49:31.829,1,34568,46172731,0,actual_torque_pct,5
2026-10-09T10:49:31.829,1,34568,46172731,0,engine_rpm,550.000
2026-10-09T10:49:31.839,1,34576,46183222,0,actual_torque_pct,5
2026-10-09T10:49:31.839,1,34576,46183222,0,engine_rpm,550.000
2026-10-09T10:49:31.841,1,34579,46184936,39,vehicle_speed_kmh,0.000
2026-10-09T10:49:31.849,1,34587,46192577,0,actual_torque_pct,5
2026-10-09T10:49:31.849,1,34587,46192577,0,engine_rpm,551.000
2026-10-09T10:49:31.860,1,34593,46203004,0,engine_load_pct,11
2026-10-09T10:49:31.860,1,34594,46203568,0,actual_torque_pct,5
2026-10-09T10:49:31.860,1,34594,46203568,0,engine_rpm,551.000
2026-10-09T10:49:31.869,1,34601,46212545,0,actual_torque_pct,5
2026-10-09T10:49:31.869,1,34601,46212545,0,engine_rpm,551.000
2026-10-09T10:49:31.870,1,34603,46213680,0,engine_hours,40.25
2026-10-09T10:49:31.870,1,34604,46214262,0,fuel_rate_lph,1.60
2026-10-09T10:49:31.870,1,34604,46214262,0,fuel_econ_inst_kmpl,0.000
2026-10-09T10:49:31.879,1,34610,46222918,0,actual_torque_pct,5
2026-10-09T10:49:31.879,1,34610,46222918,0,engine_rpm,551.000
2026-10-09T10:49:31.881,1,34613,46224626,39,fuel_level_pct,1.2
2026-10-09T10:49:31.889,1,34619,46233138,0,actual_torque_pct,5
2026-10-09T10:49:31.889,1,34619,46233138,0,engine_rpm,551.000
2026-10-09T10:49:31.899,1,34631,46242635,0,actual_torque_pct,5
2026-10-09T10:49:31.899,1,34631,46242635,0,engine_rpm,551.000
2026-10-09T10:49:31.909,1,34636,46252516,0,engine_load_pct,10
2026-10-09T10:49:31.909,1,34637,46253085,0,actual_torque_pct,5
2026-10-09T10:49:31.909,1,34637,46253085,0,engine_rpm,551.000
2026-10-09T10:49:31.919,1,34642,46262565,0,actual_torque_pct,5
2026-10-09T10:49:31.919,1,34642,46262565,0,engine_rpm,550.000
2026-10-09T10:49:31.929,1,34648,46272788,0,actual_torque_pct,5
2026-10-09T10:49:31.929,1,34648,46272788,0,engine_rpm,550.000
2026-10-09T10:49:31.939,1,34656,46283216,0,actual_torque_pct,5
2026-10-09T10:49:31.939,1,34656,46283216,0,engine_rpm,550.000
2026-10-09T10:49:31.941,1,34659,46284927,39,vehicle_speed_kmh,0.000
2026-10-09T10:49:31.949,1,34667,46292587,0,actual_torque_pct,5
2026-10-09T10:49:31.949,1,34667,46292587,0,engine_rpm,550.000
2026-10-09T10:49:31.959,1,34672,46302552,0,engine_load_pct,11
2026-10-09T10:49:31.959,1,34673,46303132,0,actual_torque_pct,5
2026-10-09T10:49:31.959,1,34673,46303132,0,engine_rpm,550.000
2026-10-09T10:49:31.969,1,34679,46312683,0,actual_torque_pct,5
2026-10-09T10:49:31.969,1,34679,46312683,0,engine_rpm,550.000
2026-10-09T10:49:31.969,1,34680,46313270,0,fuel_rate_lph,1.60
2026-10-09T10:49:31.969,1,34680,46313270,0,fuel_econ_inst_kmpl,0.000
2026-10-09T10:49:31.979,1,34686,46322772,0,actual_torque_pct,5
2026-10-09T10:49:31.979,1,34686,46322772,0,engine_rpm,551.000
2026-10-09T10:49:31.980,1,34688,46324030,39,fuel_level_pct,1.2
2026-10-09T10:49:31.990,1,34695,46333135,0,actual_torque_pct,5
2026-10-09T10:49:31.990,1,34695,46333135,0,engine_rpm,550.000
2026-10-09T10:49:31.999,1,34707,46342603,0,actual_torque_pct,5
2026-10-09T10:49:31.999,1,34707,46342603,0,engine_rpm,550.000
2026-10-09T10:49:32.009,1,34712,46352578,0,engine_load_pct,11
2026-10-09T10:49:32.009,1,34713,46353147,0,actual_torque_pct,5
2026-10-09T10:49:32.009,1,34713,46353147,0,engine_rpm,550.000
2026-10-09T10:49:32.019,1,34718,46362634,0,actual_torque_pct,5
2026-10-09T10:49:32.019,1,34718,46362634,0,engine_rpm,550.000
2026-10-09T10:49:32.029,1,34726,46372796,0,actual_torque_pct,5
2026-10-09T10:49:32.029,1,34726,46372796,0,engine_rpm,550.000
2026-10-09T10:49:32.039,1,34734,46383229,0,actual_torque_pct,5
2026-10-09T10:49:32.039,1,34734,46383229,0,engine_rpm,550.000
2026-10-09T10:49:32.041,1,34737,46384937,39,vehicle_speed_kmh,0.000
2026-10-09T10:49:32.049,1,34745,46392578,0,actual_torque_pct,5
2026-10-09T10:49:32.049,1,34745,46392578,0,engine_rpm,550.000
2026-10-09T10:49:32.059,1,34750,46402802,0,actual_torque_pct,5
2026-10-09T10:49:32.059,1,34750,46402802,0,engine_rpm,550.000
2026-10-09T10:49:32.059,1,34751,46403383,0,engine_load_pct,11
2026-10-09T10:49:32.064,1,34753,46407429,0,boost_pressure_kpa,98
2026-10-09T10:49:32.064,1,34753,46407429,0,intake_manifold_temp_c,31
2026-10-09T10:49:32.069,1,34758,46412538,0,actual_torque_pct,5
2026-10-09T10:49:32.069,1,34758,46412538,0,engine_rpm,550.000
2026-10-09T10:49:32.070,1,34760,46413698,0,fuel_rate_lph,1.60
2026-10-09T10:49:32.070,1,34760,46413698,0,fuel_econ_inst_kmpl,0.000
2026-10-09T10:49:32.079,1,34766,46422763,0,actual_torque_pct,5
2026-10-09T10:49:32.079,1,34766,46422763,0,engine_rpm,550.000
2026-10-09T10:49:32.081,1,34769,46424604,39,fuel_level_pct,1.2
2026-10-09T10:49:32.089,1,34775,46433124,0,actual_torque_pct,5
2026-10-09T10:49:32.089,1,34775,46433124,0,engine_rpm,550.000
2026-10-09T10:49:32.099,1,34787,46442604,0,actual_torque_pct,5
2026-10-09T10:49:32.099,1,34787,46442604,0,engine_rpm,550.000
2026-10-09T10:49:32.109,1,34792,46452600,0,engine_load_pct,11
2026-10-09T10:49:32.109,1,34793,46453171,0,actual_torque_pct,5
2026-10-09T10:49:32.109,1,34793,46453171,0,engine_rpm,550.000
2026-10-09T10:49:32.119,1,34798,46462549,0,actual_torque_pct,5
2026-10-09T10:49:32.119,1,34798,46462549,0,engine_rpm,549.000
2026-10-09T10:49:32.129,1,34804,46472718,0,actual_torque_pct,5
2026-10-09T10:49:32.129,1,34804,46472718,0,engine_rpm,549.000
2026-10-09T10:49:32.139,1,34812,46483210,0,actual_torque_pct,5
2026-10-09T10:49:32.139,1,34812,46483210,0,engine_rpm,550.000
2026-10-09T10:49:32.141,1,34815,46484902,39,vehicle_speed_kmh,0.000
2026-10-09T10:49:32.149,1,34823,46492591,0,actual_torque_pct,5
2026-10-09T10:49:32.149,1,34823,46492591,0,engine_rpm,550.000
2026-10-09T10:49:32.159,1,34828,46502626,0,engine_load_pct,11
2026-10-09T10:49:32.159,1,34829,46503177,0,actual_torque_pct,5
2026-10-09T10:49:32.159,1,34829,46503177,0,engine_rpm,550.000
2026-10-09T10:49:32.163,1,34831,46506081,0,oil_pressure_kpa,428
2026-10-09T10:49:32.169,1,34836,46512637,0,actual_torque_pct,5
2026-10-09T10:49:32.169,1,34836,46512637,0,engine_rpm,550.000
2026-10-09T10:49:32.169,1,34837,46513238,0,fuel_rate_lph,1.60
2026-10-09T10:49:32.169,1,34837,46513238,0,fuel_econ_inst_kmpl,0.000
2026-10-09T10:49:32.179,1,34843,46522756,0,actual_torque_pct,5
2026-10-09T10:49:32.179,1,34843,46522756,0,engine_rpm,550.000
2026-10-09T10:49:32.186,1,34846,46529903,39,fuel_level_pct,1.2
2026-10-09T10:49:32.189,1,34852,46533344,0,actual_torque_pct,5
2026-10-09T10:49:32.189,1,34852,46533344,0,engine_rpm,551.000
2026-10-09T10:49:32.199,1,34864,46542595,0,actual_torque_pct,5
2026-10-09T10:49:32.199,1,34864,46542595,0,engine_rpm,551.000
2026-10-09T10:49:32.209,1,34869,46552582,0,engine_load_pct,10
2026-10-09T10:49:32.209,1,34870,46553151,0,actual_torque_pct,5
2026-10-09T10:49:32.209,1,34870,46553151,0,engine_rpm,551.000
2026-10-09T10:49:32.219,1,34875,46562574,0,actual_torque_pct,5
2026-10-09T10:49:32.219,1,34875,46562574,0,engine_rpm,551.000
2026-10-09T10:49:32.229,1,34881,46572707,0,actual_torque_pct,5
2026-10-09T10:49:32.229,1,34881,46572707,0,engine_rpm,551.000
2026-10-09T10:49:32.239,1,34889,46583199,0,actual_torque_pct,5
2026-10-09T10:49:32.239,1,34889,46583199,0,engine_rpm,551.000
2026-10-09T10:49:32.241,1,34892,46584910,39,vehicle_speed_kmh,0.000
2026-10-09T10:49:32.249,1,34900,46592590,0,actual_torque_pct,5
2026-10-09T10:49:32.249,1,34900,46592590,0,engine_rpm,551.000
2026-10-09T10:49:32.259,1,34905,46602605,0,actual_torque_pct,5
2026-10-09T10:49:32.259,1,34905,46602605,0,engine_rpm,551.000
2026-10-09T10:49:32.259,1,34906,46603177,0,engine_load_pct,10
2026-10-09T10:49:32.269,1,34912,46612538,0,actual_torque_pct,5
2026-10-09T10:49:32.269,1,34912,46612538,0,engine_rpm,551.000
2026-10-09T10:49:32.269,1,34913,46613113,0,fuel_rate_lph,1.55
2026-10-09T10:49:32.269,1,34913,46613113,0,fuel_econ_inst_kmpl,0.000
2026-10-09T10:49:32.279,1,34919,46622757,0,actual_torque_pct,5
2026-10-09T10:49:32.279,1,34919,46622757,0,engine_rpm,551.000
2026-10-09T10:49:32.281,1,34922,46624641,39,fuel_level_pct,1.2
2026-10-09T10:49:32.289,1,34928,46633105,0,actual_torque_pct,5
2026-10-09T10:49:32.289,1,34928,46633105,0,engine_rpm,551.000
2026-10-09T10:49:32.299,1,34940,46642668,0,actual_torque_pct,5
2026-10-09T10:49:32.299,1,34940,46642668,0,engine_rpm,551.000
2026-10-09T10:49:32.309,1,34945,46652603,0,engine_load_pct,10
2026-10-09T10:49:32.309,1,34946,46653156,0,actual_torque_pct,5
2026-10-09T10:49:32.309,1,34946,46653156,0,engine_rpm,551.000
2026-10-09T10:49:32.319,1,34951,46662594,0,actual_torque_pct,5
2026-10-09T10:49:32.319,1,34951,46662594,0,engine_rpm,550.000
2026-10-09T10:49:32.329,1,34958,46672745,0,actual_torque_pct,5
2026-10-09T10:49:32.329,1,34958,46672745,0,engine_rpm,550.000
2026-10-09T10:49:32.339,1,34966,46683200,0,actual_torque_pct,5
2026-10-09T10:49:32.339,1,34966,46683200,0,engine_rpm,550.000
2026-10-09T10:49:32.341,1,34969,46684910,39,vehicle_speed_kmh,0.000
2026-10-09T10:49:32.349,1,34977,46692727,0,actual_torque_pct,5
2026-10-09T10:49:32.349,1,34977,46692727,0,engine_rpm,550.000
2026-10-09T10:49:32.359,1,34982,46702648,0,engine_load_pct,11
2026-10-09T10:49:32.359,1,34983,46703226,0,actual_torque_pct,5
2026-10-09T10:49:32.359,1,34983,46703226,0,engine_rpm,550.000
2026-10-09T10:49:32.369,1,34991,46713056,0,actual_torque_pct,5
2026-10-09T10:49:32.369,1,34991,46713056,0,engine_rpm,550.000
2026-10-09T10:49:32.370,1,34993,46714234,0,fuel_rate_lph,1.60
2026-10-09T10:49:32.370,1,34993,46714234,0,fuel_econ_inst_kmpl,0.000
2026-10-09T10:49:32.379,1,34999,46722761,0,actual_torque_pct,5
2026-10-09T10:49:32.379,1,34999,46722761,0,engine_rpm,550.000
2026-10-09T10:49:32.382,1,35002,46724642,39,fuel_level_pct,1.2
2026-10-09T10:49:32.389,1,35008,46733120,0,actual_torque_pct,5
2026-10-09T10:49:32.389,1,35008,46733120,0,engine_rpm,550.000
2026-10-09T10:49:32.399,1,35021,46742603,0,actual_torque_pct,5
2026-10-09T10:49:32.399,1,35021,46742603,0,engine_rpm,550.000
2026-10-09T10:49:32.409,1,35026,46752604,0,engine_load_pct,11
2026-10-09T10:49:32.409,1,35027,46753158,0,actual_torque_pct,5
2026-10-09T10:49:32.409,1,35027,46753158,0,engine_rpm,550.000
2026-10-09T10:49:32.419,1,35032,46762584,0,actual_torque_pct,5
2026-10-09T10:49:32.419,1,35032,46762584,0,engine_rpm,550.000
2026-10-09T10:49:32.429,1,35038,46772739,0,actual_torque_pct,5
2026-10-09T10:49:32.429,1,35038,46772739,0,engine_rpm,550.000
2026-10-09T10:49:32.439,1,35046,46783218,0,actual_torque_pct,5
2026-10-09T10:49:32.439,1,35046,46783218,0,engine_rpm,550.000
2026-10-09T10:49:32.441,1,35049,46784912,39,vehicle_speed_kmh,0.000
2026-10-09T10:49:32.449,1,35057,46792617,0,actual_torque_pct,5
2026-10-09T10:49:32.449,1,35057,46792617,0,engine_rpm,550.000
2026-10-09T10:49:32.459,1,35062,46802620,0,actual_torque_pct,5
2026-10-09T10:49:32.459,1,35062,46802620,0,engine_rpm,550.000
2026-10-09T10:49:32.459,1,35063,46803196,0,engine_load_pct,11
2026-10-09T10:49:32.469,1,35069,46812537,0,actual_torque_pct,5
2026-10-09T10:49:32.469,1,35069,46812537,0,engine_rpm,551.000
2026-10-09T10:49:32.469,1,35070,46813112,0,fuel_rate_lph,1.60
2026-10-09T10:49:32.469,1,35070,46813112,0,fuel_econ_inst_kmpl,0.000
2026-10-09T10:49:32.479,1,35076,46822767,0,actual_torque_pct,5
2026-10-09T10:49:32.479,1,35076,46822767,0,engine_rpm,550.000
2026-10-09T10:49:32.480,1,35078,46823918,39,fuel_level_pct,1.2
2026-10-09T10:49:32.489,1,35085,46833115,0,actual_torque_pct,5
2026-10-09T10:49:32.489,1,35085,46833115,0,engine_rpm,550.000
2026-10-09T10:49:32.499,1,35097,46842652,0,actual_torque_pct,5
2026-10-09T10:49:32.499,1,35097,46842652,0,engine_rpm,551.000
2026-10-09T10:49:32.509,1,35102,46852598,0,engine_load_pct,11
2026-10-09T10:49:32.509,1,35103,46853150,0,actual_torque_pct,5
2026-10-09T10:49:32.509,1,35103,46853150,0,engine_rpm,551.000
2026-10-09T10:49:32.520,1,35108,46862563,0,actual_torque_pct,5
2026-10-09T10:49:32.520,1,35108,46862563,0,engine_rpm,551.000
2026-10-09T10:49:32.529,1,35114,46872718,0,actual_torque_pct,5
2026-10-09T10:49:32.529,1,35114,46872718,0,engine_rpm,551.000
2026-10-09T10:49:32.539,1,35122,46883220,0,actual_torque_pct,5
2026-10-09T10:49:32.539,1,35122,46883220,0,engine_rpm,550.000
2026-10-09T10:49:32.542,1,35125,46884919,39,vehicle_speed_kmh,0.000
2026-10-09T10:49:32.550,1,35133,46892611,0,actual_torque_pct,5
2026-10-09T10:49:32.550,1,35133,46892611,0,engine_rpm,550.000
2026-10-09T10:49:32.559,1,35138,46902604,0,engine_load_pct,11
2026-10-09T10:49:32.559,1,35139,46903172,0,actual_torque_pct,5
2026-10-09T10:49:32.559,1,35139,46903172,0,engine_rpm,550.000
2026-10-09T10:49:32.562,1,35142,46905887,0,boost_pressure_kpa,98
2026-10-09T10:49:32.562,1,35142,46905887,0,intake_manifold_temp_c,31
2026-10-09T10:49:32.569,1,35147,46912557,0,actual_torque_pct,5
2026-10-09T10:49:32.569,1,35147,46912557,0,engine_rpm,550.000
2026-10-09T10:49:32.570,1,35150,46914267,0,fuel_rate_lph,1.60
2026-10-09T10:49:32.570,1,35150,46914267,0,fuel_econ_inst_kmpl,0.000
2026-10-09T10:49:32.579,1,35156,46922787,0,actual_torque_pct,5
2026-10-09T10:49:32.579,1,35156,46922787,0,engine_rpm,550.000
2026-10-09T10:49:32.581,1,35159,46924646,39,fuel_level_pct,1.2
2026-10-09T10:49:32.589,1,35165,46933131,0,actual_torque_pct,5
2026-10-09T10:49:32.589,1,35165,46933131,0,engine_rpm,549.000
2026-10-09T10:49:32.599,1,35177,46942602,0,actual_torque_pct,5
2026-10-09T10:49:32.599,1,35177,46942602,0,engine_rpm,549.000
2026-10-09T10:49:32.609,1,35182,46952598,0,engine_load_pct,11
2026-10-09T10:49:32.609,1,35183,46953176,0,actual_torque_pct,5
2026-10-09T10:49:32.609,1,35183,46953176,0,engine_rpm,549.000
2026-10-09T10:49:32.619,1,35189,46962573,0,actual_torque_pct,5
2026-10-09T10:49:32.619,1,35189,46962573,0,engine_rpm,549.000
2026-10-09T10:49:32.629,1,35195,46972723,0,actual_torque_pct,5
2026-10-09T10:49:32.629,1,35195,46972723,0,engine_rpm,549.000
2026-10-09T10:49:32.639,1,35203,46983207,0,actual_torque_pct,5
2026-10-09T10:49:32.639,1,35203,46983207,0,engine_rpm,549.000
2026-10-09T10:49:32.641,1,35206,46984917,39,vehicle_speed_kmh,0.000
2026-10-09T10:49:32.649,1,35214,46992598,0,actual_torque_pct,5
2026-10-09T10:49:32.649,1,35214,46992598,0,engine_rpm,549.000
2026-10-09T10:49:32.659,1,35219,47002619,0,engine_load_pct,11
2026-10-09T10:49:32.659,1,35220,47003177,0,actual_torque_pct,5
2026-10-09T10:49:32.659,1,35220,47003177,0,engine_rpm,549.000
2026-10-09T10:49:32.663,1,35222,47006980,0,oil_pressure_kpa,428
2026-10-09T10:49:32.669,1,35227,47012553,0,actual_torque_pct,5
2026-10-09T10:49:32.669,1,35227,47012553,0,engine_rpm,550.000
2026-10-09T10:49:32.670,1,35230,47014274,0,fuel_rate_lph,1.60
2026-10-09T10:49:32.670,1,35230,47014274,0,fuel_econ_inst_kmpl,0.000
2026-10-09T10:49:32.679,1,35236,47022776,0,actual_torque_pct,5
2026-10-09T10:49:32.679,1,35236,47022776,0,engine_rpm,549.000
2026-10-09T10:49:32.681,1,35239,47024657,39,fuel_level_pct,1.2
2026-10-09T10:49:32.690,1,35246,47033126,0,actual_torque_pct,5
2026-10-09T10:49:32.690,1,35246,47033126,0,engine_rpm,549.000
2026-10-09T10:49:32.699,1,35258,47042619,0,actual_torque_pct,5
2026-10-09T10:49:32.699,1,35258,47042619,0,engine_rpm,549.000
2026-10-09T10:49:32.709,1,35263,47052591,0,engine_load_pct,11
2026-10-09T10:49:32.709,1,35264,47053154,0,actual_torque_pct,5
2026-10-09T10:49:32.709,1,35264,47053154,0,engine_rpm,549.000
2026-10-09T10:49:32.719,1,35270,47062572,0,actual_torque_pct,5
2026-10-09T10:49:32.719,1,35270,47062572,0,engine_rpm,549.000
2026-10-09T10:49:32.729,1,35278,47072730,0,actual_torque_pct,5
2026-10-09T10:49:32.729,1,35278,47072730,0,engine_rpm,549.000
2026-10-09T10:49:32.739,1,35286,47083201,0,actual_torque_pct,5
2026-10-09T10:49:32.739,1,35286,47083201,0,engine_rpm,549.000
2026-10-09T10:49:32.742,1,35289,47084906,39,vehicle_speed_kmh,0.000
2026-10-09T10:49:32.749,1,35297,47092583,0,actual_torque_pct,5
2026-10-09T10:49:32.749,1,35297,47092583,0,engine_rpm,549.000
2026-10-09T10:49:32.759,1,35302,47102615,0,engine_load_pct,11
2026-10-09T10:49:32.759,1,35303,47103193,0,actual_torque_pct,5
2026-10-09T10:49:32.759,1,35303,47103193,0,engine_rpm,549.000
2026-10-09T10:49:32.762,1,35305,47105751,0,coolant_temp_c,32
2026-10-09T10:49:32.762,1,35305,47105751,0,fuel_temp_c,31
2026-10-09T10:49:32.762,1,35305,47105751,0,oil_temp_c,32.59
2026-10-09T10:49:32.769,1,35310,47112533,0,actual_torque_pct,5
2026-10-09T10:49:32.769,1,35310,47112533,0,engine_rpm,549.000
2026-10-09T10:49:32.770,1,35313,47114255,0,fuel_rate_lph,1.60
2026-10-09T10:49:32.770,1,35313,47114255,0,fuel_econ_inst_kmpl,0.000
2026-10-09T10:49:32.779,1,35319,47122846,0,actual_torque_pct,5
2026-10-09T10:49:32.779,1,35319,47122846,0,engine_rpm,549.000
2026-10-09T10:49:32.781,1,35322,47124654,39,fuel_level_pct,1.2
2026-10-09T10:49:32.789,1,35328,47133133,0,actual_torque_pct,5
2026-10-09T10:49:32.789,1,35328,47133133,0,engine_rpm,550.000
2026-10-09T10:49:32.799,1,35340,47142610,0,actual_torque_pct,5
2026-10-09T10:49:32.799,1,35340,47142610,0,engine_rpm,550.000
2026-10-09T10:49:32.809,1,35345,47152612,0,engine_load_pct,11
2026-10-09T10:49:32.809,1,35346,47153183,0,actual_torque_pct,5
2026-10-09T10:49:32.809,1,35346,47153183,0,engine_rpm,550.000
2026-10-09T10:49:32.819,1,35352,47162572,0,actual_torque_pct,5
2026-10-09T10:49:32.819,1,35352,47162572,0,engine_rpm,550.000
2026-10-09T10:49:32.829,1,35360,47172736,0,actual_torque_pct,5
2026-10-09T10:49:32.829,1,35360,47172736,0,engine_rpm,550.000
2026-10-09T10:49:32.839,1,35368,47183283,0,actual_torque_pct,5
2026-10-09T10:49:32.839,1,35368,47183283,0,engine_rpm,550.000
2026-10-09T10:49:32.842,1,35371,47185001,39,vehicle_speed_kmh,0.000
2026-10-09T10:49:32.849,1,35379,47192606,0,actual_torque_pct,5
2026-10-09T10:49:32.849,1,35379,47192606,0,engine_rpm,550.000
2026-10-09T10:49:32.859,1,35384,47202617,0,engine_load_pct,11
2026-10-09T10:49:32.859,1,35385,47203199,0,actual_torque_pct,5
2026-10-09T10:49:32.859,1,35385,47203199,0,engine_rpm,550.000
2026-10-09T10:49:32.869,1,35393,47212559,0,actual_torque_pct,5
2026-10-09T10:49:32.869,1,35393,47212559,0,engine_rpm,550.000
2026-10-09T10:49:32.870,1,35395,47213685,0,engine_hours,40.25
2026-10-09T10:49:32.870,1,35396,47214281,0,fuel_rate_lph,1.60
2026-10-09T10:49:32.870,1,35396,47214281,0,fuel_econ_inst_kmpl,0.000
2026-10-09T10:49:32.879,1,35402,47222906,0,actual_torque_pct,5
2026-10-09T10:49:32.879,1,35402,47222906,0,engine_rpm,550.000
2026-10-09T10:49:32.881,1,35405,47224676,39,fuel_level_pct,1.2
2026-10-09T10:49:32.889,1,35411,47233201,0,actual_torque_pct,5
2026-10-09T10:49:32.889,1,35411,47233201,0,engine_rpm,550.000
2026-10-09T10:49:32.899,1,35423,47242659,0,actual_torque_pct,5
2026-10-09T10:49:32.899,1,35423,47242659,0,engine_rpm,550.000
2026-10-09T10:49:32.909,1,35428,47252593,0,engine_load_pct,11
2026-10-09T10:49:32.909,1,35429,47253168,0,actual_torque_pct,5
2026-10-09T10:49:32.909,1,35429,47253168,0,engine_rpm,550.000
2026-10-09T10:49:32.919,1,35434,47262579,0,actual_torque_pct,5
2026-10-09T10:49:32.919,1,35434,47262579,0,engine_rpm,550.000
2026-10-09T10:49:32.929,1,35440,47272737,0,actual_torque_pct,5
2026-10-09T10:49:32.929,1,35440,47272737,0,engine_rpm,550.000
2026-10-09T10:49:32.939,1,35448,47283294,0,actual_torque_pct,5
2026-10-09T10:49:32.939,1,35448,47283294,0,engine_rpm,550.000
2026-10-09T10:49:32.941,1,35451,47285010,39,vehicle_speed_kmh,0.000
2026-10-09T10:49:32.949,1,35459,47292601,0,actual_torque_pct,5
2026-10-09T10:49:32.949,1,35459,47292601,0,engine_rpm,550.000
2026-10-09T10:49:32.959,1,35464,47302624,0,engine_load_pct,11
2026-10-09T10:49:32.959,1,35465,47303177,0,actual_torque_pct,5
2026-10-09T10:49:32.959,1,35465,47303177,0,engine_rpm,550.000
2026-10-09T10:49:32.969,1,35471,47312560,0,actual_torque_pct,5
2026-10-09T10:49:32.969,1,35471,47312560,0,engine_rpm,550.000
2026-10-09T10:49:32.969,1,35472,47313139,0,fuel_rate_lph,1.60
2026-10-09T10:49:32.969,1,35472,47313139,0,fuel_econ_inst_kmpl,0.000
2026-10-09T10:49:32.979,1,35478,47322761,0,actual_torque_pct,5
2026-10-09T10:49:32.979,1,35478,47322761,0,engine_rpm,550.000
2026-10-09T10:49:32.980,1,35480,47323912,39,fuel_level_pct,1.2
2026-10-09T10:49:32.989,1,35487,47333144,0,actual_torque_pct,5
2026-10-09T10:49:32.989,1,35487,47333144,0,engine_rpm,550.000
2026-10-09T10:49:32.999,1,35499,47342650,0,actual_torque_pct,5
2026-10-09T10:49:32.999,1,35499,47342650,0,engine_rpm,550.000
2026-10-09T10:49:33.009,1,35504,47352547,0,engine_load_pct,11
2026-10-09T10:49:33.009,1,35505,47353103,0,actual_torque_pct,5
2026-10-09T10:49:33.009,1,35505,47353103,0,engine_rpm,550.000
2026-10-09T10:49:33.019,1,35510,47362583,0,actual_torque_pct,5
2026-10-09T10:49:33.019,1,35510,47362583,0,engine_rpm,550.000
2026-10-09T10:49:33.029,1,35518,47372803,0,actual_torque_pct,5
2026-10-09T10:49:33.029,1,35518,47372803,0,engine_rpm,551.000
2026-10-09T10:49:33.039,1,35526,47383228,0,actual_torque_pct,5
2026-10-09T10:49:33.039,1,35526,47383228,0,engine_rpm,551.000
2026-10-09T10:49:33.041,1,35529,47384928,39,vehicle_speed_kmh,0.000
2026-10-09T10:49:33.049,1,35537,47392589,0,actual_torque_pct,5
2026-10-09T10:49:33.049,1,35537,47392589,0,engine_rpm,551.000
2026-10-09T10:49:33.059,1,35542,47402620,0,engine_load_pct,11
2026-10-09T10:49:33.059,1,35543,47403198,0,actual_torque_pct,5
2026-10-09T10:49:33.059,1,35543,47403198,0,engine_rpm,551.000
2026-10-09T10:49:33.063,1,35545,47406736,0,boost_pressure_kpa,98
2026-10-09T10:49:33.063,1,35545,47406736,0,intake_manifold_temp_c,31
2026-10-09T10:49:33.069,1,35550,47412560,0,actual_torque_pct,5
2026-10-09T10:49:33.069,1,35550,47412560,0,engine_rpm,551.000
2026-10-09T10:49:33.070,1,35552,47413710,0,fuel_rate_lph,1.55
2026-10-09T10:49:33.070,1,35552,47413710,0,fuel_econ_inst_kmpl,0.000
2026-10-09T10:49:33.079,1,35558,47422763,0,actual_torque_pct,5
2026-10-09T10:49:33.079,1,35558,47422763,0,engine_rpm,550.000
2026-10-09T10:49:33.081,1,35561,47424660,39,fuel_level_pct,1.2
2026-10-09T10:49:33.090,1,35567,47433133,0,actual_torque_pct,5
2026-10-09T10:49:33.090,1,35567,47433133,0,engine_rpm,550.000
2026-10-09T10:49:33.099,1,35579,47442590,0,actual_torque_pct,5
2026-10-09T10:49:33.099,1,35579,47442590,0,engine_rpm,550.000
2026-10-09T10:49:33.109,1,35584,47452594,0,engine_load_pct,11
2026-10-09T10:49:33.109,1,35585,47453162,0,actual_torque_pct,5
2026-10-09T10:49:33.109,1,35585,47453162,0,engine_rpm,550.000
2026-10-09T10:49:33.119,1,35590,47462565,0,actual_torque_pct,5
2026-10-09T10:49:33.119,1,35590,47462565,0,engine_rpm,550.000
2026-10-09T10:49:33.130,1,35596,47472722,0,actual_torque_pct,5
2026-10-09T10:49:33.130,1,35596,47472722,0,engine_rpm,550.000
2026-10-09T10:49:33.139,1,35604,47483215,0,actual_torque_pct,5
2026-10-09T10:49:33.139,1,35604,47483215,0,engine_rpm,549.000
2026-10-09T10:49:33.141,1,35607,47484917,39,vehicle_speed_kmh,0.000
2026-10-09T10:49:33.149,1,35615,47492590,0,actual_torque_pct,5
2026-10-09T10:49:33.149,1,35615,47492590,0,engine_rpm,549.000
2026-10-09T10:49:33.159,1,35620,47502629,0,engine_load_pct,11
2026-10-09T10:49:33.159,1,35621,47503182,0,actual_torque_pct,5
2026-10-09T10:49:33.159,1,35621,47503182,0,engine_rpm,549.000
2026-10-09T10:49:33.162,1,35623,47505554,0,oil_pressure_kpa,428
2026-10-09T10:49:33.169,1,35628,47512552,0,actual_torque_pct,5
2026-10-09T10:49:33.169,1,35628,47512552,0,engine_rpm,550.000
2026-10-09T10:49:33.169,1,35629,47513137,0,fuel_rate_lph,1.60
2026-10-09T10:49:33.169,1,35629,47513137,0,fuel_econ_inst_kmpl,0.000
2026-10-09T10:49:33.179,1,35635,47522778,0,actual_torque_pct,5
2026-10-09T10:49:33.179,1,35635,47522778,0,engine_rpm,550.000
2026-10-09T10:49:33.182,1,35638,47525980,39,fuel_level_pct,1.2
2026-10-09T10:49:33.189,1,35644,47533122,0,actual_torque_pct,5
2026-10-09T10:49:33.189,1,35644,47533122,0,engine_rpm,549.000
2026-10-09T10:49:33.199,1,35656,47542585,0,actual_torque_pct,5
2026-10-09T10:49:33.199,1,35656,47542585,0,engine_rpm,549.000
2026-10-09T10:49:33.209,1,35661,47552594,0,engine_load_pct,11
2026-10-09T10:49:33.209,1,35662,47553149,0,actual_torque_pct,5
2026-10-09T10:49:33.209,1,35662,47553149,0,engine_rpm,549.000
2026-10-09T10:49:33.219,1,35667,47562569,0,actual_torque_pct,5
2026-10-09T10:49:33.219,1,35667,47562569,0,engine_rpm,549.000
2026-10-09T10:49:33.229,1,35673,47572738,0,actual_torque_pct,5
2026-10-09T10:49:33.229,1,35673,47572738,0,engine_rpm,550.000
2026-10-09T10:49:33.239,1,35681,47583206,0,actual_torque_pct,5
2026-10-09T10:49:33.239,1,35681,47583206,0,engine_rpm,550.000
2026-10-09T10:49:33.241,1,35684,47584910,39,vehicle_speed_kmh,0.000
2026-10-09T10:49:33.249,1,35692,47592591,0,actual_torque_pct,5
2026-10-09T10:49:33.249,1,35692,47592591,0,engine_rpm,550.000
2026-10-09T10:49:33.259,1,35697,47602635,0,engine_load_pct,11
2026-10-09T10:49:33.259,1,35698,47603184,0,actual_torque_pct,5
2026-10-09T10:49:33.259,1,35698,47603184,0,engine_rpm,550.000
2026-10-09T10:49:33.269,1,35704,47612538,0,actual_torque_pct,5
2026-10-09T10:49:33.269,1,35704,47612538,0,engine_rpm,550.000
2026-10-09T10:49:33.269,1,35705,47613120,0,fuel_rate_lph,1.60
2026-10-09T10:49:33.269,1,35705,47613120,0,fuel_econ_inst_kmpl,0.000
2026-10-09T10:49:33.279,1,35711,47622772,0,actual_torque_pct,5
2026-10-09T10:49:33.279,1,35711,47622772,0,engine_rpm,550.000
2026-10-09T10:49:33.281,1,35714,47624675,39,fuel_level_pct,1.2
2026-10-09T10:49:33.289,1,35720,47633117,0,actual_torque_pct,5
2026-10-09T10:49:33.289,1,35720,47633117,0,engine_rpm,550.000
2026-10-09T10:49:33.299,1,35732,47642610,0,actual_torque_pct,5
2026-10-09T10:49:33.299,1,35732,47642610,0,engine_rpm,550.000
2026-10-09T10:49:33.309,1,35737,47652612,0,engine_load_pct,11
2026-10-09T10:49:33.309,1,35738,47653188,0,actual_torque_pct,5
2026-10-09T10:49:33.309,1,35738,47653188,0,engine_rpm,550.000
2026-10-09T10:49:33.319,1,35743,47662585,0,actual_torque_pct,5
2026-10-09T10:49:33.319,1,35743,47662585,0,engine_rpm,550.000
2026-10-09T10:49:33.329,1,35750,47672738,0,actual_torque_pct,5
2026-10-09T10:49:33.329,1,35750,47672738,0,engine_rpm,550.000
2026-10-09T10:49:33.339,1,35758,47683215,0,actual_torque_pct,5
2026-10-09T10:49:33.339,1,35758,47683215,0,engine_rpm,550.000
2026-10-09T10:49:33.341,1,35761,47684924,39,vehicle_speed_kmh,0.000
2026-10-09T10:49:33.349,1,35769,47692607,0,actual_torque_pct,5
2026-10-09T10:49:33.349,1,35769,47692607,0,engine_rpm,550.000
2026-10-09T10:49:33.359,1,35774,47702667,0,engine_load_pct,11
2026-10-09T10:49:33.359,1,35775,47703219,0,actual_torque_pct,5
2026-10-09T10:49:33.359,1,35775,47703219,0,engine_rpm,550.000
2026-10-09T10:49:33.369,1,35783,47712548,0,actual_torque_pct,5
2026-10-09T10:49:33.369,1,35783,47712548,0,engine_rpm,550.000
2026-10-09T10:49:33.370,1,35785,47713718,0,fuel_rate_lph,1.60
2026-10-09T10:49:33.370,1,35785,47713718,0,fuel_econ_inst_kmpl,0.000
2026-10-09T10:49:33.379,1,35791,47722782,0,actual_torque_pct,5
2026-10-09T10:49:33.379,1,35791,47722782,0,engine_rpm,550.000
2026-10-09T10:49:33.380,1,35793,47723920,39,fuel_level_pct,1.2
2026-10-09T10:49:33.389,1,35800,47733131,0,actual_torque_pct,5
2026-10-09T10:49:33.389,1,35800,47733131,0,engine_rpm,550.000
2026-10-09T10:49:33.399,1,35813,47742618,0,actual_torque_pct,5
2026-10-09T10:49:33.399,1,35813,47742618,0,engine_rpm,550.000
2026-10-09T10:49:33.409,1,35818,47752599,0,engine_load_pct,11
2026-10-09T10:49:33.409,1,35819,47753167,0,actual_torque_pct,5
2026-10-09T10:49:33.409,1,35819,47753167,0,engine_rpm,550.000
2026-10-09T10:49:33.419,1,35824,47762578,0,actual_torque_pct,5
2026-10-09T10:49:33.419,1,35824,47762578,0,engine_rpm,550.000
2026-10-09T10:49:33.429,1,35830,47772748,0,actual_torque_pct,5
2026-10-09T10:49:33.429,1,35830,47772748,0,engine_rpm,551.000
2026-10-09T10:49:33.439,1,35838,47783229,0,actual_torque_pct,5
2026-10-09T10:49:33.439,1,35838,47783229,0,engine_rpm,551.000
2026-10-09T10:49:33.441,1,35841,47784939,39,vehicle_speed_kmh,0.000
2026-10-09T10:49:33.449,1,35849,47792619,0,actual_torque_pct,6
2026-10-09T10:49:33.449,1,35849,47792619,0,engine_rpm,551.000
2026-10-09T10:49:33.459,1,35854,47802625,0,engine_load_pct,12
2026-10-09T10:49:33.459,1,35855,47803200,0,actual_torque_pct,6
2026-10-09T10:49:33.459,1,35855,47803200,0,engine_rpm,551.000
2026-10-09T10:49:33.469,1,35861,47812566,0,actual_torque_pct,6
2026-10-09T10:49:33.469,1,35861,47812566,0,engine_rpm,551.000
2026-10-09T10:49:33.469,1,35862,47813132,0,fuel_rate_lph,1.80
2026-10-09T10:49:33.469,1,35862,47813132,0,fuel_econ_inst_kmpl,0.000
2026-10-09T10:49:33.479,1,35868,47822759,0,actual_torque_pct,6
2026-10-09T10:49:33.479,1,35868,47822759,0,engine_rpm,551.000
2026-10-09T10:49:33.481,1,35871,47824680,39,fuel_level_pct,1.2
2026-10-09T10:49:33.489,1,35877,47833123,0,actual_torque_pct,6
2026-10-09T10:49:33.489,1,35877,47833123,0,engine_rpm,551.000
2026-10-09T10:49:33.499,1,35889,47842612,0,actual_torque_pct,6
2026-10-09T10:49:33.499,1,35889,47842612,0,engine_rpm,551.000
2026-10-09T10:49:33.509,1,35894,47852533,0,engine_load_pct,12
2026-10-09T10:49:33.509,1,35895,47853109,0,actual_torque_pct,6
2026-10-09T10:49:33.509,1,35895,47853109,0,engine_rpm,551.000
2026-10-09T10:49:33.519,1,35900,47862584,0,actual_torque_pct,6
2026-10-09T10:49:33.519,1,35900,47862584,0,engine_rpm,551.000
2026-10-09T10:49:33.529,1,35906,47872734,0,actual_torque_pct,6
2026-10-09T10:49:33.529,1,35906,47872734,0,engine_rpm,551.000
2026-10-09T10:49:33.539,1,35914,47883219,0,actual_torque_pct,6
2026-10-09T10:49:33.539,1,35914,47883219,0,engine_rpm,552.000
2026-10-09T10:49:33.541,1,35917,47884920,39,vehicle_speed_kmh,0.000
2026-10-09T10:49:33.549,1,35925,47892594,0,actual_torque_pct,7
2026-10-09T10:49:33.549,1,35925,47892594,0,engine_rpm,552.000
2026-10-09T10:49:33.559,1,35930,47902626,0,engine_load_pct,14
2026-10-09T10:49:33.559,1,35931,47903198,0,actual_torque_pct,7
2026-10-09T10:49:33.559,1,35931,47903198,0,engine_rpm,552.000
2026-10-09T10:49:33.561,1,35934,47905388,0,boost_pressure_kpa,98
2026-10-09T10:49:33.561,1,35934,47905388,0,intake_manifold_temp_c,31
2026-10-09T10:49:33.569,1,35939,47912549,0,actual_torque_pct,7
2026-10-09T10:49:33.569,1,35939,47912549,0,engine_rpm,552.000
2026-10-09T10:49:33.570,1,35942,47914269,0,fuel_rate_lph,1.80
2026-10-09T10:49:33.570,1,35942,47914269,0,fuel_econ_inst_kmpl,0.000
2026-10-09T10:49:33.579,1,35948,47922759,0,actual_torque_pct,7
2026-10-09T10:49:33.579,1,35948,47922759,0,engine_rpm,552.000
2026-10-09T10:49:33.581,1,35951,47924716,39,fuel_level_pct,1.2
2026-10-09T10:49:33.590,1,35957,47933140,0,actual_torque_pct,7
2026-10-09T10:49:33.590,1,35957,47933140,0,engine_rpm,552.000
2026-10-09T10:49:33.599,1,35969,47942614,0,actual_torque_pct,7
2026-10-09T10:49:33.599,1,35969,47942614,0,engine_rpm,552.000
2026-10-09T10:49:33.609,1,35974,47952604,0,engine_load_pct,13
2026-10-09T10:49:33.609,1,35975,47953181,0,actual_torque_pct,7
2026-10-09T10:49:33.609,1,35975,47953181,0,engine_rpm,552.000
2026-10-09T10:49:33.619,1,35981,47962588,0,actual_torque_pct,7
2026-10-09T10:49:33.619,1,35981,47962588,0,engine_rpm,552.000
2026-10-09T10:49:33.629,1,35987,47972743,0,actual_torque_pct,8
2026-10-09T10:49:33.629,1,35987,47972743,0,engine_rpm,553.000
2026-10-09T10:49:33.639,1,35995,47983222,0,actual_torque_pct,8
2026-10-09T10:49:33.639,1,35995,47983222,0,engine_rpm,553.000
2026-10-09T10:49:33.641,1,35998,47984913,39,vehicle_speed_kmh,0.000
2026-10-09T10:49:33.649,1,36006,47992596,0,actual_torque_pct,8
2026-10-09T10:49:33.649,1,36006,47992596,0,engine_rpm,553.000
2026-10-09T10:49:33.659,1,36011,48002634,0,engine_load_pct,18
2026-10-09T10:49:33.659,1,36012,48003206,0,actual_torque_pct,9
2026-10-09T10:49:33.659,1,36012,48003206,0,engine_rpm,554.000
2026-10-09T10:49:33.661,1,36014,48005296,0,oil_pressure_kpa,428
2026-10-09T10:49:33.669,1,36019,48012567,0,actual_torque_pct,9
2026-10-09T10:49:33.669,1,36019,48012567,0,engine_rpm,554.000
2026-10-09T10:49:33.670,1,36022,48014270,0,fuel_rate_lph,2.50
2026-10-09T10:49:33.670,1,36022,48014270,0,fuel_econ_inst_kmpl,0.000
2026-10-09T10:49:33.679,1,36028,48022772,0,actual_torque_pct,11
2026-10-09T10:49:33.679,1,36028,48022772,0,engine_rpm,555.000
2026-10-09T10:49:33.681,1,36031,48024716,39,fuel_level_pct,1.2
2026-10-09T10:49:33.690,1,36038,48033141,0,actual_torque_pct,11
2026-10-09T10:49:33.690,1,36038,48033141,0,engine_rpm,555.000
2026-10-09T10:49:33.699,1,36050,48042608,0,actual_torque_pct,11
2026-10-09T10:49:33.699,1,36050,48042608,0,engine_rpm,556.000
2026-10-09T10:49:33.709,1,36055,48052586,0,engine_load_pct,23
2026-10-09T10:49:33.709,1,36056,48053162,0,actual_torque_pct,11
2026-10-09T10:49:33.709,1,36056,48053162,0,engine_rpm,556.000
2026-10-09T10:49:33.719,1,36062,48062564,0,actual_torque_pct,12
2026-10-09T10:49:33.719,1,36062,48062564,0,engine_rpm,557.000
2026-10-09T10:49:33.730,1,36070,48072733,0,actual_torque_pct,12
2026-10-09T10:49:33.730,1,36070,48072733,0,engine_rpm,558.000
2026-10-09T10:49:33.739,1,36078,48083214,0,actual_torque_pct,12
2026-10-09T10:49:33.739,1,36078,48083214,0,engine_rpm,558.000
2026-10-09T10:49:33.741,1,36081,48084917,39,vehicle_speed_kmh,0.000
2026-10-09T10:49:33.749,1,36089,48092602,0,actual_torque_pct,13
2026-10-09T10:49:33.749,1,36089,48092602,0,engine_rpm,559.000
2026-10-09T10:49:33.759,1,36094,48102622,0,engine_load_pct,26
2026-10-09T10:49:33.759,1,36095,48103191,0,actual_torque_pct,13
2026-10-09T10:49:33.759,1,36095,48103191,0,engine_rpm,559.000
2026-10-09T10:49:33.763,1,36097,48106565,0,coolant_temp_c,32
2026-10-09T10:49:33.763,1,36097,48106565,0,fuel_temp_c,31
2026-10-09T10:49:33.763,1,36097,48106565,0,oil_temp_c,32.69
2026-10-09T10:49:33.769,1,36102,48112555,0,actual_torque_pct,14
2026-10-09T10:49:33.769,1,36102,48112555,0,engine_rpm,561.000
2026-10-09T10:49:33.770,1,36105,48114256,0,fuel_rate_lph,3.80
2026-10-09T10:49:33.770,1,36105,48114256,0,fuel_econ_inst_kmpl,0.000
2026-10-09T10:49:33.776,1,36107,48120428,0,actual_torque_pct,14
2026-10-09T10:49:33.776,1,36107,48120428,0,engine_rpm,561.000
2026-10-09T10:49:33.781,1,36114,48124733,39,fuel_level_pct,1.2
2026-10-09T10:49:33.789,1,36120,48133118,0,actual_torque_pct,14
2026-10-09T10:49:33.789,1,36120,48133118,0,engine_rpm,564.000
2026-10-09T10:49:33.799,1,36132,48142592,0,actual_torque_pct,14
2026-10-09T10:49:33.799,1,36132,48142592,0,engine_rpm,564.000
2026-10-09T10:49:33.809,1,36137,48152604,0,engine_load_pct,30
2026-10-09T10:49:33.809,1,36138,48153168,0,actual_torque_pct,15
2026-10-09T10:49:33.809,1,36138,48153168,0,engine_rpm,568.000
2026-10-09T10:49:33.819,1,36144,48162585,0,actual_torque_pct,15
2026-10-09T10:49:33.819,1,36144,48162585,0,engine_rpm,572.000
2026-10-09T10:49:33.826,1,36148,48170411,0,actual_torque_pct,15
2026-10-09T10:49:33.826,1,36148,48170411,0,engine_rpm,572.000
2026-10-09T10:49:33.839,1,36160,48183246,0,actual_torque_pct,15
2026-10-09T10:49:33.839,1,36160,48183246,0,engine_rpm,575.000
2026-10-09T10:49:33.841,1,36163,48184946,39,vehicle_speed_kmh,0.000
2026-10-09T10:49:33.849,1,36171,48192603,0,actual_torque_pct,15
2026-10-09T10:49:33.849,1,36171,48192603,0,engine_rpm,575.000
2026-10-09T10:49:33.859,1,36176,48202626,0,engine_load_pct,30
2026-10-09T10:49:33.859,1,36177,48203197,0,actual_torque_pct,15
2026-10-09T10:49:33.859,1,36177,48203197,0,engine_rpm,579.000
2026-10-09T10:49:33.869,1,36185,48212560,0,actual_torque_pct,14
2026-10-09T10:49:33.869,1,36185,48212560,0,engine_rpm,583.000
2026-10-09T10:49:33.870,1,36187,48213700,0,engine_hours,40.25
2026-10-09T10:49:33.870,1,36188,48214275,0,fuel_rate_lph,4.50
2026-10-09T10:49:33.870,1,36188,48214275,0,fuel_econ_inst_kmpl,0.000
2026-10-09T10:49:33.879,1,36194,48222912,0,actual_torque_pct,14
2026-10-09T10:49:33.879,1,36194,48222912,0,engine_rpm,583.000
2026-10-09T10:49:33.881,1,36197,48224822,39,fuel_level_pct,1.2
2026-10-09T10:49:33.889,1,36203,48233143,0,actual_torque_pct,14
2026-10-09T10:49:33.889,1,36203,48233143,0,engine_rpm,588.000
2026-10-09T10:49:33.899,1,36215,48242672,0,actual_torque_pct,14
2026-10-09T10:49:33.899,1,36215,48242672,0,engine_rpm,588.000
2026-10-09T10:49:33.909,1,36220,48252615,0,engine_load_pct,28
2026-10-09T10:49:33.909,1,36221,48253170,0,actual_torque_pct,14
2026-10-09T10:49:33.909,1,36221,48253170,0,engine_rpm,592.000
2026-10-09T10:49:33.919,1,36226,48262587,0,actual_torque_pct,14
2026-10-09T10:49:33.919,1,36226,48262587,0,engine_rpm,592.000
2026-10-09T10:49:33.927,1,36228,48270372,0,actual_torque_pct,13
2026-10-09T10:49:33.927,1,36228,48270372,0,engine_rpm,596.000
2026-10-09T10:49:33.939,1,36240,48283304,0,actual_torque_pct,12
2026-10-09T10:49:33.939,1,36240,48283304,0,engine_rpm,599.000
2026-10-09T10:49:33.941,1,36243,48285003,39,vehicle_speed_kmh,0.000
2026-10-09T10:49:33.949,1,36251,48292613,0,actual_torque_pct,12
2026-10-09T10:49:33.949,1,36251,48292613,0,engine_rpm,599.000
2026-10-09T10:49:33.959,1,36256,48302630,0,engine_load_pct,22
2026-10-09T10:49:33.959,1,36257,48303192,0,actual_torque_pct,11
2026-10-09T10:49:33.959,1,36257,48303192,0,engine_rpm,603.000
2026-10-09T10:49:33.969,1,36263,48312562,0,actual_torque_pct,10
2026-10-09T10:49:33.969,1,36263,48312562,0,engine_rpm,606.000
2026-10-09T10:49:33.969,1,36264,48313145,0,fuel_rate_lph,3.50
2026-10-09T10:49:33.969,1,36264,48313145,0,fuel_econ_inst_kmpl,0.000
2026-10-09T10:49:33.977,1,36266,48320321,0,actual_torque_pct,10
2026-10-09T10:49:33.977,1,36266,48320321,0,engine_rpm,606.000
2026-10-09T10:49:33.981,1,36273,48324814,39,fuel_level_pct,1.2
2026-10-09T10:49:33.989,1,36279,48333169,0,actual_torque_pct,9
2026-10-09T10:49:33.989,1,36279,48333169,0,engine_rpm,608.000
2026-10-09T10:49:33.999,1,36291,48342628,0,actual_torque_pct,9
2026-10-09T10:49:33.999,1,36291,48342628,0,engine_rpm,608.000
2026-10-09T10:49:34.009,1,36296,48352619,0,engine_load_pct,18
2026-10-09T10:49:34.009,1,36297,48353172,0,actual_torque_pct,9
2026-10-09T10:49:34.009,1,36297,48353172,0,engine_rpm,611.000
2026-10-09T10:49:34.019,1,36302,48362596,0,actual_torque_pct,8
2026-10-09T10:49:34.019,1,36302,48362596,0,engine_rpm,612.000
2026-10-09T10:49:34.026,1,36306,48370310,0,actual_torque_pct,8
2026-10-09T10:49:34.026,1,36306,48370310,0,engine_rpm,612.000
2026-10-09T10:49:34.039,1,36318,48383257,0,actual_torque_pct,7
2026-10-09T10:49:34.039,1,36318,48383257,0,engine_rpm,613.000
2026-10-09T10:49:34.041,1,36321,48384955,39,vehicle_speed_kmh,0.000
2026-10-09T10:49:34.049,1,36329,48392605,0,actual_torque_pct,7
2026-10-09T10:49:34.049,1,36329,48392605,0,engine_rpm,613.000
2026-10-09T10:49:34.059,1,36334,48402571,0,engine_load_pct,10
2026-10-09T10:49:34.059,1,36335,48403143,0,actual_torque_pct,5
2026-10-09T10:49:34.059,1,36335,48403143,0,engine_rpm,614.000
2026-10-09T10:49:34.061,1,36337,48405116,0,boost_pressure_kpa,98
2026-10-09T10:49:34.061,1,36337,48405116,0,intake_manifold_temp_c,31
2026-10-09T10:49:34.069,1,36342,48412575,0,actual_torque_pct,3
2026-10-09T10:49:34.069,1,36342,48412575,0,engine_rpm,616.000
2026-10-09T10:49:34.070,1,36344,48413726,0,fuel_rate_lph,1.70
2026-10-09T10:49:34.070,1,36344,48413726,0,fuel_econ_inst_kmpl,0.000
2026-10-09T10:49:34.076,1,36346,48420291,0,actual_torque_pct,3
2026-10-09T10:49:34.076,1,36346,48420291,0,engine_rpm,616.000
2026-10-09T10:49:34.081,1,36353,48424912,39,fuel_level_pct,1.2
2026-10-09T10:49:34.089,1,36359,48433159,0,actual_torque_pct,3
2026-10-09T10:49:34.089,1,36359,48433159,0,engine_rpm,616.000
2026-10-09T10:49:34.099,1,36371,48442627,0,actual_torque_pct,2
2026-10-09T10:49:34.099,1,36371,48442627,0,engine_rpm,616.000
2026-10-09T10:49:34.107,1,36372,48450264,0,actual_torque_pct,2
2026-10-09T10:49:34.107,1,36372,48450264,0,engine_rpm,616.000
2026-10-09T10:49:34.109,1,36377,48453156,0,engine_load_pct,4
2026-10-09T10:49:34.117,1,36378,48460265,0,actual_torque_pct,1
2026-10-09T10:49:34.117,1,36378,48460265,0,engine_rpm,615.000
2026-10-09T10:49:34.127,1,36384,48470252,0,actual_torque_pct,1
2026-10-09T10:49:34.127,1,36384,48470252,0,engine_rpm,615.000
2026-10-09T10:49:34.136,1,36391,48480249,0,actual_torque_pct,1
2026-10-09T10:49:34.136,1,36391,48480249,0,engine_rpm,614.000
2026-10-09T10:49:34.141,1,36399,48484846,39,vehicle_speed_kmh,0.000
2026-10-09T10:49:34.149,1,36407,48492611,0,actual_torque_pct,1
2026-10-09T10:49:34.149,1,36407,48492611,0,engine_rpm,612.000
2026-10-09T10:49:34.156,1,36408,48500258,0,actual_torque_pct,1
2026-10-09T10:49:34.156,1,36408,48500258,0,engine_rpm,612.000
2026-10-09T10:49:34.159,1,36413,48503168,0,engine_load_pct,2
2026-10-09T10:49:34.163,1,36415,48506299,0,oil_pressure_kpa,460
2026-10-09T10:49:34.168,1,36416,48510238,0,actual_torque_pct,1
2026-10-09T10:49:34.168,1,36416,48510238,0,engine_rpm,609.000
2026-10-09T10:49:34.169,1,36421,48513136,0,fuel_rate_lph,0.30
2026-10-09T10:49:34.169,1,36421,48513136,0,fuel_econ_inst_kmpl,0.000
2026-10-09T10:49:34.176,1,36423,48520230,0,actual_torque_pct,1
2026-10-09T10:49:34.176,1,36423,48520230,0,engine_rpm,609.000
2026-10-09T10:49:34.186,1,36430,48530038,39,fuel_level_pct,1.2
2026-10-09T10:49:34.190,1,36436,48533484,0,actual_torque_pct,1
2026-10-09T10:49:34.190,1,36436,48533484,0,engine_rpm,605.000
2026-10-09T10:49:34.199,1,36448,48542612,0,actual_torque_pct,1
2026-10-09T10:49:34.199,1,36448,48542612,0,engine_rpm,599.000
2026-10-09T10:49:34.206,1,36449,48550210,0,actual_torque_pct,1
2026-10-09T10:49:34.206,1,36449,48550210,0,engine_rpm,599.000
2026-10-09T10:49:34.209,1,36454,48553112,0,engine_load_pct,2
2026-10-09T10:49:34.217,1,36455,48560186,0,actual_torque_pct,1
2026-10-09T10:49:34.217,1,36455,48560186,0,engine_rpm,592.000
2026-10-09T10:49:34.226,1,36461,48570186,0,actual_torque_pct,1
2026-10-09T10:49:34.226,1,36461,48570186,0,engine_rpm,592.000
2026-10-09T10:49:34.237,1,36468,48580212,0,actual_torque_pct,1
2026-10-09T10:49:34.237,1,36468,48580212,0,engine_rpm,584.000
2026-10-09T10:49:34.241,1,36476,48584791,39,vehicle_speed_kmh,0.000
2026-10-09T10:49:34.249,1,36484,48592590,0,actual_torque_pct,1
2026-10-09T10:49:34.249,1,36484,48592590,0,engine_rpm,584.000
2026-10-09T10:49:34.257,1,36485,48600180,0,actual_torque_pct,1
2026-10-09T10:49:34.257,1,36485,48600180,0,engine_rpm,578.000
2026-10-09T10:49:34.259,1,36490,48603075,0,engine_load_pct,2
2026-10-09T10:49:34.267,1,36492,48610242,0,actual_torque_pct,1
2026-10-09T10:49:34.267,1,36492,48610242,0,engine_rpm,572.000
2026-10-09T10:49:34.269,1,36497,48613122,0,fuel_rate_lph,0.25
2026-10-09T10:49:34.269,1,36497,48613122,0,fuel_econ_inst_kmpl,0.000
2026-10-09T10:49:34.277,1,36499,48620180,0,actual_torque_pct,1
2026-10-09T10:49:34.277,1,36499,48620180,0,engine_rpm,572.000
2026-10-09T10:49:34.281,1,36506,48624928,39,fuel_level_pct,1.2
2026-10-09T10:49:34.287,1,36507,48630175,0,actual_torque_pct,1
2026-10-09T10:49:34.287,1,36507,48630175,0,engine_rpm,564.000
2026-10-09T10:49:34.296,1,36520,48640150,0,actual_torque_pct,1
2026-10-09T10:49:34.296,1,36520,48640150,0,engine_rpm,564.000
2026-10-09T10:49:34.306,1,36525,48650153,0,actual_torque_pct,1
2026-10-09T10:49:34.306,1,36525,48650153,0,engine_rpm,557.000
2026-10-09T10:49:34.309,1,36530,48653053,0,engine_load_pct,2
2026-10-09T10:49:34.317,1,36531,48660160,0,actual_torque_pct,1
2026-10-09T10:49:34.317,1,36531,48660160,0,engine_rpm,557.000
2026-10-09T10:49:34.326,1,36538,48670118,0,actual_torque_pct,1
2026-10-09T10:49:34.326,1,36538,48670118,0,engine_rpm,550.000
2026-10-09T10:49:34.339,1,36550,48683232,0,actual_torque_pct,1
2026-10-09T10:49:34.339,1,36550,48683232,0,engine_rpm,550.000
2026-10-09T10:49:34.341,1,36553,48684923,39,vehicle_speed_kmh,0.000
2026-10-09T10:49:34.346,1,36557,48690162,0,actual_torque_pct,2
2026-10-09T10:49:34.346,1,36557,48690162,0,engine_rpm,544.000
2026-10-09T10:49:34.359,1,36566,48702656,0,engine_load_pct,7
2026-10-09T10:49:34.359,1,36567,48703239,0,actual_torque_pct,4
2026-10-09T10:49:34.359,1,36567,48703239,0,engine_rpm,537.000
2026-10-09T10:49:34.366,1,36571,48710120,0,actual_torque_pct,4
2026-10-09T10:49:34.366,1,36571,48710120,0,engine_rpm,537.000
2026-10-09T10:49:34.370,1,36577,48713591,0,fuel_rate_lph,1.10
2026-10-09T10:49:34.370,1,36577,48713591,0,fuel_econ_inst_kmpl,0.000
2026-10-09T10:49:34.376,1,36579,48720105,0,actual_torque_pct,5
2026-10-09T10:49:34.376,1,36579,48720105,0,engine_rpm,530.000
2026-10-09T10:49:34.380,1,36585,48723546,39,fuel_level_pct,1.2
2026-10-09T10:49:34.386,1,36587,48730116,0,actual_torque_pct,5
2026-10-09T10:49:34.386,1,36587,48730116,0,engine_rpm,530.000
2026-10-09T10:49:34.396,1,36601,48740154,0,actual_torque_pct,7
2026-10-09T10:49:34.396,1,36601,48740154,0,engine_rpm,522.000
2026-10-09T10:49:34.406,1,36606,48750151,0,actual_torque_pct,7
2026-10-09T10:49:34.406,1,36606,48750151,0,engine_rpm,522.000
2026-10-09T10:49:34.409,1,36611,48753024,0,engine_load_pct,13
2026-10-09T10:49:34.416,1,36612,48760090,0,actual_torque_pct,8
2026-10-09T10:49:34.416,1,36612,48760090,0,engine_rpm,516.000
2026-10-09T10:49:34.426,1,36618,48770079,0,actual_torque_pct,8
2026-10-09T10:49:34.426,1,36618,48770079,0,engine_rpm,516.000
2026-10-09T10:49:34.439,1,36630,48783236,0,actual_torque_pct,10
2026-10-09T10:49:34.439,1,36630,48783236,0,engine_rpm,511.000
2026-10-09T10:49:34.441,1,36633,48784942,39,vehicle_speed_kmh,0.000
2026-10-09T10:49:34.446,1,36637,48790105,0,actual_torque_pct,10
2026-10-09T10:49:34.446,1,36637,48790105,0,engine_rpm,511.000
2026-10-09T10:49:34.456,1,36642,48800091,0,actual_torque_pct,11
2026-10-09T10:49:34.456,1,36642,48800091,0,engine_rpm,509.000
2026-10-09T10:49:34.459,1,36647,48802976,0,engine_load_pct,21
2026-10-09T10:49:34.466,1,36649,48810058,0,actual_torque_pct,11
2026-10-09T10:49:34.466,1,36649,48810058,0,engine_rpm,509.000
2026-10-09T10:49:34.469,1,36654,48812941,0,fuel_rate_lph,2.65
2026-10-09T10:49:34.469,1,36654,48812941,0,fuel_econ_inst_kmpl,0.000
2026-10-09T10:49:34.476,1,36656,48820101,0,actual_torque_pct,11
2026-10-09T10:49:34.476,1,36656,48820101,0,engine_rpm,510.000
2026-10-09T10:49:34.481,1,36663,48824918,39,fuel_level_pct,1.2
2026-10-09T10:49:34.486,1,36664,48830054,0,actual_torque_pct,11
2026-10-09T10:49:34.486,1,36664,48830054,0,engine_rpm,510.000
2026-10-09T10:49:34.496,1,36677,48840045,0,actual_torque_pct,12
2026-10-09T10:49:34.496,1,36677,48840045,0,engine_rpm,512.000
2026-10-09T10:49:34.507,1,36682,48850052,0,actual_torque_pct,12
2026-10-09T10:49:34.507,1,36682,48850052,0,engine_rpm,512.000
2026-10-09T10:49:34.509,1,36687,48852921,0,engine_load_pct,24
2026-10-09T10:49:34.516,1,36688,48860063,0,actual_torque_pct,13
2026-10-09T10:49:34.516,1,36688,48860063,0,engine_rpm,513.000
2026-10-09T10:49:34.526,1,36694,48870032,0,actual_torque_pct,13
2026-10-09T10:49:34.526,1,36694,48870032,0,engine_rpm,513.000
2026-10-09T10:49:34.536,1,36701,48880024,0,actual_torque_pct,14
2026-10-09T10:49:34.536,1,36701,48880024,0,engine_rpm,514.000
2026-10-09T10:49:34.540,1,36708,48884046,39,vehicle_speed_kmh,0.000
2026-10-09T10:49:34.546,1,36713,48890040,0,actual_torque_pct,14
2026-10-09T10:49:34.546,1,36713,48890040,0,engine_rpm,514.000
2026-10-09T10:49:34.556,1,36718,48900114,0,actual_torque_pct,14
2026-10-09T10:49:34.556,1,36718,48900114,0,engine_rpm,515.000
2026-10-09T10:49:34.560,1,36723,48902978,0,engine_load_pct,29
2026-10-09T10:49:34.561,1,36726,48904851,0,boost_pressure_kpa,100
2026-10-09T10:49:34.561,1,36726,48904851,0,intake_manifold_temp_c,31
2026-10-09T10:49:34.566,1,36727,48910048,0,actual_torque_pct,14
2026-10-09T10:49:34.566,1,36727,48910048,0,engine_rpm,515.000
2026-10-09T10:49:34.570,1,36734,48914041,0,fuel_rate_lph,3.80
2026-10-09T10:49:34.570,1,36734,48914041,0,fuel_econ_inst_kmpl,0.000
2026-10-09T10:49:34.576,1,36736,48919992,0,actual_torque_pct,14
2026-10-09T10:49:34.576,1,36736,48919992,0,engine_rpm,518.000
2026-10-09T10:49:34.581,1,36743,48924926,39,fuel_level_pct,1.2
2026-10-09T10:49:34.589,1,36749,48933138,0,actual_torque_pct,14
2026-10-09T10:49:34.589,1,36749,48933138,0,engine_rpm,518.000
2026-10-09T10:49:34.596,1,36757,48940029,0,actual_torque_pct,15
2026-10-09T10:49:34.596,1,36757,48940029,0,engine_rpm,521.000
2026-10-09T10:49:34.609,1,36766,48952595,0,engine_load_pct,30
2026-10-09T10:49:34.609,1,36767,48953163,0,actual_torque_pct,15
2026-10-09T10:49:34.609,1,36767,48953163,0,engine_rpm,521.000
2026-10-09T10:49:34.616,1,36769,48959993,0,actual_torque_pct,16
2026-10-09T10:49:34.616,1,36769,48959993,0,engine_rpm,525.000
2026-10-09T10:49:34.629,1,36779,48972736,0,actual_torque_pct,16
2026-10-09T10:49:34.629,1,36779,48972736,0,engine_rpm,529.000
2026-10-09T10:49:34.636,1,36782,48980013,0,actual_torque_pct,16
2026-10-09T10:49:34.636,1,36782,48980013,0,engine_rpm,529.000
2026-10-09T10:49:34.640,1,36789,48984030,39,vehicle_speed_kmh,0.000
2026-10-09T10:49:34.646,1,36794,48989998,0,actual_torque_pct,17
2026-10-09T10:49:34.646,1,36794,48989998,0,engine_rpm,534.000
2026-10-09T10:49:34.656,1,36799,48999980,0,actual_torque_pct,17
2026-10-09T10:49:34.656,1,36799,48999980,0,engine_rpm,534.000
2026-10-09T10:49:34.659,1,36804,49002863,0,engine_load_pct,34
2026-10-09T10:49:34.662,1,36806,49005957,0,oil_pressure_kpa,416
2026-10-09T10:49:34.666,1,36807,49009995,0,actual_torque_pct,19
2026-10-09T10:49:34.666,1,36807,49009995,0,engine_rpm,540.000
2026-10-09T10:49:34.670,1,36814,49013999,0,fuel_rate_lph,4.40
2026-10-09T10:49:34.670,1,36814,49013999,0,fuel_econ_inst_kmpl,0.000
2026-10-09T10:49:34.676,1,36816,49019993,0,actual_torque_pct,19
2026-10-09T10:49:34.676,1,36816,49019993,0,engine_rpm,540.000
2026-10-09T10:49:34.681,1,36823,49024917,39,fuel_level_pct,1.2
2026-10-09T10:49:34.686,1,36824,49029962,0,actual_torque_pct,19
2026-10-09T10:49:34.686,1,36824,49029962,0,engine_rpm,545.000
2026-10-09T10:49:34.696,1,36838,49039953,0,actual_torque_pct,19
2026-10-09T10:49:34.696,1,36838,49039953,0,engine_rpm,545.000
2026-10-09T10:49:34.706,1,36843,49049982,0,actual_torque_pct,21
2026-10-09T10:49:34.706,1,36843,49049982,0,engine_rpm,552.000
2026-10-09T10:49:34.709,1,36848,49052869,0,engine_load_pct,42
2026-10-09T10:49:34.719,1,36854,49062602,0,actual_torque_pct,21
2026-10-09T10:49:34.719,1,36854,49062602,0,engine_rpm,552.000
2026-10-09T10:49:34.726,1,36858,49069961,0,actual_torque_pct,22
2026-10-09T10:49:34.726,1,36858,49069961,0,engine_rpm,559.000
2026-10-09T10:49:34.736,1,36865,49079933,0,actual_torque_pct,23
2026-10-09T10:49:34.736,1,36865,49079933,0,engine_rpm,566.000
2026-10-09T10:49:34.740,1,36872,49083956,39,vehicle_speed_kmh,0.000
2026-10-09T10:49:34.746,1,36877,49089956,0,actual_torque_pct,23
2026-10-09T10:49:34.746,1,36877,49089956,0,engine_rpm,566.000
2026-10-09T10:49:34.756,1,36882,49099973,0,actual_torque_pct,23
2026-10-09T10:49:34.756,1,36882,49099973,0,engine_rpm,573.000
2026-10-09T10:49:34.760,1,36887,49102836,0,engine_load_pct,47
2026-10-09T10:49:34.761,1,36889,49104693,0,coolant_temp_c,32
2026-10-09T10:49:34.761,1,36889,49104693,0,fuel_temp_c,31
2026-10-09T10:49:34.761,1,36889,49104693,0,oil_temp_c,32.69
2026-10-09T10:49:34.766,1,36890,49109944,0,actual_torque_pct,23
2026-10-09T10:49:34.766,1,36890,49109944,0,engine_rpm,573.000
2026-10-09T10:49:34.770,1,36897,49113945,0,fuel_rate_lph,6.90
2026-10-09T10:49:34.770,1,36897,49113945,0,fuel_econ_inst_kmpl,0.000
2026-10-09T10:49:34.776,1,36899,49119942,0,actual_torque_pct,24
2026-10-09T10:49:34.776,1,36899,49119942,0,engine_rpm,582.000
2026-10-09T10:49:34.781,1,36906,49125019,39,fuel_level_pct,1.2
2026-10-09T10:49:34.789,1,36912,49133148,0,actual_torque_pct,24
2026-10-09T10:49:34.789,1,36912,49133148,0,engine_rpm,591.000
2026-10-09T10:49:34.796,1,36920,49139911,0,actual_torque_pct,24
2026-10-09T10:49:34.796,1,36920,49139911,0,engine_rpm,591.000
2026-10-09T10:49:34.806,1,36925,49149907,0,actual_torque_pct,24
2026-10-09T10:49:34.806,1,36925,49149907,0,engine_rpm,600.000
2026-10-09T10:49:34.809,1,36930,49152794,0,engine_load_pct,48
2026-10-09T10:49:34.819,1,36936,49162582,0,actual_torque_pct,24
2026-10-09T10:49:34.819,1,36936,49162582,0,engine_rpm,600.000
2026-10-09T10:49:34.826,1,36940,49169895,0,actual_torque_pct,24
2026-10-09T10:49:34.826,1,36940,49169895,0,engine_rpm,610.000
2026-10-09T10:49:34.836,1,36947,49179910,0,actual_torque_pct,24
2026-10-09T10:49:34.836,1,36947,49179910,0,engine_rpm,619.000
2026-10-09T10:49:34.840,1,36954,49183932,39,vehicle_speed_kmh,0.000
2026-10-09T10:49:34.846,1,36959,49189872,0,actual_torque_pct,24
2026-10-09T10:49:34.846,1,36959,49189872,0,engine_rpm,619.000
2026-10-09T10:49:34.856,1,36964,49199886,0,actual_torque_pct,24
2026-10-09T10:49:34.856,1,36964,49199886,0,engine_rpm,630.000
2026-10-09T10:49:34.859,1,36969,49202780,0,engine_load_pct,50
2026-10-09T10:49:34.867,1,36973,49210224,0,actual_torque_pct,24
2026-10-09T10:49:34.867,1,36973,49210224,0,engine_rpm,640.000
2026-10-09T10:49:34.870,1,36979,49213669,0,engine_hours,40.25
2026-10-09T10:49:34.870,1,36980,49214244,0,fuel_rate_lph,8.00
2026-10-09T10:49:34.870,1,36980,49214244,0,fuel_econ_inst_kmpl,0.000
2026-10-09T10:49:34.876,1,36982,49219906,0,actual_torque_pct,24
2026-10-09T10:49:34.876,1,36982,49219906,0,engine_rpm,640.000
2026-10-09T10:49:34.881,1,36989,49225104,39,fuel_level_pct,1.2
2026-10-09T10:49:34.886,1,36990,49229850,0,actual_torque_pct,24
2026-10-09T10:49:34.886,1,36990,49229850,0,engine_rpm,650.000
2026-10-09T10:49:34.899,1,37007,49242712,0,actual_torque_pct,23
2026-10-09T10:49:34.899,1,37007,49242712,0,engine_rpm,659.000
2026-10-09T10:49:34.907,1,37008,49249861,0,actual_torque_pct,23
2026-10-09T10:49:34.907,1,37008,49249861,0,engine_rpm,659.000
2026-10-09T10:49:34.909,1,37013,49252749,0,engine_load_pct,50
2026-10-09T10:49:34.917,1,37014,49259847,0,actual_torque_pct,23
2026-10-09T10:49:34.917,1,37014,49259847,0,engine_rpm,669.000
2026-10-09T10:49:34.926,1,37020,49270380,0,actual_torque_pct,23
2026-10-09T10:49:34.926,1,37020,49270380,0,engine_rpm,678.000
2026-10-09T10:49:34.936,1,37027,49279946,0,actual_torque_pct,23
2026-10-09T10:49:34.936,1,37027,49279946,0,engine_rpm,678.000
2026-10-09T10:49:34.940,1,37034,49283977,39,vehicle_speed_kmh,0.000
2026-10-09T10:49:34.946,1,37039,49289853,0,actual_torque_pct,23
2026-10-09T10:49:34.946,1,37039,49289853,0,engine_rpm,687.000
2026-10-09T10:49:34.956,1,37044,49299864,0,actual_torque_pct,22
2026-10-09T10:49:34.956,1,37044,49299864,0,engine_rpm,695.000
2026-10-09T10:49:34.959,1,37049,49302737,0,engine_load_pct,51
2026-10-09T10:49:34.969,1,37055,49312559,0,actual_torque_pct,22
2026-10-09T10:49:34.969,1,37055,49312559,0,engine_rpm,695.000
2026-10-09T10:49:34.969,1,37056,49313140,0,fuel_rate_lph,8.35
2026-10-09T10:49:34.969,1,37056,49313140,0,fuel_econ_inst_kmpl,0.000
2026-10-09T10:49:34.976,1,37058,49319782,0,actual_torque_pct,22
2026-10-09T10:49:34.976,1,37058,49319782,0,engine_rpm,703.000
2026-10-09T10:49:34.981,1,37065,49324921,39,fuel_level_pct,1.2
2026-10-09T10:49:34.986,1,37066,49329814,0,actual_torque_pct,22
2026-10-09T10:49:34.986,1,37066,49329814,0,engine_rpm,711.000
2026-10-09T10:49:34.999,1,37083,49342622,0,actual_torque_pct,22
2026-10-09T10:49:34.999,1,37083,49342622,0,engine_rpm,719.000
2026-10-09T10:49:35.007,1,37084,49349797,0,actual_torque_pct,22
2026-10-09T10:49:35.007,1,37084,49349797,0,engine_rpm,719.000
2026-10-09T10:49:35.009,1,37089,49352663,0,engine_load_pct,52
2026-10-09T10:49:35.016,1,37090,49359854,0,actual_torque_pct,21
2026-10-09T10:49:35.016,1,37090,49359854,0,engine_rpm,727.000
2026-10-09T10:49:35.027,1,37098,49369807,0,actual_torque_pct,21
2026-10-09T10:49:35.027,1,37098,49369807,0,engine_rpm,735.000
2026-10-09T10:49:35.039,1,37110,49383293,0,actual_torque_pct,21
2026-10-09T10:49:35.039,1,37110,49383293,0,engine_rpm,744.000
2026-10-09T10:49:35.041,1,37113,49385010,39,vehicle_speed_kmh,0.000
2026-10-09T10:49:35.046,1,37117,49389795,0,actual_torque_pct,21
2026-10-09T10:49:35.046,1,37117,49389795,0,engine_rpm,744.000
2026-10-09T10:49:35.056,1,37122,49399780,0,actual_torque_pct,21
2026-10-09T10:49:35.056,1,37122,49399780,0,engine_rpm,751.000
2026-10-09T10:49:35.059,1,37127,49402642,0,engine_load_pct,50
2026-10-09T10:49:35.062,1,37129,49405714,0,boost_pressure_kpa,100
2026-10-09T10:49:35.062,1,37129,49405714,0,intake_manifold_temp_c,31
2026-10-09T10:49:35.066,1,37130,49409777,0,actual_torque_pct,20
2026-10-09T10:49:35.066,1,37130,49409777,0,engine_rpm,758.000
2026-10-09T10:49:35.069,1,37136,49413220,0,fuel_rate_lph,8.50
2026-10-09T10:49:35.069,1,37136,49413220,0,fuel_econ_inst_kmpl,0.000
2026-10-09T10:49:35.079,1,37142,49422826,0,actual_torque_pct,20
2026-10-09T10:49:35.079,1,37142,49422826,0,engine_rpm,765.000
2026-10-09T10:49:35.080,1,37144,49423975,39,fuel_level_pct,1.2
2026-10-09T10:49:35.086,1,37146,49429749,0,actual_torque_pct,20
2026-10-09T10:49:35.086,1,37146,49429749,0,engine_rpm,765.000
2026-10-09T10:49:35.096,1,37159,49439753,0,actual_torque_pct,20
2026-10-09T10:49:35.096,1,37159,49439753,0,engine_rpm,771.000
2026-10-09T10:49:35.106,1,37164,49449774,0,actual_torque_pct,19
2026-10-09T10:49:35.106,1,37164,49449774,0,engine_rpm,777.000
2026-10-09T10:49:35.109,1,37169,49452650,0,engine_load_pct,45
2026-10-09T10:49:35.116,1,37170,49459772,0,actual_torque_pct,19
2026-10-09T10:49:35.116,1,37170,49459772,0,engine_rpm,782.000
2026-10-09T10:49:35.129,1,37180,49472754,0,actual_torque_pct,19
2026-10-09T10:49:35.129,1,37180,49472754,0,engine_rpm,782.000
2026-10-09T10:49:35.136,1,37183,49479739,0,actual_torque_pct,18
2026-10-09T10:49:35.136,1,37183,49479739,0,engine_rpm,788.000
2026-10-09T10:49:35.141,1,37192,49484920,39,vehicle_speed_kmh,0.000
2026-10-09T10:49:35.146,1,37195,49489780,0,actual_torque_pct,18
2026-10-09T10:49:35.146,1,37195,49489780,0,engine_rpm,793.000
2026-10-09T10:49:35.156,1,37200,49499766,0,actual_torque_pct,17
2026-10-09T10:49:35.156,1,37200,49499766,0,engine_rpm,799.000
2026-10-09T10:49:35.159,1,37205,49502656,0,engine_load_pct,40
2026-10-09T10:49:35.160,1,37207,49504516,0,oil_pressure_kpa,524
2026-10-09T10:49:35.166,1,37208,49510023,0,actual_torque_pct,16
2026-10-09T10:49:35.166,1,37208,49510023,0,engine_rpm,804.000
2026-10-09T10:49:35.169,1,37213,49512910,0,fuel_rate_lph,7.70
2026-10-09T10:49:35.169,1,37213,49512910,0,fuel_econ_inst_kmpl,0.000
2026-10-09T10:49:35.179,1,37219,49522763,0,actual_torque_pct,16
2026-10-09T10:49:35.179,1,37219,49522763,0,engine_rpm,810.000
2026-10-09T10:49:35.186,1,37222,49529734,0,actual_torque_pct,16
2026-10-09T10:49:35.186,1,37222,49529734,0,engine_rpm,810.000
2026-10-09T10:49:35.187,1,37224,49530898,39,fuel_level_pct,1.2
2026-10-09T10:49:35.196,1,37236,49539740,0,actual_torque_pct,15
2026-10-09T10:49:35.196,1,37236,49539740,0,engine_rpm,816.000
2026-10-09T10:49:35.206,1,37241,49549721,0,actual_torque_pct,15
2026-10-09T10:49:35.206,1,37241,49549721,0,engine_rpm,820.000
2026-10-09T10:49:35.206,1,37242,49550301,0,engine_load_pct,35
2026-10-09T10:49:35.216,1,37247,49559712,0,actual_torque_pct,14
2026-10-09T10:49:35.216,1,37247,49559712,0,engine_rpm,823.000
2026-10-09T10:49:35.226,1,37253,49569799,0,actual_torque_pct,11
2026-10-09T10:49:35.226,1,37253,49569799,0,engine_rpm,825.000
2026-10-09T10:49:35.239,1,37265,49583217,0,actual_torque_pct,11
2026-10-09T10:49:35.239,1,37265,49583217,0,engine_rpm,825.000
2026-10-09T10:49:35.241,1,37268,49584935,39,vehicle_speed_kmh,0.000
2026-10-09T10:49:35.246,1,37272,49589715,0,actual_torque_pct,11
2026-10-09T10:49:35.246,1,37272,49589715,0,engine_rpm,826.000
2026-10-09T10:49:35.256,1,37277,49599689,0,actual_torque_pct,9
2026-10-09T10:49:35.256,1,37277,49599689,0,engine_rpm,827.000
2026-10-09T10:49:35.256,1,37278,49600268,0,engine_load_pct,21
2026-10-09T10:49:35.266,1,37284,49609702,0,actual_torque_pct,7
2026-10-09T10:49:35.266,1,37284,49609702,0,engine_rpm,828.000
2026-10-09T10:49:35.269,1,37289,49612586,0,fuel_rate_lph,4.85
2026-10-09T10:49:35.269,1,37289,49612586,0,fuel_econ_inst_kmpl,0.000
2026-10-09T10:49:35.276,1,37291,49619708,0,actual_torque_pct,7
2026-10-09T10:49:35.276,1,37291,49619708,0,engine_rpm,828.000
2026-10-09T10:49:35.281,1,37298,49624924,39,fuel_level_pct,1.2
2026-10-09T10:49:35.286,1,37299,49629841,0,actual_torque_pct,5
2026-10-09T10:49:35.286,1,37299,49629841,0,engine_rpm,828.000
2026-10-09T10:49:35.299,1,37316,49642627,0,actual_torque_pct,5
2026-10-09T10:49:35.299,1,37316,49642627,0,engine_rpm,828.000
2026-10-09T10:49:35.306,1,37317,49649665,0,actual_torque_pct,5
2026-10-09T10:49:35.306,1,37317,49649665,0,engine_rpm,828.000
2026-10-09T10:49:35.306,1,37318,49650251,0,engine_load_pct,11
2026-10-09T10:49:35.316,1,37323,49659667,0,actual_torque_pct,4
2026-10-09T10:49:35.316,1,37323,49659667,0,engine_rpm,826.000
2026-10-09T10:49:35.326,1,37330,49669638,0,actual_torque_pct,3
2026-10-09T10:49:35.326,1,37330,49669638,0,engine_rpm,824.000
2026-10-09T10:49:35.336,1,37337,49679619,0,actual_torque_pct,3
2026-10-09T10:49:35.336,1,37337,49679619,0,engine_rpm,823.000
2026-10-09T10:49:35.340,1,37345,49684233,39,vehicle_speed_kmh,0.000
2026-10-09T10:49:35.349,1,37353,49692623,0,actual_torque_pct,3
2026-10-09T10:49:35.349,1,37353,49692623,0,engine_rpm,821.000
2026-10-09T10:49:35.359,1,37358,49702675,0,engine_load_pct,7
2026-10-09T10:49:35.359,1,37359,49703251,0,actual_torque_pct,3
2026-10-09T10:49:35.359,1,37359,49703251,0,engine_rpm,821.000
2026-10-09T10:49:35.366,1,37363,49710002,0,actual_torque_pct,3
2026-10-09T10:49:35.366,1,37363,49710002,0,engine_rpm,818.000
2026-10-09T10:49:35.369,1,37369,49713462,0,fuel_rate_lph,1.35
2026-10-09T10:49:35.369,1,37369,49713462,0,fuel_econ_inst_kmpl,0.000
2026-10-09T10:49:35.376,1,37371,49719615,0,actual_torque_pct,2
2026-10-09T10:49:35.376,1,37371,49719615,0,engine_rpm,815.000
2026-10-09T10:49:35.381,1,37378,49725005,39,fuel_level_pct,1.2
2026-10-09T10:49:35.386,1,37379,49729620,0,actual_torque_pct,2
2026-10-09T10:49:35.386,1,37379,49729620,0,engine_rpm,811.000
2026-10-09T10:49:35.396,1,37393,49739956,0,actual_torque_pct,2
2026-10-09T10:49:35.396,1,37393,49739956,0,engine_rpm,808.000
2026-10-09T10:49:35.409,1,37402,49752609,0,engine_load_pct,5
2026-10-09T10:49:35.409,1,37403,49753187,0,actual_torque_pct,2
2026-10-09T10:49:35.409,1,37403,49753187,0,engine_rpm,808.000
2026-10-09T10:49:35.416,1,37404,49759599,0,actual_torque_pct,2
2026-10-09T10:49:35.416,1,37404,49759599,0,engine_rpm,804.000
2026-10-09T10:49:35.426,1,37410,49769617,0,actual_torque_pct,2
2026-10-09T10:49:35.426,1,37410,49769617,0,engine_rpm,801.000
2026-10-09T10:49:35.436,1,37417,49779614,0,actual_torque_pct,2
2026-10-09T10:49:35.436,1,37417,49779614,0,engine_rpm,797.000
2026-10-09T10:49:35.440,1,37425,49784231,39,vehicle_speed_kmh,0.000
2026-10-09T10:49:35.446,1,37429,49790082,0,actual_torque_pct,3
2026-10-09T10:49:35.446,1,37429,49790082,0,engine_rpm,793.000
2026-10-09T10:49:35.459,1,37438,49802655,0,engine_load_pct,7
2026-10-09T10:49:35.459,1,37439,49803206,0,actual_torque_pct,3
2026-10-09T10:49:35.459,1,37439,49803206,0,engine_rpm,793.000
2026-10-09T10:49:35.466,1,37441,49809577,0,actual_torque_pct,3
2026-10-09T10:49:35.466,1,37441,49809577,0,engine_rpm,789.000
2026-10-09T10:49:35.467,1,37442,49810181,0,fuel_rate_lph,1.25
2026-10-09T10:49:35.467,1,37442,49810181,0,fuel_econ_inst_kmpl,0.000
2026-10-09T10:49:35.476,1,37448,49819569,0,actual_torque_pct,3
2026-10-09T10:49:35.476,1,37448,49819569,0,engine_rpm,786.000
2026-10-09T10:49:35.482,1,37455,49824994,39,fuel_level_pct,1.2
2026-10-09T10:49:35.485,1,37456,49829541,0,actual_torque_pct,5
2026-10-09T10:49:35.485,1,37456,49829541,0,engine_rpm,783.000
2026-10-09T10:49:35.499,1,37473,49842615,0,actual_torque_pct,5
2026-10-09T10:49:35.499,1,37473,49842615,0,engine_rpm,783.000
2026-10-09T10:49:35.506,1,37474,49849548,0,actual_torque_pct,5
2026-10-09T10:49:35.506,1,37474,49849548,0,engine_rpm,780.000
2026-10-09T10:49:35.506,1,37475,49850129,0,engine_load_pct,11
2026-10-09T10:49:35.516,1,37480,49859579,0,actual_torque_pct,6
2026-10-09T10:49:35.516,1,37480,49859579,0,engine_rpm,777.000
2026-10-09T10:49:35.525,1,37486,49869522,0,actual_torque_pct,7
2026-10-09T10:49:35.525,1,37486,49869522,0,engine_rpm,774.000
2026-10-09T10:49:35.539,1,37498,49883243,0,actual_torque_pct,7
2026-10-09T10:49:35.539,1,37498,49883243,0,engine_rpm,772.000
2026-10-09T10:49:35.541,1,37501,49884938,39,vehicle_speed_kmh,0.000
2026-10-09T10:49:35.545,1,37505,49889536,0,actual_torque_pct,7
2026-10-09T10:49:35.545,1,37505,49889536,0,engine_rpm,772.000
2026-10-09T10:49:35.556,1,37510,49899595,0,actual_torque_pct,8
2026-10-09T10:49:35.556,1,37510,49899595,0,engine_rpm,769.000
2026-10-09T10:49:35.556,1,37511,49900177,0,engine_load_pct,18
2026-10-09T10:49:35.562,1,37518,49905603,0,boost_pressure_kpa,100
2026-10-09T10:49:35.562,1,37518,49905603,0,intake_manifold_temp_c,31
2026-10-09T10:49:35.566,1,37519,49909495,0,actual_torque_pct,9
2026-10-09T10:49:35.566,1,37519,49909495,0,engine_rpm,768.000
2026-10-09T10:49:35.570,1,37526,49913529,0,fuel_rate_lph,2.95
2026-10-09T10:49:35.570,1,37526,49913529,0,fuel_econ_inst_kmpl,0.000
2026-10-09T10:49:35.575,1,37528,49919487,0,actual_torque_pct,9
2026-10-09T10:49:35.575,1,37528,49919487,0,engine_rpm,767.000
2026-10-09T10:49:35.582,1,37535,49925011,39,fuel_level_pct,1.2
2026-10-09T10:49:35.589,1,37541,49933156,0,actual_torque_pct,9
2026-10-09T10:49:35.589,1,37541,49933156,0,engine_rpm,767.000
2026-10-09T10:49:35.595,1,37549,49939505,0,actual_torque_pct,10
2026-10-09T10:49:35.595,1,37549,49939505,0,engine_rpm,766.000
2026-10-09T10:49:35.606,1,37554,49949488,0,actual_torque_pct,10
2026-10-09T10:49:35.606,1,37554,49949488,0,engine_rpm,765.000
2026-10-09T10:49:35.607,1,37555,49950076,0,engine_load_pct,23
2026-10-09T10:49:35.616,1,37561,49959472,0,actual_torque_pct,11
2026-10-09T10:49:35.616,1,37561,49959472,0,engine_rpm,764.000
2026-10-09T10:49:35.629,1,37571,49972754,0,actual_torque_pct,11
2026-10-09T10:49:35.629,1,37571,49972754,0,engine_rpm,764.000
2026-10-09T10:49:35.636,1,37574,49979478,0,actual_torque_pct,12
2026-10-09T10:49:35.636,1,37574,49979478,0,engine_rpm,765.000
2026-10-09T10:49:35.640,1,37582,49984094,39,vehicle_speed_kmh,0.000
2026-10-09T10:49:35.646,1,37586,49989468,0,actual_torque_pct,12
2026-10-09T10:49:35.646,1,37586,49989468,0,engine_rpm,764.000
2026-10-09T10:49:35.656,1,37591,49999460,0,actual_torque_pct,13
2026-10-09T10:49:35.656,1,37591,49999460,0,engine_rpm,765.000
2026-10-09T10:49:35.657,1,37592,50000027,0,engine_load_pct,30
2026-10-09T10:49:35.660,1,37598,50004256,0,oil_pressure_kpa,572
2026-10-09T10:49:35.669,1,37603,50012575,0,actual_torque_pct,15
2026-10-09T10:49:35.669,1,37603,50012575,0,engine_rpm,767.000
2026-10-09T10:49:35.670,1,37606,50014274,0,fuel_rate_lph,5.05
2026-10-09T10:49:35.670,1,37606,50014274,0,fuel_econ_inst_kmpl,0.000
2026-10-09T10:49:35.675,1,37608,50019471,0,actual_torque_pct,15
2026-10-09T10:49:35.675,1,37608,50019471,0,engine_rpm,767.000
2026-10-09T10:49:35.681,1,37615,50024996,39,fuel_level_pct,1.2
2026-10-09T10:49:35.686,1,37616,50029448,0,actual_torque_pct,15
2026-10-09T10:49:35.686,1,37616,50029448,0,engine_rpm,769.000
2026-10-09T10:49:35.695,1,37630,50039442,0,actual_torque_pct,16
2026-10-09T10:49:35.695,1,37630,50039442,0,engine_rpm,769.000
2026-10-09T10:49:35.706,1,37635,50049425,0,actual_torque_pct,17
2026-10-09T10:49:35.706,1,37635,50049425,0,engine_rpm,769.000
2026-10-09T10:49:35.707,1,37636,50050026,0,engine_load_pct,39
2026-10-09T10:49:35.719,1,37646,50062596,0,actual_torque_pct,17
2026-10-09T10:49:35.719,1,37646,50062596,0,engine_rpm,769.000
2026-10-09T10:49:35.725,1,37650,50069416,0,actual_torque_pct,17
2026-10-09T10:49:35.725,1,37650,50069416,0,engine_rpm,770.000
2026-10-09T10:49:35.735,1,37657,50079409,0,actual_torque_pct,19
2026-10-09T10:49:35.735,1,37657,50079409,0,engine_rpm,773.000
2026-10-09T10:49:35.741,1,37665,50084013,39,vehicle_speed_kmh,0.000
2026-10-09T10:49:35.746,1,37669,50089445,0,actual_torque_pct,20
2026-10-09T10:49:35.746,1,37669,50089445,0,engine_rpm,776.000
2026-10-09T10:49:35.759,1,37678,50102637,0,engine_load_pct,46
2026-10-09T10:49:35.759,1,37679,50103210,0,actual_torque_pct,20
2026-10-09T10:49:35.759,1,37679,50103210,0,engine_rpm,780.000
2026-10-09T10:49:35.761,1,37681,50105458,0,coolant_temp_c,32
2026-10-09T10:49:35.761,1,37681,50105458,0,fuel_temp_c,31
2026-10-09T10:49:35.761,1,37681,50105458,0,oil_temp_c,32.69
2026-10-09T10:49:35.766,1,37682,50109403,0,actual_torque_pct,20
2026-10-09T10:49:35.766,1,37682,50109403,0,engine_rpm,780.000
2026-10-09T10:49:35.769,1,37689,50113425,0,fuel_rate_lph,8.30
2026-10-09T10:49:35.769,1,37689,50113425,0,fuel_econ_inst_kmpl,0.000
2026-10-09T10:49:35.775,1,37691,50119401,0,actual_torque_pct,22
2026-10-09T10:49:35.775,1,37691,50119401,0,engine_rpm,784.000
2026-10-09T10:49:35.781,1,37698,50125111,39,fuel_level_pct,1.2
2026-10-09T10:49:35.786,1,37699,50129396,0,actual_torque_pct,24
2026-10-09T10:49:35.786,1,37699,50129396,0,engine_rpm,789.000
2026-10-09T10:49:35.795,1,37712,50139413,0,actual_torque_pct,24
2026-10-09T10:49:35.795,1,37712,50139413,0,engine_rpm,796.000
2026-10-09T10:49:35.809,1,37721,50152625,0,engine_load_pct,58
2026-10-09T10:49:35.809,1,37722,50153193,0,actual_torque_pct,25
2026-10-09T10:49:35.809,1,37722,50153193,0,engine_rpm,802.000
2026-10-09T10:49:35.816,1,37724,50159393,0,actual_torque_pct,25
2026-10-09T10:49:35.816,1,37724,50159393,0,engine_rpm,802.000
2026-10-09T10:49:35.825,1,37732,50169400,0,actual_torque_pct,25
2026-10-09T10:49:35.825,1,37732,50169400,0,engine_rpm,811.000
2026-10-09T10:49:35.835,1,37739,50179417,0,actual_torque_pct,26
2026-10-09T10:49:35.835,1,37739,50179417,0,engine_rpm,819.000
2026-10-09T10:49:35.841,1,37747,50184029,39,vehicle_speed_kmh,0.000
2026-10-09T10:49:35.846,1,37751,50189387,0,actual_torque_pct,26
2026-10-09T10:49:35.846,1,37751,50189387,0,engine_rpm,825.000
2026-10-09T10:49:35.856,1,37756,50199394,0,actual_torque_pct,26
2026-10-09T10:49:35.856,1,37756,50199394,0,engine_rpm,831.000
2026-10-09T10:49:35.857,1,37757,50199979,0,engine_load_pct,60
2026-10-09T10:49:35.869,1,37769,50212577,0,actual_torque_pct,26
2026-10-09T10:49:35.869,1,37769,50212577,0,engine_rpm,831.000
2026-10-09T10:49:35.870,1,37771,50213725,0,engine_hours,40.25
2026-10-09T10:49:35.870,1,37772,50214294,0,fuel_rate_lph,11.00
2026-10-09T10:49:35.870,1,37772,50214294,0,fuel_econ_inst_kmpl,0.000
2026-10-09T10:49:35.875,1,37774,50219393,0,actual_torque_pct,27
2026-10-09T10:49:35.875,1,37774,50219393,0,engine_rpm,838.000
2026-10-09T10:49:35.882,1,37781,50225108,39,fuel_level_pct,1.2
2026-10-09T10:49:35.886,1,37782,50229388,0,actual_torque_pct,27
2026-10-09T10:49:35.886,1,37782,50229388,0,engine_rpm,844.000
2026-10-09T10:49:35.895,1,37795,50239350,0,actual_torque_pct,27
2026-10-09T10:49:35.895,1,37795,50239350,0,engine_rpm,852.000
2026-10-09T10:49:35.906,1,37800,50249363,0,actual_torque_pct,27
2026-10-09T10:49:35.906,1,37800,50249363,0,engine_rpm,859.000
2026-10-09T10:49:35.907,1,37801,50249967,0,engine_load_pct,62
2026-10-09T10:49:35.916,1,37806,50259361,0,actual_torque_pct,27
2026-10-09T10:49:35.916,1,37806,50259361,0,engine_rpm,866.000
2026-10-09T10:49:35.925,1,37812,50269338,0,actual_torque_pct,27
2026-10-09T10:49:35.925,1,37812,50269338,0,engine_rpm,874.000
2026-10-09T10:49:35.937,1,37819,50280251,0,actual_torque_pct,27
2026-10-09T10:49:35.937,1,37819,50280251,0,engine_rpm,881.000
2026-10-09T10:49:35.940,1,37826,50284276,39,vehicle_speed_kmh,0.000
2026-10-09T10:49:35.949,1,37835,50292661,0,actual_torque_pct,27
2026-10-09T10:49:35.949,1,37835,50292661,0,engine_rpm,881.000
2026-10-09T10:49:35.956,1,37836,50299351,0,actual_torque_pct,26
2026-10-09T10:49:35.956,1,37836,50299351,0,engine_rpm,888.000
2026-10-09T10:49:35.956,1,37837,50299947,0,engine_load_pct,60
2026-10-09T10:49:35.966,1,37843,50309335,0,actual_torque_pct,26
2026-10-09T10:49:35.966,1,37843,50309335,0,engine_rpm,895.000
2026-10-09T10:49:35.966,1,37844,50309915,0,fuel_rate_lph,11.25
2026-10-09T10:49:35.966,1,37844,50309915,0,fuel_econ_inst_kmpl,0.000
2026-10-09T10:49:35.976,1,37850,50319369,0,actual_torque_pct,26
2026-10-09T10:49:35.976,1,37850,50319369,0,engine_rpm,902.000
2026-10-09T10:49:35.981,1,37857,50324989,39,fuel_level_pct,1.2
2026-10-09T10:49:35.986,1,37858,50329338,0,actual_torque_pct,26
2026-10-09T10:49:35.986,1,37858,50329338,0,engine_rpm,909.000
2026-10-09T10:49:35.995,1,37871,50339332,0,actual_torque_pct,26
2026-10-09T10:49:35.995,1,37871,50339332,0,engine_rpm,915.000
2026-10-09T10:49:36.006,1,37876,50349300,0,actual_torque_pct,25
2026-10-09T10:49:36.006,1,37876,50349300,0,engine_rpm,920.000
2026-10-09T10:49:36.007,1,37877,50349903,0,engine_load_pct,57
2026-10-09T10:49:36.016,1,37882,50359279,0,actual_torque_pct,25
2026-10-09T10:49:36.016,1,37882,50359279,0,engine_rpm,925.000
2026-10-09T10:49:36.025,1,37889,50369350,0,actual_torque_pct,25
2026-10-09T10:49:36.025,1,37889,50369350,0,engine_rpm,930.000
2026-10-09T10:49:36.036,1,37897,50379317,0,actual_torque_pct,25
2026-10-09T10:49:36.036,1,37897,50379317,0,engine_rpm,935.000
2026-10-09T10:49:36.041,1,37905,50383995,39,vehicle_speed_kmh,0.000
2026-10-09T10:49:36.046,1,37909,50389284,0,actual_torque_pct,24
2026-10-09T10:49:36.046,1,37909,50389284,0,engine_rpm,940.000
2026-10-09T10:49:36.056,1,37914,50399729,0,actual_torque_pct,24
2026-10-09T10:49:36.056,1,37914,50399729,0,engine_rpm,945.000
2026-10-09T10:49:36.056,1,37915,50400315,0,engine_load_pct,55
2026-10-09T10:49:36.060,1,37921,50404356,0,boost_pressure_kpa,100
2026-10-09T10:49:36.060,1,37921,50404356,0,intake_manifold_temp_c,31
2026-10-09T10:49:36.066,1,37922,50410026,0,actual_torque_pct,21
2026-10-09T10:49:36.066,1,37922,50410026,0,engine_rpm,950.000
2026-10-09T10:49:36.069,1,37928,50413472,0,fuel_rate_lph,10.80
2026-10-09T10:49:36.069,1,37928,50413472,0,fuel_econ_inst_kmpl,0.000
2026-10-09T10:49:36.079,1,37934,50422776,0,actual_torque_pct,21
2026-10-09T10:49:36.079,1,37934,50422776,0,engine_rpm,954.000
2026-10-09T10:49:36.081,1,37937,50424933,39,fuel_level_pct,1.2
2026-10-09T10:49:36.089,1,37943,50433157,0,actual_torque_pct,21
2026-10-09T10:49:36.089,1,37943,50433157,0,engine_rpm,954.000
2026-10-09T10:49:36.099,1,37955,50442618,0,actual_torque_pct,17
2026-10-09T10:49:36.099,1,37955,50442618,0,engine_rpm,959.000
2026-10-09T10:49:36.109,1,37960,50452552,0,engine_load_pct,39
2026-10-09T10:49:36.109,1,37961,50453120,0,actual_torque_pct,17
2026-10-09T10:49:36.109,1,37961,50453120,0,engine_rpm,963.000
2026-10-09T10:49:36.119,1,37966,50462598,0,actual_torque_pct,12
2026-10-09T10:49:36.119,1,37966,50462598,0,engine_rpm,966.000
2026-10-09T10:49:36.126,1,37968,50470415,0,actual_torque_pct,12
2026-10-09T10:49:36.126,1,37968,50470415,0,engine_rpm,969.000
2026-10-09T10:49:36.135,1,37975,50479199,0,actual_torque_pct,9
2026-10-09T10:49:36.135,1,37975,50479199,0,engine_rpm,970.000
2026-10-09T10:49:36.140,1,37983,50484015,39,vehicle_speed_kmh,0.000
2026-10-09T10:49:36.145,1,37987,50489252,0,actual_torque_pct,9
2026-10-09T10:49:36.145,1,37987,50489252,0,engine_rpm,970.000
2026-10-09T10:49:36.155,1,37992,50499237,0,actual_torque_pct,6
2026-10-09T10:49:36.155,1,37992,50499237,0,engine_rpm,970.000
2026-10-09T10:49:36.157,1,37993,50499820,0,engine_load_pct,14
2026-10-09T10:49:36.161,1,37999,50505421,0,oil_pressure_kpa,592
2026-10-09T10:49:36.165,1,38000,50509189,0,actual_torque_pct,6
2026-10-09T10:49:36.165,1,38000,50509189,0,engine_rpm,970.000
2026-10-09T10:49:36.166,1,38001,50509786,0,fuel_rate_lph,3.20
2026-10-09T10:49:36.166,1,38001,50509786,0,fuel_econ_inst_kmpl,0.000
2026-10-09T10:49:36.175,1,38007,50519188,0,actual_torque_pct,5
2026-10-09T10:49:36.175,1,38007,50519188,0,engine_rpm,969.000
2026-10-09T10:49:36.186,1,38014,50529203,0,actual_torque_pct,5
2026-10-09T10:49:36.186,1,38014,50529203,0,engine_rpm,969.000
2026-10-09T10:49:36.187,1,38016,50530380,39,fuel_level_pct,1.2
2026-10-09T10:49:36.195,1,38028,50539230,0,actual_torque_pct,4
2026-10-09T10:49:36.195,1,38028,50539230,0,engine_rpm,966.000
2026-10-09T10:49:36.205,1,38033,50549212,0,actual_torque_pct,4
2026-10-09T10:49:36.205,1,38033,50549212,0,engine_rpm,963.000
2026-10-09T10:49:36.207,1,38034,50549796,0,engine_load_pct,9
2026-10-09T10:49:36.216,1,38039,50559161,0,actual_torque_pct,3
2026-10-09T10:49:36.216,1,38039,50559161,0,engine_rpm,960.000
2026-10-09T10:49:36.225,1,38045,50569171,0,actual_torque_pct,2
2026-10-09T10:49:36.225,1,38045,50569171,0,engine_rpm,958.000
2026-10-09T10:49:36.236,1,38052,50579183,0,actual_torque_pct,2
2026-10-09T10:49:36.236,1,38052,50579183,0,engine_rpm,955.000
2026-10-09T10:49:36.240,1,38060,50583935,39,vehicle_speed_kmh,0.000
2026-10-09T10:49:36.246,1,38064,50589175,0,actual_torque_pct,2
2026-10-09T10:49:36.246,1,38064,50589175,0,engine_rpm,952.000
2026-10-09T10:49:36.255,1,38069,50599145,0,actual_torque_pct,2
2026-10-09T10:49:36.255,1,38069,50599145,0,engine_rpm,949.000
2026-10-09T10:49:36.256,1,38070,50599721,0,engine_load_pct,4
2026-10-09T10:49:36.265,1,38076,50609138,0,actual_torque_pct,2
2026-10-09T10:49:36.265,1,38076,50609138,0,engine_rpm,946.000
2026-10-09T10:49:36.266,1,38077,50609740,0,fuel_rate_lph,1.00
2026-10-09T10:49:36.266,1,38077,50609740,0,fuel_econ_inst_kmpl,0.000
2026-10-09T10:49:36.275,1,38083,50619166,0,actual_torque_pct,2
2026-10-09T10:49:36.275,1,38083,50619166,0,engine_rpm,943.000
2026-10-09T10:49:36.280,1,38089,50624203,39,fuel_level_pct,1.2
2026-10-09T10:49:36.285,1,38091,50629123,0,actual_torque_pct,2
2026-10-09T10:49:36.285,1,38091,50629123,0,engine_rpm,938.000
2026-10-09T10:49:36.296,1,38104,50639432,0,actual_torque_pct,2
2026-10-09T10:49:36.296,1,38104,50639432,0,engine_rpm,933.000
2026-10-09T10:49:36.309,1,38113,50652555,0,engine_load_pct,4
2026-10-09T10:49:36.309,1,38114,50653133,0,actual_torque_pct,2
2026-10-09T10:49:36.309,1,38114,50653133,0,engine_rpm,930.000
2026-10-09T10:49:36.319,1,38119,50662624,0,actual_torque_pct,2
2026-10-09T10:49:36.319,1,38119,50662624,0,engine_rpm,930.000
2026-10-09T10:49:36.329,1,38126,50672767,0,actual_torque_pct,2
2026-10-09T10:49:36.329,1,38126,50672767,0,engine_rpm,926.000
2026-10-09T10:49:36.335,1,38129,50679071,0,actual_torque_pct,2
2026-10-09T10:49:36.335,1,38129,50679071,0,engine_rpm,922.000
2026-10-09T10:49:36.340,1,38137,50683884,39,vehicle_speed_kmh,0.000
2026-10-09T10:49:36.345,1,38141,50689122,0,actual_torque_pct,2
2026-10-09T10:49:36.345,1,38141,50689122,0,engine_rpm,919.000
2026-10-09T10:49:36.355,1,38146,50699141,0,actual_torque_pct,2
2026-10-09T10:49:36.355,1,38146,50699141,0,engine_rpm,916.000
2026-10-09T10:49:36.356,1,38147,50699716,0,engine_load_pct,4
2026-10-09T10:49:36.365,1,38155,50709117,0,actual_torque_pct,2
2026-10-09T10:49:36.365,1,38155,50709117,0,engine_rpm,911.000
2026-10-09T10:49:36.367,1,38157,50710294,0,fuel_rate_lph,0.95
2026-10-09T10:49:36.367,1,38157,50710294,0,fuel_econ_inst_kmpl,0.000
2026-10-09T10:49:36.375,1,38163,50719077,0,actual_torque_pct,2
2026-10-09T10:49:36.375,1,38163,50719077,0,engine_rpm,907.000
2026-10-09T10:49:36.381,1,38170,50724956,39,fuel_level_pct,1.2
2026-10-09T10:49:36.385,1,38171,50729092,0,actual_torque_pct,3
2026-10-09T10:49:36.385,1,38171,50729092,0,engine_rpm,903.000
2026-10-09T10:49:36.395,1,38185,50739521,0,actual_torque_pct,3
2026-10-09T10:49:36.395,1,38185,50739521,0,engine_rpm,898.000
2026-10-09T10:49:36.405,1,38190,50749172,0,actual_torque_pct,5
2026-10-09T10:49:36.405,1,38190,50749172,0,engine_rpm,893.000
2026-10-09T10:49:36.406,1,38191,50749763,0,engine_load_pct,11
2026-10-09T10:49:36.419,1,38200,50762605,0,actual_torque_pct,5
2026-10-09T10:49:36.419,1,38200,50762605,0,engine_rpm,893.000
2026-10-09T10:49:36.426,1,38202,50770294,0,actual_torque_pct,5
2026-10-09T10:49:36.426,1,38202,50770294,0,engine_rpm,888.000
2026-10-09T10:49:36.435,1,38209,50779076,0,actual_torque_pct,7
2026-10-09T10:49:36.435,1,38209,50779076,0,engine_rpm,884.000
2026-10-09T10:49:36.440,1,38217,50783880,39,vehicle_speed_kmh,0.000
2026-10-09T10:49:36.445,1,38221,50789069,0,actual_torque_pct,7
2026-10-09T10:49:36.445,1,38221,50789069,0,engine_rpm,882.000
2026-10-09T10:49:36.455,1,38226,50799065,0,actual_torque_pct,10
2026-10-09T10:49:36.455,1,38226,50799065,0,engine_rpm,879.000
2026-10-09T10:49:36.456,1,38227,50799645,0,engine_load_pct,22
2026-10-09T10:49:36.465,1,38233,50809195,0,actual_torque_pct,12
2026-10-09T10:49:36.465,1,38233,50809195,0,engine_rpm,877.000
2026-10-09T10:49:36.466,1,38234,50809772,0,fuel_rate_lph,4.55
2026-10-09T10:49:36.466,1,38234,50809772,0,fuel_econ_inst_kmpl,0.000
2026-10-09T10:49:36.475,1,38240,50819075,0,actual_torque_pct,12
2026-10-09T10:49:36.475,1,38240,50819075,0,engine_rpm,875.000
2026-10-09T10:49:36.480,1,38246,50824253,39,fuel_level_pct,1.2
2026-10-09T10:49:36.485,1,38248,50829038,0,actual_torque_pct,14
2026-10-09T10:49:36.485,1,38248,50829038,0,engine_rpm,874.000
2026-10-09T10:49:36.499,1,38265,50842628,0,actual_torque_pct,14
2026-10-09T10:49:36.499,1,38265,50842628,0,engine_rpm,874.000
2026-10-09T10:49:36.509,1,38270,50852594,0,engine_load_pct,31
2026-10-09T10:49:36.509,1,38271,50853149,0,actual_torque_pct,14
2026-10-09T10:49:36.509,1,38271,50853149,0,engine_rpm,874.000
2026-10-09T10:49:36.515,1,38272,50859038,0,actual_torque_pct,16
2026-10-09T10:49:36.515,1,38272,50859038,0,engine_rpm,873.000
2026-10-09T10:49:36.525,1,38278,50869021,0,actual_torque_pct,16
2026-10-09T10:49:36.525,1,38278,50869021,0,engine_rpm,872.000
2026-10-09T10:49:36.535,1,38285,50879012,0,actual_torque_pct,18
2026-10-09T10:49:36.535,1,38285,50879012,0,engine_rpm,872.000
2026-10-09T10:49:36.540,1,38293,50883864,39,vehicle_speed_kmh,0.000
2026-10-09T10:49:36.545,1,38297,50889041,0,actual_torque_pct,19
2026-10-09T10:49:36.545,1,38297,50889041,0,engine_rpm,874.000
2026-10-09T10:49:36.555,1,38302,50899093,0,actual_torque_pct,19
2026-10-09T10:49:36.555,1,38302,50899093,0,engine_rpm,875.000
2026-10-09T10:49:36.556,1,38303,50899679,0,engine_load_pct,43
2026-10-09T10:49:36.560,1,38310,50903857,0,boost_pressure_kpa,102
2026-10-09T10:49:36.560,1,38310,50903857,0,intake_manifold_temp_c,31
2026-10-09T10:49:36.565,1,38311,50908998,0,actual_torque_pct,20
2026-10-09T10:49:36.565,1,38311,50908998,0,engine_rpm,876.000
2026-10-09T10:49:36.569,1,38318,50913021,0,fuel_rate_lph,7.90
2026-10-09T10:49:36.569,1,38318,50913021,0,fuel_econ_inst_kmpl,0.000
2026-10-09T10:49:36.576,1,38320,50920358,0,actual_torque_pct,20
2026-10-09T10:49:36.576,1,38320,50920358,0,engine_rpm,879.000
2026-10-09T10:49:36.581,1,38327,50924938,39,fuel_level_pct,1.2
2026-10-09T10:49:36.586,1,38328,50930206,0,actual_torque_pct,20
2026-10-09T10:49:36.586,1,38328,50930206,0,engine_rpm,879.000
2026-10-09T10:49:36.595,1,38341,50939015,0,actual_torque_pct,21
2026-10-09T10:49:36.595,1,38341,50939015,0,engine_rpm,883.000
2026-10-09T10:49:36.605,1,38346,50948996,0,actual_torque_pct,21
2026-10-09T10:49:36.605,1,38346,50948996,0,engine_rpm,886.000
2026-10-09T10:49:36.606,1,38347,50949596,0,engine_load_pct,47
2026-10-09T10:49:36.615,1,38353,50958967,0,actual_torque_pct,21
2026-10-09T10:49:36.615,1,38353,50958967,0,engine_rpm,890.000
2026-10-09T10:49:36.625,1,38359,50968985,0,actual_torque_pct,21
2026-10-09T10:49:36.625,1,38359,50968985,0,engine_rpm,893.000
2026-10-09T10:49:36.635,1,38366,50979004,0,actual_torque_pct,21
2026-10-09T10:49:36.635,1,38366,50979004,0,engine_rpm,897.000
2026-10-09T10:49:36.640,1,38374,50983870,39,vehicle_speed_kmh,0.000
2026-10-09T10:49:36.645,1,38378,50988960,0,actual_torque_pct,21
2026-10-09T10:49:36.645,1,38378,50988960,0,engine_rpm,901.000
2026-10-09T10:49:36.655,1,38383,50998968,0,actual_torque_pct,21
2026-10-09T10:49:36.655,1,38383,50998968,0,engine_rpm,904.000
2026-10-09T10:49:36.656,1,38384,50999547,0,engine_load_pct,47
2026-10-09T10:49:36.660,1,38390,51003779,0,oil_pressure_kpa,568
2026-10-09T10:49:36.665,1,38391,51009542,0,actual_torque_pct,21
2026-10-09T10:49:36.665,1,38391,51009542,0,engine_rpm,907.000
2026-10-09T10:49:36.670,1,38398,51013555,0,fuel_rate_lph,8.85
2026-10-09T10:49:36.670,1,38398,51013555,0,fuel_econ_inst_kmpl,0.000
2026-10-09T10:49:36.676,1,38400,51020236,0,actual_torque_pct,21
2026-10-09T10:49:36.676,1,38400,51020236,0,engine_rpm,910.000
2026-10-09T10:49:36.681,1,38407,51024926,39,fuel_level_pct,1.2
2026-10-09T10:49:36.690,1,38414,51033150,0,actual_torque_pct,21
2026-10-09T10:49:36.690,1,38414,51033150,0,engine_rpm,910.000
2026-10-09T10:49:36.696,1,38422,51040184,0,actual_torque_pct,21
2026-10-09T10:49:36.696,1,38422,51040184,0,engine_rpm,914.000
2026-10-09T10:49:36.705,1,38427,51048937,0,actual_torque_pct,21
2026-10-09T10:49:36.705,1,38427,51048937,0,engine_rpm,917.000
2026-10-09T10:49:36.705,1,38428,51049524,0,engine_load_pct,47
2026-10-09T10:49:36.715,1,38434,51058939,0,actual_torque_pct,21
2026-10-09T10:49:36.715,1,38434,51058939,0,engine_rpm,921.000
2026-10-09T10:49:36.725,1,38442,51068915,0,actual_torque_pct,21
2026-10-09T10:49:36.725,1,38442,51068915,0,engine_rpm,925.000
2026-10-09T10:49:36.735,1,38449,51078901,0,actual_torque_pct,21
2026-10-09T10:49:36.735,1,38449,51078901,0,engine_rpm,928.000
2026-10-09T10:49:36.740,1,38457,51083855,39,vehicle_speed_kmh,0.000
2026-10-09T10:49:36.745,1,38461,51088932,0,actual_torque_pct,21
2026-10-09T10:49:36.745,1,38461,51088932,0,engine_rpm,931.000
2026-10-09T10:49:36.755,1,38466,51098936,0,actual_torque_pct,21
2026-10-09T10:49:36.755,1,38466,51098936,0,engine_rpm,935.000
2026-10-09T10:49:36.755,1,38467,51099514,0,engine_load_pct,47
2026-10-09T10:49:36.761,1,38473,51105556,0,coolant_temp_c,32
2026-10-09T10:49:36.761,1,38473,51105556,0,fuel_temp_c,31
2026-10-09T10:49:36.761,1,38473,51105556,0,oil_temp_c,32.78
2026-10-09T10:49:36.765,1,38474,51108919,0,actual_torque_pct,20
2026-10-09T10:49:36.765,1,38474,51108919,0,engine_rpm,939.000
2026-10-09T10:49:36.769,1,38481,51112914,0,fuel_rate_lph,9.20
2026-10-09T10:49:36.769,1,38481,51112914,0,fuel_econ_inst_kmpl,0.000
2026-10-09T10:49:36.775,1,38483,51118890,0,actual_torque_pct,20
2026-10-09T10:49:36.775,1,38483,51118890,0,engine_rpm,942.000
2026-10-09T10:49:36.781,1,38490,51125039,39,fuel_level_pct,1.2
2026-10-09T10:49:36.785,1,38491,51128884,0,actual_torque_pct,19
2026-10-09T10:49:36.785,1,38491,51128884,0,engine_rpm,945.000
2026-10-09T10:49:36.795,1,38504,51138892,0,actual_torque_pct,19
2026-10-09T10:49:36.795,1,38504,51138892,0,engine_rpm,947.000
2026-10-09T10:49:36.805,1,38509,51148856,0,actual_torque_pct,18
2026-10-09T10:49:36.805,1,38509,51148856,0,engine_rpm,950.000
2026-10-09T10:49:36.805,1,38510,51149442,0,engine_load_pct,40
2026-10-09T10:49:36.815,1,38516,51159221,0,actual_torque_pct,18
2026-10-09T10:49:36.815,1,38516,51159221,0,engine_rpm,952.000
2026-10-09T10:49:36.825,1,38524,51169469,0,actual_torque_pct,17
2026-10-09T10:49:36.825,1,38524,51169469,0,engine_rpm,954.000
2026-10-09T10:49:36.836,1,38531,51180146,0,actual_torque_pct,17
2026-10-09T10:49:36.836,1,38531,51180146,0,engine_rpm,956.000
2026-10-09T10:49:36.840,1,38538,51184181,39,vehicle_speed_kmh,0.000
2026-10-09T10:49:36.846,1,38543,51190078,0,actual_torque_pct,17
2026-10-09T10:49:36.846,1,38543,51190078,0,engine_rpm,956.000
2026-10-09T10:49:36.856,1,38548,51200302,0,actual_torque_pct,15
2026-10-09T10:49:36.856,1,38548,51200302,0,engine_rpm,959.000
2026-10-09T10:49:36.859,1,38553,51203210,0,engine_load_pct,33
2026-10-09T10:49:36.866,1,38557,51210197,0,actual_torque_pct,15
2026-10-09T10:49:36.866,1,38557,51210197,0,engine_rpm,961.000
2026-10-09T10:49:36.870,1,38563,51213657,0,engine_hours,40.25
2026-10-09T10:49:36.870,1,38564,51214232,0,fuel_rate_lph,6.60
2026-10-09T10:49:36.870,1,38564,51214232,0,fuel_econ_inst_kmpl,0.000
2026-10-09T10:49:36.876,1,38566,51220408,0,actual_torque_pct,14
2026-10-09T10:49:36.876,1,38566,51220408,0,engine_rpm,962.000
2026-10-09T10:49:36.881,1,38573,51225118,39,fuel_level_pct,1.2
2026-10-09T10:49:36.889,1,38579,51233163,0,actual_torque_pct,14
2026-10-09T10:49:36.889,1,38579,51233163,0,engine_rpm,964.000
2026-10-09T10:49:36.896,1,38587,51238960,0,actual_torque_pct,12
2026-10-09T10:49:36.896,1,38587,51238960,0,engine_rpm,964.000
2026-10-09T10:49:36.905,1,38592,51248814,0,actual_torque_pct,12
2026-10-09T10:49:36.905,1,38592,51248814,0,engine_rpm,965.000
2026-10-09T10:49:36.905,1,38593,51249413,0,engine_load_pct,27
2026-10-09T10:49:36.916,1,38598,51258807,0,actual_torque_pct,11
2026-10-09T10:49:36.916,1,38598,51258807,0,engine_rpm,965.000
2026-10-09T10:49:36.925,1,38604,51268805,0,actual_torque_pct,11
2026-10-09T10:49:36.925,1,38604,51268805,0,engine_rpm,965.000
2026-10-09T10:49:36.935,1,38611,51278851,0,actual_torque_pct,10
2026-10-09T10:49:36.935,1,38611,51278851,0,engine_rpm,965.000
2026-10-09T10:49:36.940,1,38619,51283888,39,vehicle_speed_kmh,0.000
2026-10-09T10:49:36.945,1,38623,51288830,0,actual_torque_pct,10
2026-10-09T10:49:36.945,1,38623,51288830,0,engine_rpm,965.000
2026-10-09T10:49:36.956,1,38628,51298841,0,actual_torque_pct,9
2026-10-09T10:49:36.956,1,38628,51298841,0,engine_rpm,965.000
2026-10-09T10:49:36.956,1,38629,51299422,0,engine_load_pct,20
2026-10-09T10:49:36.965,1,38635,51308798,0,actual_torque_pct,9
2026-10-09T10:49:36.965,1,38635,51308798,0,engine_rpm,965.000
2026-10-09T10:49:36.965,1,38636,51309378,0,fuel_rate_lph,4.65
2026-10-09T10:49:36.965,1,38636,51309378,0,fuel_econ_inst_kmpl,0.000
2026-10-09T10:49:36.976,1,38642,51318743,0,actual_torque_pct,8
2026-10-09T10:49:36.976,1,38642,51318743,0,engine_rpm,964.000
2026-10-09T10:49:36.982,1,38649,51324946,39,fuel_level_pct,1.2
2026-10-09T10:49:36.985,1,38650,51328773,0,actual_torque_pct,7
2026-10-09T10:49:36.985,1,38650,51328773,0,engine_rpm,963.000
2026-10-09T10:49:36.995,1,38663,51338963,0,actual_torque_pct,7
2026-10-09T10:49:36.995,1,38663,51338963,0,engine_rpm,962.000
2026-10-09T10:49:37.005,1,38668,51348762,0,actual_torque_pct,7
2026-10-09T10:49:37.005,1,38668,51348762,0,engine_rpm,961.000
2026-10-09T10:49:37.006,1,38669,51349349,0,engine_load_pct,15
2026-10-09T10:49:37.015,1,38674,51358727,0,actual_torque_pct,7
2026-10-09T10:49:37.015,1,38674,51358727,0,engine_rpm,959.000
2026-10-09T10:49:37.025,1,38680,51368740,0,actual_torque_pct,7
2026-10-09T10:49:37.025,1,38680,51368740,0,engine_rpm,957.000
2026-10-09T10:49:37.035,1,38689,51378789,0,actual_torque_pct,7
2026-10-09T10:49:37.035,1,38689,51378789,0,engine_rpm,955.000
2026-10-09T10:49:37.040,1,38697,51383881,39,vehicle_speed_kmh,0.000
2026-10-09T10:49:37.045,1,38701,51388742,0,actual_torque_pct,7
2026-10-09T10:49:37.045,1,38701,51388742,0,engine_rpm,953.000
2026-10-09T10:49:37.056,1,38706,51398718,0,actual_torque_pct,7
2026-10-09T10:49:37.056,1,38706,51398718,0,engine_rpm,951.000
2026-10-09T10:49:37.056,1,38707,51399322,0,engine_load_pct,15
2026-10-09T10:49:37.059,1,38713,51403455,0,boost_pressure_kpa,104
2026-10-09T10:49:37.059,1,38713,51403455,0,intake_manifold_temp_c,31
2026-10-09T10:49:37.065,1,38714,51408820,0,actual_torque_pct,7
2026-10-09T10:49:37.065,1,38714,51408820,0,engine_rpm,950.000
2026-10-09T10:49:37.066,1,38716,51409965,0,fuel_rate_lph,3.65
2026-10-09T10:49:37.066,1,38716,51409965,0,fuel_econ_inst_kmpl,0.000
2026-10-09T10:49:37.075,1,38722,51419327,0,actual_torque_pct,7
2026-10-09T10:49:37.075,1,38722,51419327,0,engine_rpm,948.000
2026-10-09T10:49:37.081,1,38729,51424925,39,fuel_level_pct,1.2
2026-10-09T10:49:37.086,1,38730,51429975,0,actual_torque_pct,7
2026-10-09T10:49:37.086,1,38730,51429975,0,engine_rpm,947.000
2026-10-09T10:49:37.096,1,38743,51439943,0,actual_torque_pct,7
2026-10-09T10:49:37.096,1,38743,51439943,0,engine_rpm,947.000
2026-10-09T10:49:37.106,1,38748,51450114,0,actual_torque_pct,7
2026-10-09T10:49:37.106,1,38748,51450114,0,engine_rpm,945.000
2026-10-09T10:49:37.109,1,38753,51453003,0,engine_load_pct,15
2026-10-09T10:49:37.116,1,38754,51459994,0,actual_torque_pct,7
2026-10-09T10:49:37.116,1,38754,51459994,0,engine_rpm,943.000
2026-10-09T10:49:37.125,1,38760,51468691,0,actual_torque_pct,7
2026-10-09T10:49:37.125,1,38760,51468691,0,engine_rpm,942.000
2026-10-09T10:49:37.135,1,38767,51478671,0,actual_torque_pct,7
2026-10-09T10:49:37.135,1,38767,51478671,0,engine_rpm,940.000
2026-10-09T10:49:37.140,1,38775,51483877,39,vehicle_speed_kmh,0.000
2026-10-09T10:49:37.145,1,38779,51488687,0,actual_torque_pct,7
2026-10-09T10:49:37.145,1,38779,51488687,0,engine_rpm,938.000
2026-10-09T10:49:37.155,1,38784,51498715,0,actual_torque_pct,8
2026-10-09T10:49:37.155,1,38784,51498715,0,engine_rpm,936.000
2026-10-09T10:49:37.155,1,38785,51499295,0,engine_load_pct,17
2026-10-09T10:49:37.161,1,38791,51504630,0,oil_pressure_kpa,596
2026-10-09T10:49:37.166,1,38792,51508973,0,actual_torque_pct,8
2026-10-09T10:49:37.166,1,38792,51508973,0,engine_rpm,934.000
2026-10-09T10:49:37.166,1,38793,51509560,0,fuel_rate_lph,3.60
2026-10-09T10:49:37.166,1,38793,51509560,0,fuel_econ_inst_kmpl,0.000
2026-10-09T10:49:37.175,1,38799,51518660,0,actual_torque_pct,9
2026-10-09T10:49:37.175,1,38799,51518660,0,engine_rpm,931.000
2026-10-09T10:49:37.185,1,38806,51528665,0,actual_torque_pct,10
2026-10-09T10:49:37.185,1,38806,51528665,0,engine_rpm,930.000
2026-10-09T10:49:37.186,1,38809,51530438,39,fuel_level_pct,1.2
2026-10-09T10:49:37.195,1,38820,51538921,0,actual_torque_pct,10
2026-10-09T10:49:37.195,1,38820,51538921,0,engine_rpm,929.000
2026-10-09T10:49:37.205,1,38825,51548666,0,actual_torque_pct,11
2026-10-09T10:49:37.205,1,38825,51548666,0,engine_rpm,928.000
2026-10-09T10:49:37.205,1,38826,51549245,0,engine_load_pct,24
2026-10-09T10:49:37.215,1,38831,51558652,0,actual_torque_pct,11
2026-10-09T10:49:37.215,1,38831,51558652,0,engine_rpm,928.000
2026-10-09T10:49:37.225,1,38837,51568932,0,actual_torque_pct,11
2026-10-09T10:49:37.225,1,38837,51568932,0,engine_rpm,928.000
2026-10-09T10:49:37.236,1,38844,51579912,0,actual_torque_pct,11
2026-10-09T10:49:37.236,1,38844,51579912,0,engine_rpm,927.000
2026-10-09T10:49:37.240,1,38851,51583958,39,vehicle_speed_kmh,0.000
2026-10-09T10:49:37.246,1,38856,51589912,0,actual_torque_pct,11
2026-10-09T10:49:37.246,1,38856,51589912,0,engine_rpm,927.000
2026-10-09T10:49:37.256,1,38861,51600194,0,actual_torque_pct,12
2026-10-09T10:49:37.256,1,38861,51600194,0,engine_rpm,927.000
2026-10-09T10:49:37.259,1,38866,51603080,0,engine_load_pct,26
2026-10-09T10:49:37.269,1,38872,51612589,0,actual_torque_pct,12
2026-10-09T10:49:37.269,1,38872,51612589,0,engine_rpm,927.000
2026-10-09T10:49:37.269,1,38873,51613168,0,fuel_rate_lph,5.40
2026-10-09T10:49:37.269,1,38873,51613168,0,fuel_econ_inst_kmpl,0.000
2026-10-09T10:49:37.275,1,38875,51618633,0,actual_torque_pct,13
2026-10-09T10:49:37.275,1,38875,51618633,0,engine_rpm,926.000
2026-10-09T10:49:37.281,1,38882,51625492,39,fuel_level_pct,1.2
2026-10-09T10:49:37.284,1,38883,51628610,0,actual_torque_pct,13
2026-10-09T10:49:37.284,1,38883,51628610,0,engine_rpm,926.000
2026-10-09T10:49:37.295,1,38896,51638930,0,actual_torque_pct,13
2026-10-09T10:49:37.295,1,38896,51638930,0,engine_rpm,926.000
2026-10-09T10:49:37.305,1,38901,51648624,0,actual_torque_pct,13
2026-10-09T10:49:37.305,1,38901,51648624,0,engine_rpm,926.000
2026-10-09T10:49:37.305,1,38902,51649209,0,engine_load_pct,28
2026-10-09T10:49:37.315,1,38907,51658607,0,actual_torque_pct,14
2026-10-09T10:49:37.315,1,38907,51658607,0,engine_rpm,927.000
2026-10-09T10:49:37.324,1,38914,51668590,0,actual_torque_pct,14
2026-10-09T10:49:37.324,1,38914,51668590,0,engine_rpm,928.000
2026-10-09T10:49:37.334,1,38921,51678572,0,actual_torque_pct,14
2026-10-09T10:49:37.334,1,38921,51678572,0,engine_rpm,927.000
2026-10-09T10:49:37.340,1,38929,51683900,39,vehicle_speed_kmh,0.000
2026-10-09T10:49:37.344,1,38933,51688603,0,actual_torque_pct,14
2026-10-09T10:49:37.344,1,38933,51688603,0,engine_rpm,928.000
2026-10-09T10:49:37.354,1,38938,51698603,0,actual_torque_pct,14
2026-10-09T10:49:37.354,1,38938,51698603,0,engine_rpm,930.000
2026-10-09T10:49:37.355,1,38939,51699190,0,engine_load_pct,30
2026-10-09T10:49:37.365,1,38947,51709103,0,actual_torque_pct,15
2026-10-09T10:49:37.365,1,38947,51709103,0,engine_rpm,931.000
2026-10-09T10:49:37.366,1,38949,51710282,0,fuel_rate_lph,6.05
2026-10-09T10:49:37.366,1,38949,51710282,0,fuel_econ_inst_kmpl,0.000
2026-10-09T10:49:37.376,1,38955,51719747,0,actual_torque_pct,15
2026-10-09T10:49:37.376,1,38955,51719747,0,engine_rpm,931.000
2026-10-09T10:49:37.381,1,38962,51724953,39,fuel_level_pct,1.2
2026-10-09T10:49:37.386,1,38963,51730069,0,actual_torque_pct,15
2026-10-09T10:49:37.386,1,38963,51730069,0,engine_rpm,931.000
2026-10-09T10:49:37.399,1,38981,51742647,0,actual_torque_pct,15
2026-10-09T10:49:37.399,1,38981,51742647,0,engine_rpm,932.000
2026-10-09T10:49:37.404,1,38982,51748608,0,actual_torque_pct,15
2026-10-09T10:49:37.404,1,38982,51748608,0,engine_rpm,932.000
2026-10-09T10:49:37.405,1,38983,51749193,0,engine_load_pct,33
2026-10-09T10:49:37.414,1,38988,51758536,0,actual_torque_pct,15
2026-10-09T10:49:37.414,1,38988,51758536,0,engine_rpm,933.000
2026-10-09T10:49:37.424,1,38994,51768555,0,actual_torque_pct,15
2026-10-09T10:49:37.424,1,38994,51768555,0,engine_rpm,933.000
2026-10-09T10:49:37.434,1,39001,51778554,0,actual_torque_pct,15
2026-10-09T10:49:37.434,1,39001,51778554,0,engine_rpm,933.000
2026-10-09T10:49:37.440,1,39009,51783880,39,vehicle_speed_kmh,0.000
2026-10-09T10:49:37.444,1,39013,51788532,0,actual_torque_pct,15
2026-10-09T10:49:37.444,1,39013,51788532,0,engine_rpm,934.000
2026-10-09T10:49:37.455,1,39018,51798523,0,actual_torque_pct,15
2026-10-09T10:49:37.455,1,39018,51798523,0,engine_rpm,935.000
2026-10-09T10:49:37.455,1,39019,51799102,0,engine_load_pct,33
2026-10-09T10:49:37.464,1,39025,51808512,0,actual_torque_pct,15
2026-10-09T10:49:37.464,1,39025,51808512,0,engine_rpm,936.000
2026-10-09T10:49:37.465,1,39026,51809116,0,fuel_rate_lph,6.40
2026-10-09T10:49:37.465,1,39026,51809116,0,fuel_econ_inst_kmpl,0.000
2026-10-09T10:49:37.474,1,39032,51818539,0,actual_torque_pct,15
2026-10-09T10:49:37.474,1,39032,51818539,0,engine_rpm,937.000
2026-10-09T10:49:37.481,1,39039,51824965,39,fuel_level_pct,1.2
2026-10-09T10:49:37.484,1,39040,51828494,0,actual_torque_pct,15
2026-10-09T10:49:37.484,1,39040,51828494,0,engine_rpm,940.000
2026-10-09T10:49:37.495,1,39053,51838923,0,actual_torque_pct,15
2026-10-09T10:49:37.495,1,39053,51838923,0,engine_rpm,941.000
2026-10-09T10:49:37.504,1,39058,51848512,0,actual_torque_pct,15
2026-10-09T10:49:37.504,1,39058,51848512,0,engine_rpm,942.000
2026-10-09T10:49:37.506,1,39059,51849093,0,engine_load_pct,33
2026-10-09T10:49:37.514,1,39064,51858543,0,actual_torque_pct,15
2026-10-09T10:49:37.514,1,39064,51858543,0,engine_rpm,943.000
2026-10-09T10:49:37.525,1,39070,51869525,0,actual_torque_pct,15
2026-10-09T10:49:37.525,1,39070,51869525,0,engine_rpm,943.000
2026-10-09T10:49:37.536,1,39077,51879644,0,actual_torque_pct,15
2026-10-09T10:49:37.536,1,39077,51879644,0,engine_rpm,944.000
2026-10-09T10:49:37.540,1,39085,51884246,39,vehicle_speed_kmh,0.000
2026-10-09T10:49:37.546,1,39089,51889681,0,actual_torque_pct,15
2026-10-09T10:49:37.546,1,39089,51889681,0,engine_rpm,944.000
2026-10-09T10:49:37.556,1,39094,51899974,0,actual_torque_pct,15
2026-10-09T10:49:37.556,1,39094,51899974,0,engine_rpm,945.000
2026-10-09T10:49:37.559,1,39099,51902861,0,engine_load_pct,33
2026-10-09T10:49:37.561,1,39102,51904757,0,boost_pressure_kpa,106
2026-10-09T10:49:37.561,1,39102,51904757,0,intake_manifold_temp_c,31
2026-10-09T10:49:37.566,1,39103,51909784,0,actual_torque_pct,15
2026-10-09T10:49:37.566,1,39103,51909784,0,engine_rpm,945.000
2026-10-09T10:49:37.570,1,39110,51913800,0,fuel_rate_lph,6.45
2026-10-09T10:49:37.570,1,39110,51913800,0,fuel_econ_inst_kmpl,0.000
2026-10-09T10:49:37.574,1,39112,51918431,0,actual_torque_pct,14
2026-10-09T10:49:37.574,1,39112,51918431,0,engine_rpm,946.000
2026-10-09T10:49:37.581,1,39119,51924950,39,fuel_level_pct,1.2
2026-10-09T10:49:37.585,1,39120,51928457,0,actual_torque_pct,14
2026-10-09T10:49:37.585,1,39120,51928457,0,engine_rpm,946.000
2026-10-09T10:49:37.595,1,39133,51938849,0,actual_torque_pct,13
2026-10-09T10:49:37.595,1,39133,51938849,0,engine_rpm,946.000
2026-10-09T10:49:37.605,1,39138,51948475,0,actual_torque_pct,13
2026-10-09T10:49:37.605,1,39138,51948475,0,engine_rpm,948.000
2026-10-09T10:49:37.605,1,39139,51949061,0,engine_load_pct,28
2026-10-09T10:49:37.615,1,39145,51958419,0,actual_torque_pct,12
2026-10-09T10:49:37.615,1,39145,51958419,0,engine_rpm,950.000
2026-10-09T10:49:37.624,1,39151,51968437,0,actual_torque_pct,12
2026-10-09T10:49:37.624,1,39151,51968437,0,engine_rpm,950.000
2026-10-09T10:49:37.634,1,39158,51978446,0,actual_torque_pct,9
2026-10-09T10:49:37.634,1,39158,51978446,0,engine_rpm,950.000
2026-10-09T10:49:37.640,1,39166,51983829,39,vehicle_speed_kmh,0.000
2026-10-09T10:49:37.644,1,39170,51988484,0,actual_torque_pct,6
2026-10-09T10:49:37.644,1,39170,51988484,0,engine_rpm,950.000
2026-10-09T10:49:37.654,1,39175,51998410,0,actual_torque_pct,6
2026-10-09T10:49:37.654,1,39175,51998410,0,engine_rpm,950.000
2026-10-09T10:49:37.655,1,39176,51998996,0,engine_load_pct,13
2026-10-09T10:49:37.661,1,39182,52004500,0,oil_pressure_kpa,584
2026-10-09T10:49:37.664,1,39183,52008453,0,actual_torque_pct,3
2026-10-09T10:49:37.664,1,39183,52008453,0,engine_rpm,950.000
2026-10-09T10:49:37.666,1,39186,52010188,0,fuel_rate_lph,3.10
2026-10-09T10:49:37.666,1,39186,52010188,0,fuel_econ_inst_kmpl,0.000
2026-10-09T10:49:37.674,1,39192,52018412,0,actual_torque_pct,3
2026-10-09T10:49:37.674,1,39192,52018412,0,engine_rpm,949.000
2026-10-09T10:49:37.681,1,39199,52024975,39,fuel_level_pct,1.2
2026-10-09T10:49:37.684,1,39200,52028382,0,actual_torque_pct,1
2026-10-09T10:49:37.684,1,39200,52028382,0,engine_rpm,947.000
2026-10-09T10:49:37.694,1,39213,52038367,0,actual_torque_pct,1
2026-10-09T10:49:37.694,1,39213,52038367,0,engine_rpm,945.000
2026-10-09T10:49:37.704,1,39219,52048355,0,actual_torque_pct,0
2026-10-09T10:49:37.704,1,39219,52048355,0,engine_rpm,942.000
2026-10-09T10:49:37.705,1,39220,52048959,0,engine_load_pct,0
2026-10-09T10:49:37.715,1,39226,52058921,0,actual_torque_pct,0
2026-10-09T10:49:37.715,1,39226,52058921,0,engine_rpm,938.000
2026-10-09T10:49:37.726,1,39234,52069668,0,actual_torque_pct,0
2026-10-09T10:49:37.726,1,39234,52069668,0,engine_rpm,935.000
2026-10-09T10:49:37.735,1,39241,52079584,0,actual_torque_pct,0
2026-10-09T10:49:37.735,1,39241,52079584,0,engine_rpm,935.000
2026-10-09T10:49:37.740,1,39249,52084224,39,vehicle_speed_kmh,0.000
2026-10-09T10:49:37.746,1,39253,52089635,0,actual_torque_pct,0
2026-10-09T10:49:37.746,1,39253,52089635,0,engine_rpm,930.000
2026-10-09T10:49:37.754,1,39258,52098359,0,actual_torque_pct,0
2026-10-09T10:49:37.754,1,39258,52098359,0,engine_rpm,924.000
2026-10-09T10:49:37.755,1,39259,52098945,0,engine_load_pct,0
2026-10-09T10:49:37.760,1,39265,52104246,0,coolant_temp_c,32
2026-10-09T10:49:37.760,1,39265,52104246,0,fuel_temp_c,31
2026-10-09T10:49:37.760,1,39265,52104246,0,oil_temp_c,32.78
2026-10-09T10:49:37.764,1,39266,52108611,0,actual_torque_pct,0
2026-10-09T10:49:37.764,1,39266,52108611,0,engine_rpm,917.000
2026-10-09T10:49:37.769,1,39273,52112630,0,fuel_rate_lph,0.00
2026-10-09T10:49:37.769,1,39273,52112630,0,fuel_econ_inst_kmpl,125.498
2026-10-09T10:49:37.774,1,39275,52118412,0,actual_torque_pct,0
2026-10-09T10:49:37.774,1,39275,52118412,0,engine_rpm,910.000
2026-10-09T10:49:37.781,1,39282,52125052,39,fuel_level_pct,1.2
2026-10-09T10:49:37.784,1,39283,52128317,0,actual_torque_pct,0
2026-10-09T10:49:37.784,1,39283,52128317,0,engine_rpm,902.000
2026-10-09T10:49:37.794,1,39295,52138345,0,actual_torque_pct,0
2026-10-09T10:49:37.794,1,39295,52138345,0,engine_rpm,895.000
2026-10-09T10:49:37.804,1,39301,52148303,0,actual_torque_pct,0
2026-10-09T10:49:37.804,1,39301,52148303,0,engine_rpm,888.000
2026-10-09T10:49:37.805,1,39302,52148882,0,engine_load_pct,0
2026-10-09T10:49:37.814,1,39308,52158293,0,actual_torque_pct,0
2026-10-09T10:49:37.814,1,39308,52158293,0,engine_rpm,881.000
2026-10-09T10:49:37.825,1,39316,52169492,0,actual_torque_pct,0
2026-10-09T10:49:37.825,1,39316,52169492,0,engine_rpm,881.000
2026-10-09T10:49:37.836,1,39323,52179639,0,actual_torque_pct,0
2026-10-09T10:49:37.836,1,39323,52179639,0,engine_rpm,874.000
2026-10-09T10:49:37.840,1,39331,52184255,39,vehicle_speed_kmh,0.000
2026-10-09T10:49:37.844,1,39335,52188272,0,actual_torque_pct,0
2026-10-09T10:49:37.844,1,39335,52188272,0,engine_rpm,867.000
2026-10-09T10:49:37.854,1,39340,52198239,0,actual_torque_pct,0
2026-10-09T10:49:37.854,1,39340,52198239,0,engine_rpm,859.000
2026-10-09T10:49:37.855,1,39341,52198826,0,engine_load_pct,0
2026-10-09T10:49:37.864,1,39349,52208567,0,actual_torque_pct,0
2026-10-09T10:49:37.864,1,39349,52208567,0,engine_rpm,852.000
2026-10-09T10:49:37.866,1,39351,52209709,0,engine_hours,40.25
2026-10-09T10:49:37.866,1,39352,52210302,0,fuel_rate_lph,0.00
2026-10-09T10:49:37.866,1,39352,52210302,0,fuel_econ_inst_kmpl,125.498
2026-10-09T10:49:37.874,1,39358,52218422,0,actual_torque_pct,1
2026-10-09T10:49:37.874,1,39358,52218422,0,engine_rpm,845.000
2026-10-09T10:49:37.881,1,39365,52225388,39,fuel_level_pct,1.2
2026-10-09T10:49:37.885,1,39366,52228759,0,actual_torque_pct,2
2026-10-09T10:49:37.885,1,39366,52228759,0,engine_rpm,837.000
2026-10-09T10:49:37.895,1,39379,52239594,0,actual_torque_pct,2
2026-10-09T10:49:37.895,1,39379,52239594,0,engine_rpm,837.000
2026-10-09T10:49:37.904,1,39384,52248308,0,actual_torque_pct,2
2026-10-09T10:49:37.904,1,39384,52248308,0,engine_rpm,829.000
2026-10-09T10:49:37.905,1,39385,52248885,0,engine_load_pct,4
2026-10-09T10:49:37.914,1,39390,52258275,0,actual_torque_pct,3
2026-10-09T10:49:37.914,1,39390,52258275,0,engine_rpm,822.000
2026-10-09T10:49:37.924,1,39396,52268428,0,actual_torque_pct,6
2026-10-09T10:49:37.924,1,39396,52268428,0,engine_rpm,816.000
2026-10-09T10:49:37.934,1,39403,52278225,0,actual_torque_pct,6
2026-10-09T10:49:37.934,1,39403,52278225,0,engine_rpm,810.000
2026-10-09T10:49:37.940,1,39411,52283825,39,vehicle_speed_kmh,0.000
2026-10-09T10:49:37.945,1,39415,52289470,0,actual_torque_pct,6
2026-10-09T10:49:37.945,1,39415,52289470,0,engine_rpm,810.000
2026-10-09T10:49:37.954,1,39420,52298284,0,actual_torque_pct,9
2026-10-09T10:49:37.954,1,39420,52298284,0,engine_rpm,806.000
2026-10-09T10:49:37.955,1,39421,52298861,0,engine_load_pct,19
2026-10-09T10:49:37.965,1,39427,52308239,0,actual_torque_pct,9
2026-10-09T10:49:37.965,1,39427,52308239,0,engine_rpm,804.000
2026-10-09T10:49:37.965,1,39428,52308819,0,fuel_rate_lph,3.90
2026-10-09T10:49:37.965,1,39428,52308819,0,fuel_econ_inst_kmpl,0.000
2026-10-09T10:49:37.974,1,39434,52318420,0,actual_torque_pct,12
2026-10-09T10:49:37.974,1,39434,52318420,0,engine_rpm,803.000
2026-10-09T10:49:37.981,1,39441,52325360,39,fuel_level_pct,1.2
2026-10-09T10:49:37.984,1,39442,52328237,0,actual_torque_pct,15
2026-10-09T10:49:37.984,1,39442,52328237,0,engine_rpm,802.000
2026-10-09T10:49:37.995,1,39455,52339627,0,actual_torque_pct,15
2026-10-09T10:49:37.995,1,39455,52339627,0,engine_rpm,802.000
2026-10-09T10:49:38.004,1,39460,52348227,0,actual_torque_pct,15
2026-10-09T10:49:38.004,1,39460,52348227,0,engine_rpm,801.000
2026-10-09T10:49:38.005,1,39461,52348807,0,engine_load_pct,32
2026-10-09T10:49:38.014,1,39466,52358203,0,actual_torque_pct,17
2026-10-09T10:49:38.014,1,39466,52358203,0,engine_rpm,802.000
2026-10-09T10:49:38.024,1,39472,52368430,0,actual_torque_pct,19
2026-10-09T10:49:38.024,1,39472,52368430,0,engine_rpm,804.000
2026-10-09T10:49:38.034,1,39481,52378236,0,actual_torque_pct,19
2026-10-09T10:49:38.034,1,39481,52378236,0,engine_rpm,806.000
2026-10-09T10:49:38.040,1,39489,52383810,39,vehicle_speed_kmh,0.000
2026-10-09T10:49:38.045,1,39493,52389574,0,actual_torque_pct,20
2026-10-09T10:49:38.045,1,39493,52389574,0,engine_rpm,809.000
2026-10-09T10:49:38.054,1,39498,52398188,0,actual_torque_pct,20
2026-10-09T10:49:38.054,1,39498,52398188,0,engine_rpm,809.000
2026-10-09T10:49:38.055,1,39499,52398764,0,engine_load_pct,43
2026-10-09T10:49:38.060,1,39505,52404500,0,boost_pressure_kpa,108
2026-10-09T10:49:38.060,1,39505,52404500,0,intake_manifold_temp_c,31
2026-10-09T10:49:38.064,1,39506,52408459,0,actual_torque_pct,20
2026-10-09T10:49:38.064,1,39506,52408459,0,engine_rpm,813.000
2026-10-09T10:49:38.066,1,39508,52409612,0,fuel_rate_lph,8.35
2026-10-09T10:49:38.066,1,39508,52409612,0,fuel_econ_inst_kmpl,0.000
2026-10-09T10:49:38.074,1,39514,52418445,0,actual_torque_pct,21
2026-10-09T10:49:38.074,1,39514,52418445,0,engine_rpm,816.000
2026-10-09T10:49:38.081,1,39521,52425365,39,fuel_level_pct,1.2
2026-10-09T10:49:38.084,1,39522,52428201,0,actual_torque_pct,22
2026-10-09T10:49:38.084,1,39522,52428201,0,engine_rpm,821.000
2026-10-09T10:49:38.094,1,39534,52438157,0,actual_torque_pct,22
2026-10-09T10:49:38.094,1,39534,52438157,0,engine_rpm,826.000
2026-10-09T10:49:38.105,1,39540,52449584,0,actual_torque_pct,22
2026-10-09T10:49:38.105,1,39540,52449584,0,engine_rpm,826.000
2026-10-09T10:49:38.106,1,39541,52450170,0,engine_load_pct,47
2026-10-09T10:49:38.114,1,39546,52458183,0,actual_torque_pct,22
2026-10-09T10:49:38.114,1,39546,52458183,0,engine_rpm,832.000
2026-10-09T10:49:38.124,1,39552,52468433,0,actual_torque_pct,22
2026-10-09T10:49:38.124,1,39552,52468433,0,engine_rpm,837.000
2026-10-09T10:49:38.134,1,39559,52478133,0,actual_torque_pct,22
2026-10-09T10:49:38.134,1,39559,52478133,0,engine_rpm,843.000
2026-10-09T10:49:38.140,1,39567,52483803,39,vehicle_speed_kmh,0.000
2026-10-09T10:49:38.145,1,39571,52488172,0,actual_torque_pct,22
2026-10-09T10:49:38.145,1,39571,52488172,0,engine_rpm,850.000
2026-10-09T10:49:38.154,1,39576,52498186,0,actual_torque_pct,22
2026-10-09T10:49:38.154,1,39576,52498186,0,engine_rpm,856.000
2026-10-09T10:49:38.155,1,39577,52498764,0,engine_load_pct,48
2026-10-09T10:49:38.159,1,39583,52502931,0,oil_pressure_kpa,516
2026-10-09T10:49:38.165,1,39584,52508664,0,actual_torque_pct,22
2026-10-09T10:49:38.165,1,39584,52508664,0,engine_rpm,862.000
2026-10-09T10:49:38.165,1,39585,52509246,0,fuel_rate_lph,9.30
2026-10-09T10:49:38.165,1,39585,52509246,0,fuel_econ_inst_kmpl,0.000
2026-10-09T10:49:38.176,1,39591,52519577,0,actual_torque_pct,22
2026-10-09T10:49:38.176,1,39591,52519577,0,engine_rpm,862.000
2026-10-09T10:49:38.184,1,39598,52528147,0,actual_torque_pct,22
2026-10-09T10:49:38.184,1,39598,52528147,0,engine_rpm,866.000
2026-10-09T10:49:38.186,1,39601,52530172,39,fuel_level_pct,1.2
2026-10-09T10:49:38.194,1,39611,52538155,0,actual_torque_pct,22
2026-10-09T10:49:38.194,1,39611,52538155,0,engine_rpm,871.000
2026-10-09T10:49:38.204,1,39617,52548130,0,actual_torque_pct,22
2026-10-09T10:49:38.204,1,39617,52548130,0,engine_rpm,876.000
2026-10-09T10:49:38.205,1,39618,52548723,0,engine_load_pct,48
2026-10-09T10:49:38.214,1,39623,52558101,0,actual_torque_pct,22
2026-10-09T10:49:38.214,1,39623,52558101,0,engine_rpm,881.000
2026-10-09T10:49:38.224,1,39628,52568127,0,actual_torque_pct,22
2026-10-09T10:49:38.224,1,39628,52568127,0,engine_rpm,885.000
2026-10-09T10:49:38.234,1,39636,52578130,0,actual_torque_pct,22
2026-10-09T10:49:38.234,1,39636,52578130,0,engine_rpm,889.000
2026-10-09T10:49:38.240,1,39644,52583821,39,vehicle_speed_kmh,0.000
2026-10-09T10:49:38.244,1,39648,52588111,0,actual_torque_pct,21
2026-10-09T10:49:38.244,1,39648,52588111,0,engine_rpm,893.000
2026-10-09T10:49:38.255,1,39653,52599014,0,actual_torque_pct,21
2026-10-09T10:49:38.255,1,39653,52599014,0,engine_rpm,897.000
2026-10-09T10:49:38.256,1,39654,52599610,0,engine_load_pct,45
2026-10-09T10:49:38.265,1,39660,52609465,0,actual_torque_pct,21
2026-10-09T10:49:38.265,1,39660,52609465,0,engine_rpm,897.000
2026-10-09T10:49:38.266,1,39661,52610045,0,fuel_rate_lph,8.80
2026-10-09T10:49:38.266,1,39661,52610045,0,fuel_econ_inst_kmpl,0.000
2026-10-09T10:49:38.275,1,39667,52619391,0,actual_torque_pct,21
2026-10-09T10:49:38.275,1,39667,52619391,0,engine_rpm,901.000
2026-10-09T10:49:38.281,1,39674,52625001,39,fuel_level_pct,1.2
2026-10-09T10:49:38.284,1,39675,52628083,0,actual_torque_pct,21
2026-10-09T10:49:38.284,1,39675,52628083,0,engine_rpm,905.000
2026-10-09T10:49:38.294,1,39687,52638071,0,actual_torque_pct,21
2026-10-09T10:49:38.294,1,39687,52638071,0,engine_rpm,910.000
2026-10-09T10:49:38.304,1,39693,52648093,0,actual_torque_pct,21
2026-10-09T10:49:38.304,1,39693,52648093,0,engine_rpm,914.000
2026-10-09T10:49:38.305,1,39694,52648673,0,engine_load_pct,45
2026-10-09T10:49:38.314,1,39699,52658081,0,actual_torque_pct,20
2026-10-09T10:49:38.314,1,39699,52658081,0,engine_rpm,918.000
2026-10-09T10:49:38.324,1,39705,52668064,0,actual_torque_pct,20
2026-10-09T10:49:38.324,1,39705,52668064,0,engine_rpm,921.000
2026-10-09T10:49:38.334,1,39713,52678043,0,actual_torque_pct,20
2026-10-09T10:49:38.334,1,39713,52678043,0,engine_rpm,925.000
2026-10-09T10:49:38.340,1,39721,52683826,39,vehicle_speed_kmh,0.000
2026-10-09T10:49:38.344,1,39725,52688073,0,actual_torque_pct,20
2026-10-09T10:49:38.344,1,39725,52688073,0,engine_rpm,929.000
2026-10-09T10:49:38.354,1,39730,52698082,0,actual_torque_pct,20
2026-10-09T10:49:38.354,1,39730,52698082,0,engine_rpm,933.000
2026-10-09T10:49:38.355,1,39731,52698660,0,engine_load_pct,43
2026-10-09T10:49:38.364,1,39739,52708357,0,actual_torque_pct,19
2026-10-09T10:49:38.364,1,39739,52708357,0,engine_rpm,935.000
2026-10-09T10:49:38.365,1,39741,52709512,0,fuel_rate_lph,8.65
2026-10-09T10:49:38.365,1,39741,52709512,0,fuel_econ_inst_kmpl,0.000
2026-10-09T10:49:38.374,1,39747,52718462,0,actual_torque_pct,19
2026-10-09T10:49:38.374,1,39747,52718462,0,engine_rpm,938.000
2026-10-09T10:49:38.381,1,39754,52725033,39,fuel_level_pct,1.2
2026-10-09T10:49:38.385,1,39755,52728715,0,actual_torque_pct,19
2026-10-09T10:49:38.385,1,39755,52728715,0,engine_rpm,941.000
2026-10-09T10:49:38.396,1,39769,52739599,0,actual_torque_pct,19
2026-10-09T10:49:38.396,1,39769,52739599,0,engine_rpm,943.000
2026-10-09T10:49:38.405,1,39774,52749298,0,actual_torque_pct,19
2026-10-09T10:49:38.405,1,39774,52749298,0,engine_rpm,943.000
2026-10-09T10:49:38.406,1,39775,52749877,0,engine_load_pct,41
2026-10-09T10:49:38.415,1,39780,52759431,0,actual_torque_pct,19
2026-10-09T10:49:38.415,1,39780,52759431,0,engine_rpm,944.000
2026-10-09T10:49:38.425,1,39786,52769235,0,actual_torque_pct,19
2026-10-09T10:49:38.425,1,39786,52769235,0,engine_rpm,947.000
2026-10-09T10:49:38.434,1,39793,52778018,0,actual_torque_pct,18
2026-10-09T10:49:38.434,1,39793,52778018,0,engine_rpm,951.000
2026-10-09T10:49:38.440,1,39801,52783831,39,vehicle_speed_kmh,0.000
2026-10-09T10:49:38.444,1,39805,52788005,0,actual_torque_pct,18
2026-10-09T10:49:38.444,1,39805,52788005,0,engine_rpm,954.000
2026-10-09T10:49:38.454,1,39810,52797981,0,actual_torque_pct,18
2026-10-09T10:49:38.454,1,39810,52797981,0,engine_rpm,956.000
2026-10-09T10:49:38.455,1,39811,52798569,0,engine_load_pct,39
2026-10-09T10:49:38.465,1,39817,52808233,0,actual_torque_pct,18
2026-10-09T10:49:38.465,1,39817,52808233,0,engine_rpm,958.000
2026-10-09T10:49:38.465,1,39818,52808810,0,fuel_rate_lph,7.90
2026-10-09T10:49:38.465,1,39818,52808810,0,fuel_econ_inst_kmpl,0.000
2026-10-09T10:49:38.474,1,39824,52818467,0,actual_torque_pct,18
2026-10-09T10:49:38.474,1,39824,52818467,0,engine_rpm,961.000
2026-10-09T10:49:38.481,1,39831,52825017,39,fuel_level_pct,1.2
2026-10-09T10:49:38.484,1,39832,52827965,0,actual_torque_pct,18
2026-10-09T10:49:38.484,1,39832,52827965,0,engine_rpm,963.000
2026-10-09T10:49:38.494,1,39844,52837956,0,actual_torque_pct,18
2026-10-09T10:49:38.494,1,39844,52837956,0,engine_rpm,964.000
2026-10-09T10:49:38.504,1,39850,52847983,0,actual_torque_pct,18
2026-10-09T10:49:38.504,1,39850,52847983,0,engine_rpm,966.000
2026-10-09T10:49:38.505,1,39851,52848569,0,engine_load_pct,39
2026-10-09T10:49:38.514,1,39856,52857985,0,actual_torque_pct,17
2026-10-09T10:49:38.514,1,39856,52857985,0,engine_rpm,968.000
2026-10-09T10:49:38.524,1,39862,52868467,0,actual_torque_pct,17
2026-10-09T10:49:38.524,1,39862,52868467,0,engine_rpm,970.000
2026-10-09T10:49:38.534,1,39869,52877928,0,actual_torque_pct,17
2026-10-09T10:49:38.534,1,39869,52877928,0,engine_rpm,971.000
2026-10-09T10:49:38.540,1,39877,52883804,39,vehicle_speed_kmh,0.000
2026-10-09T10:49:38.544,1,39881,52887947,0,actual_torque_pct,17
2026-10-09T10:49:38.544,1,39881,52887947,0,engine_rpm,974.000
2026-10-09T10:49:38.554,1,39886,52898034,0,actual_torque_pct,17
2026-10-09T10:49:38.554,1,39886,52898034,0,engine_rpm,976.000
2026-10-09T10:49:38.555,1,39887,52898611,0,engine_load_pct,37
2026-10-09T10:49:38.560,1,39894,52904225,0,boost_pressure_kpa,108
2026-10-09T10:49:38.560,1,39894,52904225,0,intake_manifold_temp_c,31
2026-10-09T10:49:38.564,1,39895,52908084,0,actual_torque_pct,16
2026-10-09T10:49:38.564,1,39895,52908084,0,engine_rpm,978.000
2026-10-09T10:49:38.566,1,39898,52909800,0,fuel_rate_lph,7.60
2026-10-09T10:49:38.566,1,39898,52909800,0,fuel_econ_inst_kmpl,0.000
2026-10-09T10:49:38.574,1,39904,52918488,0,actual_torque_pct,16
2026-10-09T10:49:38.574,1,39904,52918488,0,engine_rpm,979.000
2026-10-09T10:49:38.581,1,39911,52925014,39,fuel_level_pct,1.2
2026-10-09T10:49:38.584,1,39912,52927940,0,actual_torque_pct,15
2026-10-09T10:49:38.584,1,39912,52927940,0,engine_rpm,981.000
2026-10-09T10:49:38.594,1,39924,52937932,0,actual_torque_pct,15
2026-10-09T10:49:38.594,1,39924,52937932,0,engine_rpm,983.000
2026-10-09T10:49:38.604,1,39930,52947913,0,actual_torque_pct,14
2026-10-09T10:49:38.604,1,39930,52947913,0,engine_rpm,984.000
2026-10-09T10:49:38.604,1,39931,52948493,0,engine_load_pct,30
2026-10-09T10:49:38.614,1,39937,52957883,0,actual_torque_pct,14
2026-10-09T10:49:38.614,1,39937,52957883,0,engine_rpm,985.000
2026-10-09T10:49:38.624,1,39942,52967889,0,actual_torque_pct,13
2026-10-09T10:49:38.624,1,39942,52967889,0,engine_rpm,986.000
2026-10-09T10:49:38.635,1,39950,52977903,0,actual_torque_pct,13
2026-10-09T10:49:38.635,1,39950,52977903,0,engine_rpm,987.000
2026-10-09T10:49:38.640,1,39958,52983808,39,vehicle_speed_kmh,0.000
2026-10-09T10:49:38.644,1,39962,52987897,0,actual_torque_pct,13
2026-10-09T10:49:38.644,1,39962,52987897,0,engine_rpm,988.000
2026-10-09T10:49:38.654,1,39967,52997887,0,actual_torque_pct,13
2026-10-09T10:49:38.654,1,39967,52997887,0,engine_rpm,989.000
2026-10-09T10:49:38.654,1,39968,52998466,0,engine_load_pct,28
2026-10-09T10:49:38.659,1,39974,53002689,0,oil_pressure_kpa,596
2026-10-09T10:49:38.664,1,39975,53008031,0,actual_torque_pct,12
2026-10-09T10:49:38.664,1,39975,53008031,0,engine_rpm,989.000
2026-10-09T10:49:38.666,1,39978,53009767,0,fuel_rate_lph,6.15
2026-10-09T10:49:38.666,1,39978,53009767,0,fuel_econ_inst_kmpl,0.000
2026-10-09T10:49:38.674,1,39983,53017884,0,actual_torque_pct,12
2026-10-09T10:49:38.674,1,39983,53017884,0,engine_rpm,990.000
2026-10-09T10:49:38.681,1,39991,53025037,39,fuel_level_pct,1.2
2026-10-09T10:49:38.684,1,39992,53027878,0,actual_torque_pct,12
2026-10-09T10:49:38.684,1,39992,53027878,0,engine_rpm,991.000
2026-10-09T10:49:38.694,1,40005,53037847,0,actual_torque_pct,12
2026-10-09T10:49:38.694,1,40005,53037847,0,engine_rpm,991.000
2026-10-09T10:49:38.704,1,40011,53047865,0,actual_torque_pct,12
2026-10-09T10:49:38.704,1,40011,53047865,0,engine_rpm,991.000
2026-10-09T10:49:38.704,1,40012,53048450,0,engine_load_pct,26
2026-10-09T10:49:38.714,1,40018,53057875,0,actual_torque_pct,12
2026-10-09T10:49:38.714,1,40018,53057875,0,engine_rpm,991.000
2026-10-09T10:49:38.724,1,40025,53067848,0,actual_torque_pct,12
2026-10-09T10:49:38.724,1,40025,53067848,0,engine_rpm,991.000
2026-10-09T10:49:38.734,1,40033,53077810,0,actual_torque_pct,12
2026-10-09T10:49:38.734,1,40033,53077810,0,engine_rpm,990.000
2026-10-09T10:49:38.740,1,40041,53083837,39,vehicle_speed_kmh,0.000
2026-10-09T10:49:38.744,1,40045,53087846,0,actual_torque_pct,11
2026-10-09T10:49:38.744,1,40045,53087846,0,engine_rpm,990.000
2026-10-09T10:49:38.754,1,40050,53097866,0,actual_torque_pct,11
2026-10-09T10:49:38.754,1,40050,53097866,0,engine_rpm,991.000
2026-10-09T10:49:38.754,1,40051,53098445,0,engine_load_pct,23
2026-10-09T10:49:38.759,1,40057,53102632,0,coolant_temp_c,32
2026-10-09T10:49:38.759,1,40057,53102632,0,fuel_temp_c,31
2026-10-09T10:49:38.759,1,40057,53102632,0,oil_temp_c,32.78
2026-10-09T10:49:38.764,1,40058,53107873,0,actual_torque_pct,11
2026-10-09T10:49:38.764,1,40058,53107873,0,engine_rpm,991.000
2026-10-09T10:49:38.766,1,40061,53109589,0,fuel_rate_lph,5.45
2026-10-09T10:49:38.766,1,40061,53109589,0,fuel_econ_inst_kmpl,0.000
2026-10-09T10:49:38.774,1,40066,53117808,0,actual_torque_pct,11
2026-10-09T10:49:38.774,1,40066,53117808,0,engine_rpm,991.000
2026-10-09T10:49:38.781,1,40074,53125040,39,fuel_level_pct,1.2
2026-10-09T10:49:38.784,1,40075,53127821,0,actual_torque_pct,11
2026-10-09T10:49:38.784,1,40075,53127821,0,engine_rpm,991.000
2026-10-09T10:49:38.794,1,40087,53137840,0,actual_torque_pct,11
2026-10-09T10:49:38.794,1,40087,53137840,0,engine_rpm,992.000
2026-10-09T10:49:38.804,1,40093,53147962,0,actual_torque_pct,11
2026-10-09T10:49:38.804,1,40093,53147962,0,engine_rpm,991.000
2026-10-09T10:49:38.804,1,40094,53148548,0,engine_load_pct,24
2026-10-09T10:49:38.814,1,40100,53157787,0,actual_torque_pct,11
2026-10-09T10:49:38.814,1,40100,53157787,0,engine_rpm,991.000
2026-10-09T10:49:38.824,1,40108,53168510,0,actual_torque_pct,11
2026-10-09T10:49:38.824,1,40108,53168510,0,engine_rpm,991.000
2026-10-09T10:49:38.835,1,40115,53178740,0,actual_torque_pct,11
2026-10-09T10:49:38.835,1,40115,53178740,0,engine_rpm,991.000
2026-10-09T10:49:38.840,1,40123,53183908,39,vehicle_speed_kmh,0.000
2026-10-09T10:49:38.845,1,40127,53188272,0,actual_torque_pct,11
2026-10-09T10:49:38.845,1,40127,53188272,0,engine_rpm,990.000
2026-10-09T10:49:38.855,1,40132,53198311,0,actual_torque_pct,11
2026-10-09T10:49:38.855,1,40132,53198311,0,engine_rpm,989.000
2026-10-09T10:49:38.856,1,40133,53198890,0,engine_load_pct,24
2026-10-09T10:49:38.865,1,40141,53208741,0,actual_torque_pct,11
2026-10-09T10:49:38.865,1,40141,53208741,0,engine_rpm,988.000
2026-10-09T10:49:38.866,1,40143,53209881,0,engine_hours,40.25
2026-10-09T10:49:38.867,1,40144,53210477,0,fuel_rate_lph,5.45
2026-10-09T10:49:38.867,1,40144,53210477,0,fuel_econ_inst_kmpl,0.000
2026-10-09T10:49:38.875,1,40150,53218527,0,actual_torque_pct,11
2026-10-09T10:49:38.875,1,40150,53218527,0,engine_rpm,988.000
2026-10-09T10:49:38.882,1,40157,53225387,39,fuel_level_pct,1.2
2026-10-09T10:49:38.885,1,40158,53228747,0,actual_torque_pct,11
2026-10-09T10:49:38.885,1,40158,53228747,0,engine_rpm,987.000
2026-10-09T10:49:38.895,1,40171,53239004,0,actual_torque_pct,11
2026-10-09T10:49:38.895,1,40171,53239004,0,engine_rpm,987.000
2026-10-09T10:49:38.905,1,40176,53249020,0,actual_torque_pct,11
2026-10-09T10:49:38.905,1,40176,53249020,0,engine_rpm,987.000
2026-10-09T10:49:38.906,1,40177,53249599,0,engine_load_pct,23
2026-10-09T10:49:38.915,1,40182,53259024,0,actual_torque_pct,11
2026-10-09T10:49:38.915,1,40182,53259024,0,engine_rpm,987.000
2026-10-09T10:49:38.926,1,40188,53269172,0,actual_torque_pct,11
2026-10-09T10:49:38.926,1,40188,53269172,0,engine_rpm,987.000
2026-10-09T10:49:38.935,1,40195,53279012,0,actual_torque_pct,11
2026-10-09T10:49:38.935,1,40195,53279012,0,engine_rpm,987.000
2026-10-09T10:49:38.940,1,40203,53283884,39,vehicle_speed_kmh,0.000
2026-10-09T10:49:38.945,1,40207,53289260,0,actual_torque_pct,11
2026-10-09T10:49:38.945,1,40207,53289260,0,engine_rpm,987.000
2026-10-09T10:49:38.956,1,40212,53299662,0,actual_torque_pct,11
2026-10-09T10:49:38.956,1,40212,53299662,0,engine_rpm,987.000
2026-10-09T10:49:38.956,1,40213,53300248,0,engine_load_pct,23
2026-10-09T10:49:38.966,1,40219,53309091,0,actual_torque_pct,11
2026-10-09T10:49:38.966,1,40219,53309091,0,engine_rpm,986.000
2026-10-09T10:49:38.966,1,40220,53309668,0,fuel_rate_lph,5.45
2026-10-09T10:49:38.966,1,40220,53309668,0,fuel_econ_inst_kmpl,0.000
2026-10-09T10:49:38.977,1,40226,53318948,0,actual_torque_pct,11
2026-10-09T10:49:38.977,1,40226,53318948,0,engine_rpm,986.000
2026-10-09T10:49:38.981,1,40233,53325381,39,fuel_level_pct,1.2
2026-10-09T10:49:38.986,1,40234,53329064,0,actual_torque_pct,11
2026-10-09T10:49:38.986,1,40234,53329064,0,engine_rpm,985.000
2026-10-09T10:49:38.996,1,40247,53339063,0,actual_torque_pct,11
2026-10-09T10:49:38.996,1,40247,53339063,0,engine_rpm,984.000
2026-10-09T10:49:39.005,1,40252,53349066,0,actual_torque_pct,11
2026-10-09T10:49:39.005,1,40252,53349066,0,engine_rpm,984.000
2026-10-09T10:49:39.006,1,40253,53349653,0,engine_load_pct,23
2026-10-09T10:49:39.015,1,40258,53358930,0,actual_torque_pct,11
2026-10-09T10:49:39.015,1,40258,53358930,0,engine_rpm,984.000
2026-10-09T10:49:39.026,1,40265,53369633,0,actual_torque_pct,11
2026-10-09T10:49:39.026,1,40265,53369633,0,engine_rpm,984.000
2026-10-09T10:49:39.035,1,40273,53378977,0,actual_torque_pct,11
2026-10-09T10:49:39.035,1,40273,53378977,0,engine_rpm,984.000
2026-10-09T10:49:39.040,1,40281,53383880,39,vehicle_speed_kmh,0.000
2026-10-09T10:49:39.044,1,40285,53387684,0,actual_torque_pct,11
2026-10-09T10:49:39.044,1,40285,53387684,0,engine_rpm,984.000
2026-10-09T10:49:39.054,1,40290,53397645,0,actual_torque_pct,11
2026-10-09T10:49:39.054,1,40290,53397645,0,engine_rpm,983.000
2026-10-09T10:49:39.054,1,40291,53398227,0,engine_load_pct,23
2026-10-09T10:49:39.059,1,40297,53403593,0,boost_pressure_kpa,108
2026-10-09T10:49:39.059,1,40297,53403593,0,intake_manifold_temp_c,31
2026-10-09T10:49:39.064,1,40298,53407666,0,actual_torque_pct,11
2026-10-09T10:49:39.064,1,40298,53407666,0,engine_rpm,984.000
2026-10-09T10:49:39.065,1,40300,53408814,0,fuel_rate_lph,5.45
2026-10-09T10:49:39.065,1,40300,53408814,0,fuel_econ_inst_kmpl,0.000
2026-10-09T10:49:39.074,1,40305,53417664,0,actual_torque_pct,11
2026-10-09T10:49:39.074,1,40305,53417664,0,engine_rpm,984.000
2026-10-09T10:49:39.082,1,40313,53425374,39,fuel_level_pct,1.2
2026-10-09T10:49:39.084,1,40314,53427656,0,actual_torque_pct,11
2026-10-09T10:49:39.084,1,40314,53427656,0,engine_rpm,983.000
2026-10-09T10:49:39.093,1,40326,53437618,0,actual_torque_pct,11
2026-10-09T10:49:39.093,1,40326,53437618,0,engine_rpm,983.000
2026-10-09T10:49:39.104,1,40332,53447648,0,actual_torque_pct,11
2026-10-09T10:49:39.104,1,40332,53447648,0,engine_rpm,982.000
2026-10-09T10:49:39.104,1,40333,53448227,0,engine_load_pct,23
2026-10-09T10:49:39.113,1,40338,53457629,0,actual_torque_pct,11
2026-10-09T10:49:39.113,1,40338,53457629,0,engine_rpm,981.000
2026-10-09T10:49:39.124,1,40343,53467628,0,actual_torque_pct,11
2026-10-09T10:49:39.124,1,40343,53467628,0,engine_rpm,981.000
2026-10-09T10:49:39.133,1,40351,53477598,0,actual_torque_pct,11
2026-10-09T10:49:39.133,1,40351,53477598,0,engine_rpm,981.000
2026-10-09T10:49:39.140,1,40359,53483819,39,vehicle_speed_kmh,0.000
2026-10-09T10:49:39.143,1,40363,53487632,0,actual_torque_pct,11
2026-10-09T10:49:39.143,1,40363,53487632,0,engine_rpm,981.000
2026-10-09T10:49:39.154,1,40368,53497644,0,actual_torque_pct,11
2026-10-09T10:49:39.154,1,40368,53497644,0,engine_rpm,981.000
2026-10-09T10:49:39.154,1,40369,53498226,0,engine_load_pct,23
2026-10-09T10:49:39.159,1,40375,53503608,0,oil_pressure_kpa,596
2026-10-09T10:49:39.164,1,40376,53507601,0,actual_torque_pct,11
2026-10-09T10:49:39.164,1,40376,53507601,0,engine_rpm,981.000
2026-10-09T10:49:39.164,1,40377,53508186,0,fuel_rate_lph,5.40
2026-10-09T10:49:39.164,1,40377,53508186,0,fuel_econ_inst_kmpl,0.000
2026-10-09T10:49:39.174,1,40382,53517572,0,actual_torque_pct,11
2026-10-09T10:49:39.174,1,40382,53517572,0,engine_rpm,981.000
2026-10-09T10:49:39.184,1,40390,53527612,0,actual_torque_pct,11
2026-10-09T10:49:39.184,1,40390,53527612,0,engine_rpm,981.000
2026-10-09T10:49:39.186,1,40393,53530107,39,fuel_level_pct,1.2
2026-10-09T10:49:39.193,1,40403,53537609,0,actual_torque_pct,11
2026-10-09T10:49:39.193,1,40403,53537609,0,engine_rpm,981.000
2026-10-09T10:49:39.203,1,40409,53547584,0,actual_torque_pct,11
2026-10-09T10:49:39.203,1,40409,53547584,0,engine_rpm,980.000
2026-10-09T10:49:39.204,1,40410,53548167,0,engine_load_pct,23
2026-10-09T10:49:39.214,1,40415,53557557,0,actual_torque_pct,11
2026-10-09T10:49:39.214,1,40415,53557557,0,engine_rpm,979.000
2026-10-09T10:49:39.224,1,40420,53567593,0,actual_torque_pct,11
2026-10-09T10:49:39.224,1,40420,53567593,0,engine_rpm,979.000
2026-10-09T10:49:39.233,1,40428,53577587,0,actual_torque_pct,11
2026-10-09T10:49:39.233,1,40428,53577587,0,engine_rpm,978.000
2026-10-09T10:49:39.240,1,40436,53583829,39,vehicle_speed_kmh,0.000
2026-10-09T10:49:39.244,1,40440,53587576,0,actual_torque_pct,11
2026-10-09T10:49:39.244,1,40440,53587576,0,engine_rpm,978.000
2026-10-09T10:49:39.253,1,40445,53597559,0,actual_torque_pct,11
2026-10-09T10:49:39.253,1,40445,53597559,0,engine_rpm,977.000
2026-10-09T10:49:39.254,1,40446,53598146,0,engine_load_pct,23
2026-10-09T10:49:39.264,1,40452,53607552,0,actual_torque_pct,11
2026-10-09T10:49:39.264,1,40452,53607552,0,engine_rpm,977.000
2026-10-09T10:49:39.264,1,40453,53608130,0,fuel_rate_lph,5.35
2026-10-09T10:49:39.264,1,40453,53608130,0,fuel_econ_inst_kmpl,0.000
2026-10-09T10:49:39.274,1,40458,53617560,0,actual_torque_pct,11
2026-10-09T10:49:39.274,1,40458,53617560,0,engine_rpm,977.000
2026-10-09T10:49:39.281,1,40466,53625520,39,fuel_level_pct,1.2
2026-10-09T10:49:39.283,1,40467,53627523,0,actual_torque_pct,11
2026-10-09T10:49:39.283,1,40467,53627523,0,engine_rpm,977.000
2026-10-09T10:49:39.293,1,40479,53637514,0,actual_torque_pct,11
2026-10-09T10:49:39.293,1,40479,53637514,0,engine_rpm,977.000
2026-10-09T10:49:39.303,1,40485,53647545,0,actual_torque_pct,11
2026-10-09T10:49:39.303,1,40485,53647545,0,engine_rpm,977.000
2026-10-09T10:49:39.304,1,40486,53648129,0,engine_load_pct,23
2026-10-09T10:49:39.313,1,40491,53657540,0,actual_torque_pct,11
2026-10-09T10:49:39.313,1,40491,53657540,0,engine_rpm,977.000
2026-10-09T10:49:39.323,1,40497,53667537,0,actual_torque_pct,11
2026-10-09T10:49:39.323,1,40497,53667537,0,engine_rpm,976.000
2026-10-09T10:49:39.333,1,40505,53677528,0,actual_torque_pct,11
2026-10-09T10:49:39.333,1,40505,53677528,0,engine_rpm,975.000
2026-10-09T10:49:39.341,1,40513,53683830,39,vehicle_speed_kmh,0.000
2026-10-09T10:49:39.343,1,40517,53687528,0,actual_torque_pct,11
2026-10-09T10:49:39.343,1,40517,53687528,0,engine_rpm,975.000
2026-10-09T10:49:39.353,1,40522,53697554,0,actual_torque_pct,11
2026-10-09T10:49:39.353,1,40522,53697554,0,engine_rpm,974.000
2026-10-09T10:49:39.354,1,40523,53698121,0,engine_load_pct,23
2026-10-09T10:49:39.364,1,40531,53707792,0,actual_torque_pct,11
2026-10-09T10:49:39.364,1,40531,53707792,0,engine_rpm,974.000
2026-10-09T10:49:39.365,1,40533,53708957,0,fuel_rate_lph,5.35
2026-10-09T10:49:39.365,1,40533,53708957,0,fuel_econ_inst_kmpl,0.000
2026-10-09T10:49:39.374,1,40538,53717720,0,actual_torque_pct,11
2026-10-09T10:49:39.374,1,40538,53717720,0,engine_rpm,975.000
2026-10-09T10:49:39.382,1,40546,53725520,39,fuel_level_pct,1.2
2026-10-09T10:49:39.384,1,40547,53727817,0,actual_torque_pct,11
2026-10-09T10:49:39.384,1,40547,53727817,0,engine_rpm,974.000
2026-10-09T10:49:39.395,1,40559,53738255,0,actual_torque_pct,11
2026-10-09T10:49:39.395,1,40559,53738255,0,engine_rpm,975.000
2026-10-09T10:49:39.405,1,40566,53748336,0,actual_torque_pct,11
2026-10-09T10:49:39.405,1,40566,53748336,0,engine_rpm,975.000
2026-10-09T10:49:39.406,1,40567,53748916,0,engine_load_pct,23
2026-10-09T10:49:39.415,1,40572,53758746,0,actual_torque_pct,11
2026-10-09T10:49:39.415,1,40572,53758746,0,engine_rpm,975.000
2026-10-09T10:49:39.426,1,40578,53768746,0,actual_torque_pct,11
2026-10-09T10:49:39.426,1,40578,53768746,0,engine_rpm,975.000
2026-10-09T10:49:39.435,1,40585,53779050,0,actual_torque_pct,11
2026-10-09T10:49:39.435,1,40585,53779050,0,engine_rpm,975.000
2026-10-09T10:49:39.440,1,40593,53783885,39,vehicle_speed_kmh,0.000
2026-10-09T10:49:39.446,1,40597,53789322,0,actual_torque_pct,11
2026-10-09T10:49:39.446,1,40597,53789322,0,engine_rpm,975.000
2026-10-09T10:49:39.456,1,40602,53799028,0,actual_torque_pct,11
2026-10-09T10:49:39.456,1,40602,53799028,0,engine_rpm,974.000
2026-10-09T10:49:39.456,1,40603,53799607,0,engine_load_pct,23
2026-10-09T10:49:39.465,1,40609,53808816,0,actual_torque_pct,11
2026-10-09T10:49:39.465,1,40609,53808816,0,engine_rpm,974.000
2026-10-09T10:49:39.465,1,40610,53809403,0,fuel_rate_lph,5.35
2026-10-09T10:49:39.465,1,40610,53809403,0,fuel_econ_inst_kmpl,0.000
2026-10-09T10:49:39.475,1,40616,53818881,0,actual_torque_pct,11
2026-10-09T10:49:39.475,1,40616,53818881,0,engine_rpm,973.000
2026-10-09T10:49:39.481,1,40623,53825522,39,fuel_level_pct,1.2
2026-10-09T10:49:39.485,1,40624,53828621,0,actual_torque_pct,11
2026-10-09T10:49:39.485,1,40624,53828621,0,engine_rpm,972.000
2026-10-09T10:49:39.494,1,40636,53837422,0,actual_torque_pct,12
2026-10-09T10:49:39.494,1,40636,53837422,0,engine_rpm,972.000
2026-10-09T10:49:39.504,1,40642,53847464,0,actual_torque_pct,12
2026-10-09T10:49:39.504,1,40642,53847464,0,engine_rpm,972.000
2026-10-09T10:49:39.505,1,40643,53848045,0,engine_load_pct,25
2026-10-09T10:49:39.514,1,40648,53857424,0,actual_torque_pct,11
2026-10-09T10:49:39.514,1,40648,53857424,0,engine_rpm,972.000
2026-10-09T10:49:39.524,1,40653,53867407,0,actual_torque_pct,11
2026-10-09T10:49:39.524,1,40653,53867407,0,engine_rpm,972.000
2026-10-09T10:49:39.534,1,40661,53877435,0,actual_torque_pct,12
2026-10-09T10:49:39.534,1,40661,53877435,0,engine_rpm,972.000
2026-10-09T10:49:39.540,1,40669,53883818,39,vehicle_speed_kmh,0.000
2026-10-09T10:49:39.543,1,40673,53887437,0,actual_torque_pct,12
2026-10-09T10:49:39.543,1,40673,53887437,0,engine_rpm,972.000
2026-10-09T10:49:39.554,1,40678,53897478,0,actual_torque_pct,12
2026-10-09T10:49:39.554,1,40678,53897478,0,engine_rpm,972.000
2026-10-09T10:49:39.555,1,40679,53898060,0,engine_load_pct,25
2026-10-09T10:49:39.560,1,40686,53903822,0,boost_pressure_kpa,108
2026-10-09T10:49:39.560,1,40686,53903822,0,intake_manifold_temp_c,31
2026-10-09T10:49:39.564,1,40687,53907701,0,actual_torque_pct,12
2026-10-09T10:49:39.564,1,40687,53907701,0,engine_rpm,972.000
2026-10-09T10:49:39.565,1,40690,53909417,0,fuel_rate_lph,5.70
2026-10-09T10:49:39.565,1,40690,53909417,0,fuel_econ_inst_kmpl,0.000
2026-10-09T10:49:39.574,1,40695,53917371,0,actual_torque_pct,12
2026-10-09T10:49:39.574,1,40695,53917371,0,engine_rpm,972.000
2026-10-09T10:49:39.582,1,40703,53925519,39,fuel_level_pct,1.2
2026-10-09T10:49:39.584,1,40704,53927390,0,actual_torque_pct,12
2026-10-09T10:49:39.584,1,40704,53927390,0,engine_rpm,972.000
2026-10-09T10:49:39.594,1,40716,53937398,0,actual_torque_pct,12
2026-10-09T10:49:39.594,1,40716,53937398,0,engine_rpm,971.000
2026-10-09T10:49:39.603,1,40722,53947385,0,actual_torque_pct,12
2026-10-09T10:49:39.603,1,40722,53947385,0,engine_rpm,971.000
2026-10-09T10:49:39.604,1,40723,53947970,0,engine_load_pct,25
2026-10-09T10:49:39.613,1,40729,53957350,0,actual_torque_pct,12
2026-10-09T10:49:39.613,1,40729,53957350,0,engine_rpm,973.000
2026-10-09T10:49:39.623,1,40734,53967374,0,actual_torque_pct,12
2026-10-09T10:49:39.623,1,40734,53967374,0,engine_rpm,974.000
2026-10-09T10:49:39.633,1,40742,53977369,0,actual_torque_pct,12
2026-10-09T10:49:39.633,1,40742,53977369,0,engine_rpm,973.000
2026-10-09T10:49:39.640,1,40750,53983823,39,vehicle_speed_kmh,0.000
2026-10-09T10:49:39.643,1,40754,53987370,0,actual_torque_pct,12
2026-10-09T10:49:39.643,1,40754,53987370,0,engine_rpm,974.000
2026-10-09T10:49:39.654,1,40759,53997346,0,actual_torque_pct,12
2026-10-09T10:49:39.654,1,40759,53997346,0,engine_rpm,974.000
2026-10-09T10:49:39.654,1,40760,53997930,0,engine_load_pct,25
2026-10-09T10:49:39.659,1,40766,54003574,0,oil_pressure_kpa,588
2026-10-09T10:49:39.663,1,40767,54007511,0,actual_torque_pct,12
2026-10-09T10:49:39.663,1,40767,54007511,0,engine_rpm,973.000
2026-10-09T10:49:39.665,1,40770,54009220,0,fuel_rate_lph,5.70
2026-10-09T10:49:39.665,1,40770,54009220,0,fuel_econ_inst_kmpl,0.000
2026-10-09T10:49:39.673,1,40775,54017351,0,actual_torque_pct,12
2026-10-09T10:49:39.673,1,40775,54017351,0,engine_rpm,974.000
2026-10-09T10:49:39.681,1,40783,54025518,39,fuel_level_pct,1.2
2026-10-09T10:49:39.683,1,40784,54027327,0,actual_torque_pct,12
2026-10-09T10:49:39.683,1,40784,54027327,0,engine_rpm,974.000
2026-10-09T10:49:39.693,1,40797,54037308,0,actual_torque_pct,12
2026-10-09T10:49:39.693,1,40797,54037308,0,engine_rpm,974.000
2026-10-09T10:49:39.703,1,40803,54047317,0,actual_torque_pct,12
2026-10-09T10:49:39.703,1,40803,54047317,0,engine_rpm,973.000
2026-10-09T10:49:39.704,1,40804,54047895,0,engine_load_pct,25
2026-10-09T10:49:39.713,1,40810,54057324,0,actual_torque_pct,12
2026-10-09T10:49:39.713,1,40810,54057324,0,engine_rpm,973.000
2026-10-09T10:49:39.723,1,40817,54067319,0,actual_torque_pct,12
2026-10-09T10:49:39.723,1,40817,54067319,0,engine_rpm,972.000
2026-10-09T10:49:39.733,1,40825,54077285,0,actual_torque_pct,12
2026-10-09T10:49:39.733,1,40825,54077285,0,engine_rpm,973.000
2026-10-09T10:49:39.740,1,40833,54083825,39,vehicle_speed_kmh,0.000
2026-10-09T10:49:39.743,1,40837,54087319,0,actual_torque_pct,12
2026-10-09T10:49:39.743,1,40837,54087319,0,engine_rpm,973.000
2026-10-09T10:49:39.753,1,40842,54097546,0,actual_torque_pct,12
2026-10-09T10:49:39.753,1,40842,54097546,0,engine_rpm,972.000
2026-10-09T10:49:39.754,1,40843,54098133,0,engine_load_pct,25
2026-10-09T10:49:39.759,1,40849,54102638,0,coolant_temp_c,32
2026-10-09T10:49:39.759,1,40849,54102638,0,fuel_temp_c,31
2026-10-09T10:49:39.759,1,40849,54102638,0,oil_temp_c,32.88
2026-10-09T10:49:39.764,1,40850,54107925,0,actual_torque_pct,12
2026-10-09T10:49:39.764,1,40850,54107925,0,engine_rpm,972.000
2026-10-09T10:49:39.766,1,40853,54109637,0,fuel_rate_lph,5.70
2026-10-09T10:49:39.766,1,40853,54109637,0,fuel_econ_inst_kmpl,0.000
2026-10-09T10:49:39.774,1,40858,54118040,0,actual_torque_pct,12
2026-10-09T10:49:39.774,1,40858,54118040,0,engine_rpm,972.000
2026-10-09T10:49:39.782,1,40866,54125543,39,fuel_level_pct,1.2
2026-10-09T10:49:39.785,1,40867,54128483,0,actual_torque_pct,12
2026-10-09T10:49:39.785,1,40867,54128483,0,engine_rpm,972.000
2026-10-09T10:49:39.796,1,40880,54139049,0,actual_torque_pct,12
2026-10-09T10:49:39.796,1,40880,54139049,0,engine_rpm,973.000
2026-10-09T10:49:39.805,1,40885,54148764,0,actual_torque_pct,12
2026-10-09T10:49:39.805,1,40885,54148764,0,engine_rpm,973.000
2026-10-09T10:49:39.805,1,40886,54149368,0,engine_load_pct,25
2026-10-09T10:49:39.815,1,40892,54159235,0,actual_torque_pct,12
2026-10-09T10:49:39.815,1,40892,54159235,0,engine_rpm,974.000
2026-10-09T10:49:39.825,1,40900,54168669,0,actual_torque_pct,12
2026-10-09T10:49:39.825,1,40900,54168669,0,engine_rpm,974.000
2026-10-09T10:49:39.834,1,40907,54178508,0,actual_torque_pct,12
2026-10-09T10:49:39.834,1,40907,54178508,0,engine_rpm,974.000
2026-10-09T10:49:39.840,1,40915,54183842,39,vehicle_speed_kmh,0.000
2026-10-09T10:49:39.844,1,40919,54188612,0,actual_torque_pct,12
2026-10-09T10:49:39.844,1,40919,54188612,0,engine_rpm,973.000
2026-10-09T10:49:39.854,1,40924,54198488,0,actual_torque_pct,12
2026-10-09T10:49:39.854,1,40924,54198488,0,engine_rpm,973.000
2026-10-09T10:49:39.855,1,40925,54199073,0,engine_load_pct,25
2026-10-09T10:49:39.865,1,40933,54208663,0,actual_torque_pct,12
2026-10-09T10:49:39.865,1,40933,54208663,0,engine_rpm,974.000
2026-10-09T10:49:39.866,1,40935,54209806,0,engine_hours,40.25
2026-10-09T10:49:39.866,1,40936,54210381,0,fuel_rate_lph,5.70
2026-10-09T10:49:39.866,1,40936,54210381,0,fuel_econ_inst_kmpl,0.000
2026-10-09T10:49:39.873,1,40941,54217241,0,actual_torque_pct,12
2026-10-09T10:49:39.873,1,40941,54217241,0,engine_rpm,975.000
2026-10-09T10:49:39.881,1,40949,54225386,39,fuel_level_pct,1.2
2026-10-09T10:49:39.883,1,40950,54227202,0,actual_torque_pct,12
2026-10-09T10:49:39.883,1,40950,54227202,0,engine_rpm,975.000
2026-10-09T10:49:39.893,1,40962,54237203,0,actual_torque_pct,12
2026-10-09T10:49:39.893,1,40962,54237203,0,engine_rpm,976.000
2026-10-09T10:49:39.903,1,40968,54247220,0,actual_torque_pct,12
2026-10-09T10:49:39.903,1,40968,54247220,0,engine_rpm,975.000
2026-10-09T10:49:39.904,1,40969,54247796,0,engine_load_pct,25
2026-10-09T10:49:39.914,1,40974,54257210,0,actual_torque_pct,12
2026-10-09T10:49:39.914,1,40974,54257210,0,engine_rpm,975.000
2026-10-09T10:49:39.924,1,40979,54267198,0,actual_torque_pct,12
2026-10-09T10:49:39.924,1,40979,54267198,0,engine_rpm,976.000
2026-10-09T10:49:39.933,1,40987,54277168,0,actual_torque_pct,12
2026-10-09T10:49:39.933,1,40987,54277168,0,engine_rpm,976.000
2026-10-09T10:49:39.940,1,40995,54283843,39,vehicle_speed_kmh,0.000
2026-10-09T10:49:39.944,1,40999,54287220,0,actual_torque_pct,12
2026-10-09T10:49:39.944,1,40999,54287220,0,engine_rpm,976.000
2026-10-09T10:49:39.954,1,41004,54297232,0,actual_torque_pct,12
2026-10-09T10:49:39.954,1,41004,54297232,0,engine_rpm,976.000
2026-10-09T10:49:39.955,1,41005,54297810,0,engine_load_pct,25
2026-10-09T10:49:39.964,1,41011,54307451,0,actual_torque_pct,12
2026-10-09T10:49:39.964,1,41011,54307451,0,engine_rpm,975.000
2026-10-09T10:49:39.965,1,41012,54308038,0,fuel_rate_lph,5.70
2026-10-09T10:49:39.965,1,41012,54308038,0,fuel_econ_inst_kmpl,0.000
2026-10-09T10:49:39.973,1,41017,54317142,0,actual_torque_pct,12
2026-10-09T10:49:39.973,1,41017,54317142,0,engine_rpm,975.000
2026-10-09T10:49:39.982,1,41025,54325381,39,fuel_level_pct,1.2
2026-10-09T10:49:39.983,1,41026,54327198,0,actual_torque_pct,12
2026-10-09T10:49:39.983,1,41026,54327198,0,engine_rpm,975.000
2026-10-09T10:49:39.993,1,41038,54337175,0,actual_torque_pct,12
2026-10-09T10:49:39.993,1,41038,54337175,0,engine_rpm,975.000
2026-10-09T10:49:40.003,1,41044,54347151,0,actual_torque_pct,12
2026-10-09T10:49:40.003,1,41044,54347151,0,engine_rpm,975.000
2026-10-09T10:49:40.004,1,41045,54347749,0,engine_load_pct,25
2026-10-09T10:49:40.013,1,41050,54357139,0,actual_torque_pct,12
2026-10-09T10:49:40.013,1,41050,54357139,0,engine_rpm,975.000
2026-10-09T10:49:40.023,1,41055,54367146,0,actual_torque_pct,12
2026-10-09T10:49:40.023,1,41055,54367146,0,engine_rpm,975.000
2026-10-09T10:49:40.033,1,41065,54377154,0,actual_torque_pct,12
2026-10-09T10:49:40.033,1,41065,54377154,0,engine_rpm,975.000
2026-10-09T10:49:40.040,1,41073,54383834,39,vehicle_speed_kmh,0.000
2026-10-09T10:49:40.043,1,41077,54387159,0,actual_torque_pct,12
2026-10-09T10:49:40.043,1,41077,54387159,0,engine_rpm,975.000
2026-10-09T10:49:40.053,1,41082,54397129,0,actual_torque_pct,12
2026-10-09T10:49:40.053,1,41082,54397129,0,engine_rpm,976.000
2026-10-09T10:49:40.054,1,41083,54397725,0,engine_load_pct,25
2026-10-09T10:49:40.059,1,41089,54402652,0,boost_pressure_kpa,108
2026-10-09T10:49:40.059,1,41089,54402652,0,intake_manifold_temp_c,31
2026-10-09T10:49:40.063,1,41090,54407181,0,actual_torque_pct,12
2026-10-09T10:49:40.063,1,41090,54407181,0,engine_rpm,975.000
2026-10-09T10:49:40.064,1,41092,54408343,0,fuel_rate_lph,5.70
2026-10-09T10:49:40.064,1,41092,54408343,0,fuel_econ_inst_kmpl,0.000
2026-10-09T10:49:40.073,1,41097,54417140,0,actual_torque_pct,12
2026-10-09T10:49:40.073,1,41097,54417140,0,engine_rpm,974.000
2026-10-09T10:49:40.081,1,41105,54425380,39,fuel_level_pct,1.2
2026-10-09T10:49:40.083,1,41106,54427104,0,actual_torque_pct,12
2026-10-09T10:49:40.083,1,41106,54427104,0,engine_rpm,974.000
2026-10-09T10:49:40.093,1,41118,54437119,0,actual_torque_pct,12
2026-10-09T10:49:40.093,1,41118,54437119,0,engine_rpm,974.000
2026-10-09T10:49:40.103,1,41124,54447105,0,actual_torque_pct,11
2026-10-09T10:49:40.103,1,41124,54447105,0,engine_rpm,974.000
2026-10-09T10:49:40.104,1,41125,54447691,0,engine_load_pct,23
2026-10-09T10:49:40.113,1,41130,54457107,0,actual_torque_pct,11
2026-10-09T10:49:40.113,1,41130,54457107,0,engine_rpm,974.000
2026-10-09T10:49:40.123,1,41135,54467088,0,actual_torque_pct,12
2026-10-09T10:49:40.123,1,41135,54467088,0,engine_rpm,974.000
2026-10-09T10:49:40.133,1,41143,54477070,0,actual_torque_pct,12
2026-10-09T10:49:40.133,1,41143,54477070,0,engine_rpm,975.000
2026-10-09T10:49:40.140,1,41151,54483825,39,vehicle_speed_kmh,0.000
2026-10-09T10:49:40.143,1,41155,54487092,0,actual_torque_pct,12
2026-10-09T10:49:40.143,1,41155,54487092,0,engine_rpm,975.000
2026-10-09T10:49:40.154,1,41160,54497678,0,actual_torque_pct,12
2026-10-09T10:49:40.154,1,41160,54497678,0,engine_rpm,974.000
2026-10-09T10:49:40.154,1,41161,54498255,0,engine_load_pct,25
2026-10-09T10:49:40.159,1,41167,54502668,0,oil_pressure_kpa,584
2026-10-09T10:49:40.164,1,41168,54507897,0,actual_torque_pct,12
2026-10-09T10:49:40.164,1,41168,54507897,0,engine_rpm,975.000
2026-10-09T10:49:40.165,1,41169,54508478,0,fuel_rate_lph,5.70
2026-10-09T10:49:40.165,1,41169,54508478,0,fuel_econ_inst_kmpl,0.000
2026-10-09T10:49:40.175,1,41175,54518646,0,actual_torque_pct,12
2026-10-09T10:49:40.175,1,41175,54518646,0,engine_rpm,975.000
2026-10-09T10:49:40.185,1,41182,54528803,0,actual_torque_pct,12
2026-10-09T10:49:40.185,1,41182,54528803,0,engine_rpm,975.000
2026-10-09T10:49:40.187,1,41186,54531124,39,fuel_level_pct,1.2
2026-10-09T10:49:40.194,1,41195,54538466,0,actual_torque_pct,12
2026-10-09T10:49:40.194,1,41195,54538466,0,engine_rpm,975.000
2026-10-09T10:49:40.204,1,41201,54548239,0,actual_torque_pct,12
2026-10-09T10:49:40.204,1,41201,54548239,0,engine_rpm,975.000
2026-10-09T10:49:40.205,1,41202,54548816,0,engine_load_pct,25
2026-10-09T10:49:40.214,1,41207,54558448,0,actual_torque_pct,12
2026-10-09T10:49:40.214,1,41207,54558448,0,engine_rpm,974.000
2026-10-09T10:49:40.224,1,41212,54568259,0,actual_torque_pct,12
2026-10-09T10:49:40.224,1,41212,54568259,0,engine_rpm,974.000
2026-10-09T10:49:40.234,1,41220,54578500,0,actual_torque_pct,12
2026-10-09T10:49:40.234,1,41220,54578500,0,engine_rpm,974.000
2026-10-09T10:49:40.240,1,41228,54583829,39,vehicle_speed_kmh,0.000
2026-10-09T10:49:40.244,1,41232,54588271,0,actual_torque_pct,12
2026-10-09T10:49:40.244,1,41232,54588271,0,engine_rpm,974.000
2026-10-09T10:49:40.255,1,41237,54598470,0,actual_torque_pct,12
2026-10-09T10:49:40.255,1,41237,54598470,0,engine_rpm,974.000
2026-10-09T10:49:40.256,1,41238,54599051,0,engine_load_pct,25
2026-10-09T10:49:40.263,1,41244,54607040,0,actual_torque_pct,12
2026-10-09T10:49:40.263,1,41244,54607040,0,engine_rpm,975.000
2026-10-09T10:49:40.264,1,41245,54608362,0,fuel_rate_lph,5.70
2026-10-09T10:49:40.264,1,41245,54608362,0,fuel_econ_inst_kmpl,0.000
2026-10-09T10:49:40.273,1,41250,54617033,0,actual_torque_pct,11
2026-10-09T10:49:40.273,1,41250,54617033,0,engine_rpm,975.000
2026-10-09T10:49:40.281,1,41258,54625523,39,fuel_level_pct,1.2
2026-10-09T10:49:40.283,1,41259,54626992,0,actual_torque_pct,11
2026-10-09T10:49:40.283,1,41259,54626992,0,engine_rpm,974.000
2026-10-09T10:49:40.294,1,41271,54636987,0,actual_torque_pct,11
2026-10-09T10:49:40.294,1,41271,54636987,0,engine_rpm,974.000
2026-10-09T10:49:40.303,1,41277,54646997,0,actual_torque_pct,11
2026-10-09T10:49:40.303,1,41277,54646997,0,engine_rpm,974.000
2026-10-09T10:49:40.303,1,41278,54647577,0,engine_load_pct,23
2026-10-09T10:49:40.313,1,41283,54657017,0,actual_torque_pct,11
2026-10-09T10:49:40.313,1,41283,54657017,0,engine_rpm,974.000
2026-10-09T10:49:40.323,1,41289,54666987,0,actual_torque_pct,11
2026-10-09T10:49:40.323,1,41289,54666987,0,engine_rpm,973.000
2026-10-09T10:49:40.333,1,41297,54676988,0,actual_torque_pct,11
2026-10-09T10:49:40.333,1,41297,54676988,0,engine_rpm,973.000
2026-10-09T10:49:40.340,1,41305,54683840,39,vehicle_speed_kmh,0.000
2026-10-09T10:49:40.343,1,41309,54686995,0,actual_torque_pct,11
2026-10-09T10:49:40.343,1,41309,54686995,0,engine_rpm,972.000
2026-10-09T10:49:40.353,1,41314,54696994,0,actual_torque_pct,11
2026-10-09T10:49:40.353,1,41314,54696994,0,engine_rpm,972.000
2026-10-09T10:49:40.353,1,41315,54697574,0,engine_load_pct,23
2026-10-09T10:49:40.363,1,41323,54706989,0,actual_torque_pct,11
2026-10-09T10:49:40.363,1,41323,54706989,0,engine_rpm,972.000
2026-10-09T10:49:40.364,1,41325,54708145,0,fuel_rate_lph,5.35
2026-10-09T10:49:40.364,1,41325,54708145,0,fuel_econ_inst_kmpl,0.000
2026-10-09T10:49:40.373,1,41330,54716947,0,actual_torque_pct,11
2026-10-09T10:49:40.373,1,41330,54716947,0,engine_rpm,971.000
2026-10-09T10:49:40.382,1,41338,54725516,39,fuel_level_pct,1.2
2026-10-09T10:49:40.383,1,41339,54726960,0,actual_torque_pct,11
2026-10-09T10:49:40.383,1,41339,54726960,0,engine_rpm,972.000
2026-10-09T10:49:40.393,1,41351,54736972,0,actual_torque_pct,11
2026-10-09T10:49:40.393,1,41351,54736972,0,engine_rpm,972.000
2026-10-09T10:49:40.403,1,41358,54747011,0,actual_torque_pct,11
2026-10-09T10:49:40.403,1,41358,54747011,0,engine_rpm,971.000
2026-10-09T10:49:40.403,1,41359,54747590,0,engine_load_pct,23
2026-10-09T10:49:40.413,1,41364,54756961,0,actual_torque_pct,11
2026-10-09T10:49:40.413,1,41364,54756961,0,engine_rpm,972.000
2026-10-09T10:49:40.423,1,41369,54766929,0,actual_torque_pct,11
2026-10-09T10:49:40.423,1,41369,54766929,0,engine_rpm,972.000
2026-10-09T10:49:40.433,1,41377,54776934,0,actual_torque_pct,11
2026-10-09T10:49:40.433,1,41377,54776934,0,engine_rpm,971.000
2026-10-09T10:49:40.440,1,41385,54783825,39,vehicle_speed_kmh,0.000
2026-10-09T10:49:40.443,1,41389,54786921,0,actual_torque_pct,11
2026-10-09T10:49:40.443,1,41389,54786921,0,engine_rpm,970.000
2026-10-09T10:49:40.454,1,41394,54797130,0,actual_torque_pct,11
2026-10-09T10:49:40.454,1,41394,54797130,0,engine_rpm,970.000
2026-10-09T10:49:40.454,1,41395,54797716,0,engine_load_pct,23
2026-10-09T10:49:40.463,1,41401,54807127,0,actual_torque_pct,11
2026-10-09T10:49:40.463,1,41401,54807127,0,engine_rpm,969.000
2026-10-09T10:49:40.464,1,41402,54807728,0,fuel_rate_lph,5.30
2026-10-09T10:49:40.464,1,41402,54807728,0,fuel_econ_inst_kmpl,0.000
2026-10-09T10:49:40.473,1,41407,54816938,0,actual_torque_pct,11
2026-10-09T10:49:40.473,1,41407,54816938,0,engine_rpm,969.000
2026-10-09T10:49:40.482,1,41415,54825514,39,fuel_level_pct,1.2
2026-10-09T10:49:40.483,1,41416,54826892,0,actual_torque_pct,11
2026-10-09T10:49:40.483,1,41416,54826892,0,engine_rpm,969.000
2026-10-09T10:49:40.493,1,41428,54836875,0,actual_torque_pct,11
2026-10-09T10:49:40.493,1,41428,54836875,0,engine_rpm,969.000
2026-10-09T10:49:40.503,1,41434,54846901,0,actual_torque_pct,12
2026-10-09T10:49:40.503,1,41434,54846901,0,engine_rpm,969.000
2026-10-09T10:49:40.504,1,41435,54847479,0,engine_load_pct,25
2026-10-09T10:49:40.513,1,41440,54857199,0,actual_torque_pct,12
2026-10-09T10:49:40.513,1,41440,54857199,0,engine_rpm,969.000
2026-10-09T10:49:40.523,1,41445,54867601,0,actual_torque_pct,12
2026-10-09T10:49:40.523,1,41445,54867601,0,engine_rpm,968.000
2026-10-09T10:49:40.534,1,41453,54877819,0,actual_torque_pct,12
2026-10-09T10:49:40.534,1,41453,54877819,0,engine_rpm,968.000
2026-10-09T10:49:40.540,1,41461,54883822,39,vehicle_speed_kmh,0.000
2026-10-09T10:49:40.544,1,41465,54888368,0,actual_torque_pct,12
2026-10-09T10:49:40.544,1,41465,54888368,0,engine_rpm,968.000
2026-10-09T10:49:40.555,1,41470,54898824,0,actual_torque_pct,12
2026-10-09T10:49:40.555,1,41470,54898824,0,engine_rpm,968.000
2026-10-09T10:49:40.555,1,41471,54899401,0,engine_load_pct,25
2026-10-09T10:49:40.560,1,41478,54903556,0,boost_pressure_kpa,108
2026-10-09T10:49:40.560,1,41478,54903556,0,intake_manifold_temp_c,31
2026-10-09T10:49:40.564,1,41479,54908235,0,actual_torque_pct,12
2026-10-09T10:49:40.564,1,41479,54908235,0,engine_rpm,968.000
2026-10-09T10:49:40.566,1,41482,54909949,0,fuel_rate_lph,5.65
2026-10-09T10:49:40.566,1,41482,54909949,0,fuel_econ_inst_kmpl,0.000
2026-10-09T10:49:40.574,1,41487,54918084,0,actual_torque_pct,12
2026-10-09T10:49:40.574,1,41487,54918084,0,engine_rpm,969.000
2026-10-09T10:49:40.581,1,41495,54925543,39,fuel_level_pct,1.2
2026-10-09T10:49:40.584,1,41496,54928216,0,actual_torque_pct,12
2026-10-09T10:49:40.584,1,41496,54928216,0,engine_rpm,969.000
2026-10-09T10:49:40.594,1,41508,54938116,0,actual_torque_pct,12
2026-10-09T10:49:40.594,1,41508,54938116,0,engine_rpm,968.000
2026-10-09T10:49:40.604,1,41514,54948259,0,actual_torque_pct,12
2026-10-09T10:49:40.604,1,41514,54948259,0,engine_rpm,969.000
2026-10-09T10:49:40.605,1,41515,54948857,0,engine_load_pct,25
2026-10-09T10:49:40.613,1,41521,54956826,0,actual_torque_pct,12
2026-10-09T10:49:40.613,1,41521,54956826,0,engine_rpm,969.000
2026-10-09T10:49:40.623,1,41526,54966854,0,actual_torque_pct,12
2026-10-09T10:49:40.623,1,41526,54966854,0,engine_rpm,969.000
2026-10-09T10:49:40.633,1,41534,54976902,0,actual_torque_pct,12
2026-10-09T10:49:40.633,1,41534,54976902,0,engine_rpm,970.000
2026-10-09T10:49:40.640,1,41542,54983838,39,vehicle_speed_kmh,0.000
2026-10-09T10:49:40.643,1,41546,54986813,0,actual_torque_pct,12
2026-10-09T10:49:40.643,1,41546,54986813,0,engine_rpm,970.000
2026-10-09T10:49:40.653,1,41551,54996812,0,actual_torque_pct,12
2026-10-09T10:49:40.653,1,41551,54996812,0,engine_rpm,969.000
2026-10-09T10:49:40.653,1,41552,54997393,0,engine_load_pct,25
2026-10-09T10:49:40.659,1,41558,55002801,0,oil_pressure_kpa,580
2026-10-09T10:49:40.663,1,41559,55006820,0,actual_torque_pct,12
2026-10-09T10:49:40.663,1,41559,55006820,0,engine_rpm,969.000
2026-10-09T10:49:40.664,1,41562,55008556,0,fuel_rate_lph,5.65
2026-10-09T10:49:40.664,1,41562,55008556,0,fuel_econ_inst_kmpl,0.000
2026-10-09T10:49:40.673,1,41567,55016812,0,actual_torque_pct,12
2026-10-09T10:49:40.673,1,41567,55016812,0,engine_rpm,970.000
2026-10-09T10:49:40.681,1,41575,55025527,39,fuel_level_pct,1.2
2026-10-09T10:49:40.683,1,41576,55026802,0,actual_torque_pct,12
2026-10-09T10:49:40.683,1,41576,55026802,0,engine_rpm,970.000
2026-10-09T10:49:40.693,1,41589,55036785,0,actual_torque_pct,12
2026-10-09T10:49:40.693,1,41589,55036785,0,engine_rpm,970.000
2026-10-09T10:49:40.703,1,41595,55046787,0,actual_torque_pct,12
2026-10-09T10:49:40.703,1,41595,55046787,0,engine_rpm,969.000
2026-10-09T10:49:40.703,1,41596,55047373,0,engine_load_pct,25
2026-10-09T10:49:40.713,1,41602,55056791,0,actual_torque_pct,12
2026-10-09T10:49:40.713,1,41602,55056791,0,engine_rpm,969.000
2026-10-09T10:49:40.723,1,41609,55066758,0,actual_torque_pct,12
2026-10-09T10:49:40.723,1,41609,55066758,0,engine_rpm,969.000
2026-10-09T10:49:40.733,1,41617,55076723,0,actual_torque_pct,12
2026-10-09T10:49:40.733,1,41617,55076723,0,engine_rpm,970.000
2026-10-09T10:49:40.740,1,41625,55083835,39,vehicle_speed_kmh,0.000
2026-10-09T10:49:40.743,1,41629,55087010,0,actual_torque_pct,12
2026-10-09T10:49:40.743,1,41629,55087010,0,engine_rpm,969.000
2026-10-09T10:49:40.753,1,41634,55096797,0,actual_torque_pct,12
2026-10-09T10:49:40.753,1,41634,55096797,0,engine_rpm,970.000
2026-10-09T10:49:40.753,1,41635,55097378,0,engine_load_pct,25
2026-10-09T10:49:40.759,1,41641,55102727,0,coolant_temp_c,32
2026-10-09T10:49:40.759,1,41641,55102727,0,fuel_temp_c,31
2026-10-09T10:49:40.759,1,41641,55102727,0,oil_temp_c,32.88
2026-10-09T10:49:40.763,1,41642,55106750,0,actual_torque_pct,12
2026-10-09T10:49:40.763,1,41642,55106750,0,engine_rpm,970.000
2026-10-09T10:49:40.764,1,41645,55108463,0,fuel_rate_lph,5.65
2026-10-09T10:49:40.764,1,41645,55108463,0,fuel_econ_inst_kmpl,0.000
2026-10-09T10:49:40.773,1,41650,55116793,0,actual_torque_pct,12
2026-10-09T10:49:40.773,1,41650,55116793,0,engine_rpm,970.000
2026-10-09T10:49:40.781,1,41658,55125518,39,fuel_level_pct,1.2
2026-10-09T10:49:40.783,1,41659,55126760,0,actual_torque_pct,12
2026-10-09T10:49:40.783,1,41659,55126760,0,engine_rpm,970.000
2026-10-09T10:49:40.793,1,41671,55136755,0,actual_torque_pct,12
2026-10-09T10:49:40.793,1,41671,55136755,0,engine_rpm,971.000
2026-10-09T10:49:40.803,1,41677,55146739,0,actual_torque_pct,12
2026-10-09T10:49:40.803,1,41677,55146739,0,engine_rpm,971.000
2026-10-09T10:49:40.803,1,41678,55147306,0,engine_load_pct,25
2026-10-09T10:49:40.813,1,41684,55156716,0,actual_torque_pct,12
2026-10-09T10:49:40.813,1,41684,55156716,0,engine_rpm,971.000
2026-10-09T10:49:40.823,1,41691,55166720,0,actual_torque_pct,12
2026-10-09T10:49:40.823,1,41691,55166720,0,engine_rpm,971.000
2026-10-09T10:49:40.833,1,41699,55176731,0,actual_torque_pct,12
2026-10-09T10:49:40.833,1,41699,55176731,0,engine_rpm,970.000
2026-10-09T10:49:40.840,1,41707,55183863,39,vehicle_speed_kmh,0.000
2026-10-09T10:49:40.843,1,41711,55186904,0,actual_torque_pct,12
2026-10-09T10:49:40.843,1,41711,55186904,0,engine_rpm,970.000
2026-10-09T10:49:40.854,1,41716,55197415,0,actual_torque_pct,12
2026-10-09T10:49:40.854,1,41716,55197415,0,engine_rpm,971.000
2026-10-09T10:49:40.855,1,41717,55197995,0,engine_load_pct,25
2026-10-09T10:49:40.864,1,41725,55207711,0,actual_torque_pct,12
2026-10-09T10:49:40.864,1,41725,55207711,0,engine_rpm,970.000
2026-10-09T10:49:40.866,1,41727,55208856,0,engine_hours,40.25
2026-10-09T10:49:40.866,1,41728,55209428,0,fuel_rate_lph,5.65
2026-10-09T10:49:40.866,1,41728,55209428,0,fuel_econ_inst_kmpl,0.000
2026-10-09T10:49:40.874,1,41733,55218051,0,actual_torque_pct,12
2026-10-09T10:49:40.874,1,41733,55218051,0,engine_rpm,970.000
2026-10-09T10:49:40.882,1,41741,55226004,39,fuel_level_pct,1.2
2026-10-09T10:49:40.885,1,41742,55227928,0,actual_torque_pct,12
2026-10-09T10:49:40.885,1,41742,55227928,0,engine_rpm,970.000
2026-10-09T10:49:40.894,1,41754,55238167,0,actual_torque_pct,12
2026-10-09T10:49:40.894,1,41754,55238167,0,engine_rpm,971.000
2026-10-09T10:49:40.904,1,41760,55247957,0,actual_torque_pct,12
2026-10-09T10:49:40.904,1,41760,55247957,0,engine_rpm,971.000
2026-10-09T10:49:40.904,1,41761,55248539,0,engine_load_pct,25
2026-10-09T10:49:40.914,1,41766,55258255,0,actual_torque_pct,12
2026-10-09T10:49:40.914,1,41766,55258255,0,engine_rpm,971.000
2026-10-09T10:49:40.925,1,41772,55268706,0,actual_torque_pct,12
2026-10-09T10:49:40.925,1,41772,55268706,0,engine_rpm,971.000
2026-10-09T10:49:40.934,1,41779,55278047,0,actual_torque_pct,12
2026-10-09T10:49:40.934,1,41779,55278047,0,engine_rpm,971.000
2026-10-09T10:49:40.940,1,41787,55283833,39,vehicle_speed_kmh,0.000
2026-10-09T10:49:40.942,1,41791,55286677,0,actual_torque_pct,12
2026-10-09T10:49:40.942,1,41791,55286677,0,engine_rpm,971.000
2026-10-09T10:49:40.953,1,41796,55296678,0,actual_torque_pct,12
2026-10-09T10:49:40.953,1,41796,55296678,0,engine_rpm,970.000
2026-10-09T10:49:40.953,1,41797,55297265,0,engine_load_pct,25
2026-10-09T10:49:40.962,1,41803,55306658,0,actual_torque_pct,12
2026-10-09T10:49:40.962,1,41803,55306658,0,engine_rpm,970.000
2026-10-09T10:49:40.964,1,41804,55307239,0,fuel_rate_lph,5.65
2026-10-09T10:49:40.964,1,41804,55307239,0,fuel_econ_inst_kmpl,0.000
2026-10-09T10:49:40.972,1,41809,55316655,0,actual_torque_pct,12
2026-10-09T10:49:40.972,1,41809,55316655,0,engine_rpm,971.000
2026-10-09T10:49:40.982,1,41817,55326083,39,fuel_level_pct,1.2
2026-10-09T10:49:40.983,1,41818,55326659,0,actual_torque_pct,12
2026-10-09T10:49:40.983,1,41818,55326659,0,engine_rpm,971.000
2026-10-09T10:49:40.992,1,41830,55336644,0,actual_torque_pct,12
2026-10-09T10:49:40.992,1,41830,55336644,0,engine_rpm,971.000
2026-10-09T10:49:41.002,1,41836,55346618,0,actual_torque_pct,12
2026-10-09T10:49:41.002,1,41836,55346618,0,engine_rpm,972.000
2026-10-09T10:49:41.003,1,41837,55347197,0,engine_load_pct,25
2026-10-09T10:49:41.012,1,41842,55356593,0,actual_torque_pct,12
2026-10-09T10:49:41.012,1,41842,55356593,0,engine_rpm,973.000
2026-10-09T10:49:41.022,1,41847,55366622,0,actual_torque_pct,12
2026-10-09T10:49:41.022,1,41847,55366622,0,engine_rpm,972.000
2026-10-09T10:49:41.032,1,41857,55376619,0,actual_torque_pct,12
2026-10-09T10:49:41.032,1,41857,55376619,0,engine_rpm,972.000
2026-10-09T10:49:41.041,1,41865,55383846,39,vehicle_speed_kmh,0.000
2026-10-09T10:49:41.042,1,41869,55386605,0,actual_torque_pct,12
2026-10-09T10:49:41.042,1,41869,55386605,0,engine_rpm,972.000
2026-10-09T10:49:41.052,1,41874,55396583,0,actual_torque_pct,12
2026-10-09T10:49:41.052,1,41874,55396583,0,engine_rpm,972.000
2026-10-09T10:49:41.053,1,41875,55397171,0,engine_load_pct,25
2026-10-09T10:49:41.059,1,41881,55402631,0,boost_pressure_kpa,108
2026-10-09T10:49:41.059,1,41881,55402631,0,intake_manifold_temp_c,31
2026-10-09T10:49:41.062,1,41882,55406592,0,actual_torque_pct,12
2026-10-09T10:49:41.062,1,41882,55406592,0,engine_rpm,972.000
2026-10-09T10:49:41.064,1,41884,55407752,0,fuel_rate_lph,5.70
2026-10-09T10:49:41.064,1,41884,55407752,0,fuel_econ_inst_kmpl,0.000
2026-10-09T10:49:41.072,1,41889,55416589,0,actual_torque_pct,12
2026-10-09T10:49:41.072,1,41889,55416589,0,engine_rpm,972.000
2026-10-09T10:49:41.082,1,41897,55425970,39,fuel_level_pct,1.2
2026-10-09T10:49:41.082,1,41898,55426570,0,actual_torque_pct,12
2026-10-09T10:49:41.082,1,41898,55426570,0,engine_rpm,971.000
2026-10-09T10:49:41.092,1,41910,55436572,0,actual_torque_pct,12
2026-10-09T10:49:41.092,1,41910,55436572,0,engine_rpm,971.000
2026-10-09T10:49:41.104,1,41916,55446649,0,actual_torque_pct,12
2026-10-09T10:49:41.104,1,41916,55446649,0,engine_rpm,972.000
2026-10-09T10:49:41.104,1,41917,55447231,0,engine_load_pct,25
2026-10-09T10:49:41.112,1,41922,55456556,0,actual_torque_pct,12
2026-10-09T10:49:41.112,1,41922,55456556,0,engine_rpm,972.000
2026-10-09T10:49:41.123,1,41927,55466540,0,actual_torque_pct,12
2026-10-09T10:49:41.123,1,41927,55466540,0,engine_rpm,972.000
2026-10-09T10:49:41.132,1,41935,55476548,0,actual_torque_pct,12
2026-10-09T10:49:41.132,1,41935,55476548,0,engine_rpm,972.000
2026-10-09T10:49:41.140,1,41943,55483840,39,vehicle_speed_kmh,0.000
2026-10-09T10:49:41.143,1,41947,55486559,0,actual_torque_pct,12
2026-10-09T10:49:41.143,1,41947,55486559,0,engine_rpm,972.000
2026-10-09T10:49:41.153,1,41952,55496609,0,actual_torque_pct,12
2026-10-09T10:49:41.153,1,41952,55496609,0,engine_rpm,972.000
2026-10-09T10:49:41.154,1,41953,55497173,0,engine_load_pct,25
2026-10-09T10:49:41.158,1,41959,55502587,0,oil_pressure_kpa,576
2026-10-09T10:49:41.164,1,41960,55506778,0,actual_torque_pct,12
2026-10-09T10:49:41.164,1,41960,55506778,0,engine_rpm,973.000
2026-10-09T10:49:41.164,1,41961,55507363,0,fuel_rate_lph,5.70
2026-10-09T10:49:41.164,1,41961,55507363,0,fuel_econ_inst_kmpl,0.000
2026-10-09T10:49:41.173,1,41966,55516606,0,actual_torque_pct,12
2026-10-09T10:49:41.173,1,41966,55516606,0,engine_rpm,973.000
2026-10-09T10:49:41.182,1,41974,55526528,0,actual_torque_pct,12
2026-10-09T10:49:41.182,1,41974,55526528,0,engine_rpm,973.000
2026-10-09T10:49:41.189,1,41981,55532674,39,fuel_level_pct,1.2
2026-10-09T10:49:41.192,1,41987,55536533,0,actual_torque_pct,12
2026-10-09T10:49:41.192,1,41987,55536533,0,engine_rpm,972.000
2026-10-09T10:49:41.203,1,41993,55546995,0,actual_torque_pct,12
2026-10-09T10:49:41.203,1,41993,55546995,0,engine_rpm,972.000
2026-10-09T10:49:41.203,1,41994,55547583,0,engine_load_pct,25
2026-10-09T10:49:41.213,1,41999,55557177,0,actual_torque_pct,12
2026-10-09T10:49:41.213,1,41999,55557177,0,engine_rpm,972.000
2026-10-09T10:49:41.223,1,42004,55567588,0,actual_torque_pct,11
2026-10-09T10:49:41.223,1,42004,55567588,0,engine_rpm,972.000
2026-10-09T10:49:41.234,1,42012,55577783,0,actual_torque_pct,11
2026-10-09T10:49:41.234,1,42012,55577783,0,engine_rpm,972.000
2026-10-09T10:49:41.240,1,42020,55583824,39,vehicle_speed_kmh,0.000
2026-10-09T10:49:41.244,1,42024,55587889,0,actual_torque_pct,11
2026-10-09T10:49:41.244,1,42024,55587889,0,engine_rpm,972.000
2026-10-09T10:49:41.254,1,42029,55597829,0,actual_torque_pct,11
2026-10-09T10:49:41.254,1,42029,55597829,0,engine_rpm,972.000
2026-10-09T10:49:41.255,1,42030,55598414,0,engine_load_pct,23
2026-10-09T10:49:41.264,1,42036,55607927,0,actual_torque_pct,11
2026-10-09T10:49:41.264,1,42036,55607927,0,engine_rpm,973.000
2026-10-09T10:49:41.264,1,42037,55608507,0,fuel_rate_lph,5.35
2026-10-09T10:49:41.264,1,42037,55608507,0,fuel_econ_inst_kmpl,0.000
2026-10-09T10:49:41.274,1,42042,55617820,0,actual_torque_pct,12
2026-10-09T10:49:41.274,1,42042,55617820,0,engine_rpm,972.000
2026-10-09T10:49:41.282,1,42050,55626114,39,fuel_level_pct,1.2
2026-10-09T10:49:41.284,1,42051,55627998,0,actual_torque_pct,12
2026-10-09T10:49:41.284,1,42051,55627998,0,engine_rpm,973.000
2026-10-09T10:49:41.294,1,42063,55638362,0,actual_torque_pct,12
2026-10-09T10:49:41.294,1,42063,55638362,0,engine_rpm,973.000
2026-10-09T10:49:41.302,1,42069,55646471,0,actual_torque_pct,12
2026-10-09T10:49:41.302,1,42069,55646471,0,engine_rpm,972.000
2026-10-09T10:49:41.304,1,42070,55647049,0,engine_load_pct,25
2026-10-09T10:49:41.312,1,42075,55656459,0,actual_torque_pct,12
2026-10-09T10:49:41.312,1,42075,55656459,0,engine_rpm,972.000
2026-10-09T10:49:41.322,1,42081,55666440,0,actual_torque_pct,12
2026-10-09T10:49:41.322,1,42081,55666440,0,engine_rpm,972.000
2026-10-09T10:49:41.332,1,42089,55676426,0,actual_torque_pct,12
2026-10-09T10:49:41.332,1,42089,55676426,0,engine_rpm,972.000
2026-10-09T10:49:41.340,1,42097,55683834,39,vehicle_speed_kmh,0.000
2026-10-09T10:49:41.342,1,42101,55686469,0,actual_torque_pct,12
2026-10-09T10:49:41.342,1,42101,55686469,0,engine_rpm,972.000
2026-10-09T10:49:41.352,1,42106,55696491,0,actual_torque_pct,12
2026-10-09T10:49:41.352,1,42106,55696491,0,engine_rpm,972.000
2026-10-09T10:49:41.353,1,42107,55697076,0,engine_load_pct,25
2026-10-09T10:49:41.363,1,42115,55706769,0,actual_torque_pct,12
2026-10-09T10:49:41.363,1,42115,55706769,0,engine_rpm,972.000
2026-10-09T10:49:41.364,1,42117,55707950,0,fuel_rate_lph,5.70
2026-10-09T10:49:41.364,1,42117,55707950,0,fuel_econ_inst_kmpl,0.000
2026-10-09T10:49:41.372,1,42122,55716408,0,actual_torque_pct,12
2026-10-09T10:49:41.372,1,42122,55716408,0,engine_rpm,972.000
2026-10-09T10:49:41.382,1,42130,55726104,39,fuel_level_pct,1.2
2026-10-09T10:49:41.383,1,42131,55726684,0,actual_torque_pct,12
2026-10-09T10:49:41.383,1,42131,55726684,0,engine_rpm,972.000
2026-10-09T10:49:41.392,1,42143,55736426,0,actual_torque_pct,12
2026-10-09T10:49:41.392,1,42143,55736426,0,engine_rpm,972.000
2026-10-09T10:49:41.403,1,42150,55746481,0,actual_torque_pct,12
2026-10-09T10:49:41.403,1,42150,55746481,0,engine_rpm,972.000
2026-10-09T10:49:41.404,1,42151,55747060,0,engine_load_pct,25
2026-10-09T10:49:41.413,1,42156,55756378,0,actual_torque_pct,12
2026-10-09T10:49:41.413,1,42156,55756378,0,engine_rpm,972.000
2026-10-09T10:49:41.423,1,42161,55766399,0,actual_torque_pct,12
2026-10-09T10:49:41.423,1,42161,55766399,0,engine_rpm,972.000
2026-10-09T10:49:41.432,1,42169,55776414,0,actual_torque_pct,12
2026-10-09T10:49:41.432,1,42169,55776414,0,engine_rpm,972.000
2026-10-09T10:49:41.440,1,42177,55783843,39,vehicle_speed_kmh,0.000
2026-10-09T10:49:41.442,1,42181,55786407,0,actual_torque_pct,12
2026-10-09T10:49:41.442,1,42181,55786407,0,engine_rpm,972.000
2026-10-09T10:49:41.453,1,42186,55796400,0,actual_torque_pct,12
2026-10-09T10:49:41.453,1,42186,55796400,0,engine_rpm,972.000
2026-10-09T10:49:41.454,1,42187,55796979,0,engine_load_pct,25
2026-10-09T10:49:41.463,1,42193,55806392,0,actual_torque_pct,12
2026-10-09T10:49:41.463,1,42193,55806392,0,engine_rpm,972.000
2026-10-09T10:49:41.463,1,42194,55806977,0,fuel_rate_lph,5.70
2026-10-09T10:49:41.463,1,42194,55806977,0,fuel_econ_inst_kmpl,0.000
2026-10-09T10:49:41.473,1,42199,55816375,0,actual_torque_pct,12
2026-10-09T10:49:41.473,1,42199,55816375,0,engine_rpm,972.000
2026-10-09T10:49:41.482,1,42207,55826099,39,fuel_level_pct,1.2
2026-10-09T10:49:41.483,1,42208,55826683,0,actual_torque_pct,12
2026-10-09T10:49:41.483,1,42208,55826683,0,engine_rpm,972.000
2026-10-09T10:49:41.492,1,42220,55836350,0,actual_torque_pct,12
2026-10-09T10:49:41.492,1,42220,55836350,0,engine_rpm,973.000
2026-10-09T10:49:41.502,1,42226,55846378,0,actual_torque_pct,12
2026-10-09T10:49:41.502,1,42226,55846378,0,engine_rpm,973.000
2026-10-09T10:49:41.503,1,42227,55846958,0,engine_load_pct,25
2026-10-09T10:49:41.512,1,42232,55856364,0,actual_torque_pct,12
2026-10-09T10:49:41.512,1,42232,55856364,0,engine_rpm,972.000
2026-10-09T10:49:41.522,1,42237,55866352,0,actual_torque_pct,12
2026-10-09T10:49:41.522,1,42237,55866352,0,engine_rpm,973.000
2026-10-09T10:49:41.532,1,42245,55876322,0,actual_torque_pct,12
2026-10-09T10:49:41.532,1,42245,55876322,0,engine_rpm,973.000
2026-10-09T10:49:41.540,1,42253,55883839,39,vehicle_speed_kmh,0.000
2026-10-09T10:49:41.542,1,42257,55886664,0,actual_torque_pct,12
2026-10-09T10:49:41.542,1,42257,55886664,0,engine_rpm,973.000
2026-10-09T10:49:41.553,1,42262,55896526,0,actual_torque_pct,12
2026-10-09T10:49:41.553,1,42262,55896526,0,engine_rpm,973.000
2026-10-09T10:49:41.554,1,42263,55897112,0,engine_load_pct,25
2026-10-09T10:49:41.558,1,42270,55902591,0,boost_pressure_kpa,110
2026-10-09T10:49:41.558,1,42270,55902591,0,intake_manifold_temp_c,31
2026-10-09T10:49:41.563,1,42271,55906737,0,actual_torque_pct,12
2026-10-09T10:49:41.563,1,42271,55906737,0,engine_rpm,972.000
2026-10-09T10:49:41.564,1,42274,55908458,0,fuel_rate_lph,5.70
2026-10-09T10:49:41.564,1,42274,55908458,0,fuel_econ_inst_kmpl,0.000
2026-10-09T10:49:41.573,1,42279,55917015,0,actual_torque_pct,12
2026-10-09T10:49:41.573,1,42279,55917015,0,engine_rpm,972.000
2026-10-09T10:49:41.582,1,42287,55926207,39,fuel_level_pct,1.2
2026-10-09T10:49:41.583,1,42288,55927109,0,actual_torque_pct,12
2026-10-09T10:49:41.583,1,42288,55927109,0,engine_rpm,973.000
2026-10-09T10:49:41.593,1,42300,55937606,0,actual_torque_pct,12
2026-10-09T10:49:41.593,1,42300,55937606,0,engine_rpm,973.000
2026-10-09T10:49:41.603,1,42306,55947542,0,actual_torque_pct,12
2026-10-09T10:49:41.603,1,42306,55947542,0,engine_rpm,973.000
2026-10-09T10:49:41.604,1,42307,55948119,0,engine_load_pct,25
2026-10-09T10:49:41.614,1,42313,55957712,0,actual_torque_pct,12
2026-10-09T10:49:41.614,1,42313,55957712,0,engine_rpm,973.000
2026-10-09T10:49:41.623,1,42318,55967539,0,actual_torque_pct,12
2026-10-09T10:49:41.623,1,42318,55967539,0,engine_rpm,974.000
2026-10-09T10:49:41.634,1,42326,55977769,0,actual_torque_pct,12
2026-10-09T10:49:41.634,1,42326,55977769,0,engine_rpm,974.000
2026-10-09T10:49:41.640,1,42334,55983837,39,vehicle_speed_kmh,0.000
2026-10-09T10:49:41.643,1,42338,55987534,0,actual_torque_pct,12
2026-10-09T10:49:41.643,1,42338,55987534,0,engine_rpm,973.000
2026-10-09T10:49:41.654,1,42343,55997843,0,actual_torque_pct,12
2026-10-09T10:49:41.654,1,42343,55997843,0,engine_rpm,973.000
2026-10-09T10:49:41.654,1,42344,55998428,0,engine_load_pct,25
2026-10-09T10:49:41.658,1,42350,56002603,0,oil_pressure_kpa,576
2026-10-09T10:49:41.664,1,42351,56008355,0,actual_torque_pct,12
2026-10-09T10:49:41.664,1,42351,56008355,0,engine_rpm,974.000
2026-10-09T10:49:41.666,1,42354,56010067,0,fuel_rate_lph,5.70
2026-10-09T10:49:41.666,1,42354,56010067,0,fuel_econ_inst_kmpl,0.000
2026-10-09T10:49:41.672,1,42359,56016308,0,actual_torque_pct,12
2026-10-09T10:49:41.672,1,42359,56016308,0,engine_rpm,974.000
2026-10-09T10:49:41.683,1,42367,56026281,0,actual_torque_pct,12
2026-10-09T10:49:41.683,1,42367,56026281,0,engine_rpm,974.000
2026-10-09T10:49:41.684,1,42369,56027447,39,fuel_level_pct,1.2
2026-10-09T10:49:41.692,1,42381,56036220,0,actual_torque_pct,12
2026-10-09T10:49:41.692,1,42381,56036220,0,engine_rpm,974.000
2026-10-09T10:49:41.703,1,42387,56046275,0,actual_torque_pct,12
2026-10-09T10:49:41.703,1,42387,56046275,0,engine_rpm,973.000
2026-10-09T10:49:41.704,1,42388,56046855,0,engine_load_pct,25
2026-10-09T10:49:41.713,1,42394,56056272,0,actual_torque_pct,12
2026-10-09T10:49:41.713,1,42394,56056272,0,engine_rpm,974.000
2026-10-09T10:49:41.723,1,42401,56066227,0,actual_torque_pct,12
2026-10-09T10:49:41.723,1,42401,56066227,0,engine_rpm,974.000
2026-10-09T10:49:41.733,1,42409,56076272,0,actual_torque_pct,12
2026-10-09T10:49:41.733,1,42409,56076272,0,engine_rpm,974.000
2026-10-09T10:49:41.741,1,42417,56083870,39,vehicle_speed_kmh,0.000
2026-10-09T10:49:41.742,1,42421,56086241,0,actual_torque_pct,12
2026-10-09T10:49:41.742,1,42421,56086241,0,engine_rpm,975.000
2026-10-09T10:49:41.753,1,42426,56096276,0,actual_torque_pct,12
2026-10-09T10:49:41.753,1,42426,56096276,0,engine_rpm,975.000
2026-10-09T10:49:41.754,1,42427,56096860,0,engine_load_pct,25
2026-10-09T10:49:41.758,1,42433,56102579,0,coolant_temp_c,32
2026-10-09T10:49:41.758,1,42433,56102579,0,fuel_temp_c,31
2026-10-09T10:49:41.758,1,42433,56102579,0,oil_temp_c,32.88
2026-10-09T10:49:41.762,1,42434,56106288,0,actual_torque_pct,12
2026-10-09T10:49:41.762,1,42434,56106288,0,engine_rpm,974.000
2026-10-09T10:49:41.764,1,42437,56108001,0,fuel_rate_lph,5.70
2026-10-09T10:49:41.764,1,42437,56108001,0,fuel_econ_inst_kmpl,0.000
2026-10-09T10:49:41.772,1,42442,56116189,0,actual_torque_pct,12
2026-10-09T10:49:41.772,1,42442,56116189,0,engine_rpm,974.000
2026-10-09T10:49:41.782,1,42450,56126213,0,actual_torque_pct,12
2026-10-09T10:49:41.782,1,42450,56126213,0,engine_rpm,974.000
2026-10-09T10:49:41.783,1,42452,56127381,39,fuel_level_pct,1.2
2026-10-09T10:49:41.792,1,42463,56136208,0,actual_torque_pct,12
2026-10-09T10:49:41.792,1,42463,56136208,0,engine_rpm,974.000
2026-10-09T10:49:41.802,1,42469,56146202,0,actual_torque_pct,12
2026-10-09T10:49:41.802,1,42469,56146202,0,engine_rpm,974.000
2026-10-09T10:49:41.803,1,42470,56146783,0,engine_load_pct,25
2026-10-09T10:49:41.812,1,42476,56156192,0,actual_torque_pct,12
2026-10-09T10:49:41.812,1,42476,56156192,0,engine_rpm,974.000
2026-10-09T10:49:41.822,1,42483,56166195,0,actual_torque_pct,12
2026-10-09T10:49:41.822,1,42483,56166195,0,engine_rpm,974.000
2026-10-09T10:49:41.832,1,42491,56176194,0,actual_torque_pct,12
2026-10-09T10:49:41.832,1,42491,56176194,0,engine_rpm,974.000
2026-10-09T10:49:41.840,1,42499,56183872,39,vehicle_speed_kmh,0.000
2026-10-09T10:49:41.842,1,42503,56186167,0,actual_torque_pct,12
2026-10-09T10:49:41.842,1,42503,56186167,0,engine_rpm,975.000
2026-10-09T10:49:41.852,1,42508,56196188,0,actual_torque_pct,12
2026-10-09T10:49:41.852,1,42508,56196188,0,engine_rpm,974.000
2026-10-09T10:49:41.853,1,42509,56196754,0,engine_load_pct,25
2026-10-09T10:49:41.863,1,42517,56206356,0,actual_torque_pct,12
2026-10-09T10:49:41.863,1,42517,56206356,0,engine_rpm,974.000
2026-10-09T10:49:41.864,1,42519,56207499,0,engine_hours,40.25
2026-10-09T10:49:41.864,1,42520,56208075,0,fuel_rate_lph,5.70
2026-10-09T10:49:41.864,1,42520,56208075,0,fuel_econ_inst_kmpl,0.000
2026-10-09T10:49:41.872,1,42525,56216167,0,actual_torque_pct,12
2026-10-09T10:49:41.872,1,42525,56216167,0,engine_rpm,975.000
2026-10-09T10:49:41.882,1,42533,56226133,0,actual_torque_pct,12
2026-10-09T10:49:41.882,1,42533,56226133,0,engine_rpm,974.000
2026-10-09T10:49:41.883,1,42535,56227314,39,fuel_level_pct,1.2
2026-10-09T10:49:41.892,1,42546,56236138,0,actual_torque_pct,12
2026-10-09T10:49:41.892,1,42546,56236138,0,engine_rpm,974.000
2026-10-09T10:49:41.902,1,42552,56246150,0,actual_torque_pct,11
2026-10-09T10:49:41.902,1,42552,56246150,0,engine_rpm,975.000
2026-10-09T10:49:41.903,1,42553,56246726,0,engine_load_pct,23
2026-10-09T10:49:41.912,1,42558,56256132,0,actual_torque_pct,11
2026-10-09T10:49:41.912,1,42558,56256132,0,engine_rpm,975.000
2026-10-09T10:49:41.922,1,42563,56266125,0,actual_torque_pct,11
2026-10-09T10:49:41.922,1,42563,56266125,0,engine_rpm,975.000
2026-10-09T10:49:41.932,1,42571,56276103,0,actual_torque_pct,11
2026-10-09T10:49:41.932,1,42571,56276103,0,engine_rpm,975.000
2026-10-09T10:49:41.940,1,42579,56283848,39,vehicle_speed_kmh,0.000
2026-10-09T10:49:41.942,1,42583,56286284,0,actual_torque_pct,11
2026-10-09T10:49:41.942,1,42583,56286284,0,engine_rpm,974.000
2026-10-09T10:49:41.952,1,42588,56296481,0,actual_torque_pct,11
2026-10-09T10:49:41.952,1,42588,56296481,0,engine_rpm,974.000
2026-10-09T10:49:41.953,1,42589,56297061,0,engine_load_pct,23
2026-10-09T10:49:41.963,1,42595,56306843,0,actual_torque_pct,11
2026-10-09T10:49:41.963,1,42595,56306843,0,engine_rpm,973.000
2026-10-09T10:49:41.963,1,42596,56307412,0,fuel_rate_lph,5.35
2026-10-09T10:49:41.963,1,42596,56307412,0,fuel_econ_inst_kmpl,0.000
2026-10-09T10:49:41.973,1,42601,56316983,0,actual_torque_pct,11
2026-10-09T10:49:41.973,1,42601,56316983,0,engine_rpm,973.000
2026-10-09T10:49:41.983,1,42609,56326970,39,fuel_level_pct,1.2
2026-10-09T10:49:41.983,1,42610,56327534,0,actual_torque_pct,11
2026-10-09T10:49:41.983,1,42610,56327534,0,engine_rpm,973.000
2026-10-09T10:49:41.993,1,42622,56337376,0,actual_torque_pct,11
2026-10-09T10:49:41.993,1,42622,56337376,0,engine_rpm,973.000
2026-10-09T10:49:42.003,1,42628,56347511,0,actual_torque_pct,11
2026-10-09T10:49:42.003,1,42628,56347511,0,engine_rpm,973.000
2026-10-09T10:49:42.004,1,42629,56348094,0,engine_load_pct,23
2026-10-09T10:49:42.013,1,42634,56357371,0,actual_torque_pct,11
2026-10-09T10:49:42.013,1,42634,56357371,0,engine_rpm,972.000
2026-10-09T10:49:42.023,1,42639,56367578,0,actual_torque_pct,11
2026-10-09T10:49:42.023,1,42639,56367578,0,engine_rpm,972.000
2026-10-09T10:49:42.034,1,42649,56377995,0,actual_torque_pct,12
2026-10-09T10:49:42.034,1,42649,56377995,0,engine_rpm,973.000
2026-10-09T10:49:42.040,1,42657,56383847,39,vehicle_speed_kmh,0.000
2026-10-09T10:49:42.044,1,42661,56387455,0,actual_torque_pct,12
2026-10-09T10:49:42.044,1,42661,56387455,0,engine_rpm,972.000
2026-10-09T10:49:42.054,1,42666,56397323,0,actual_torque_pct,12
2026-10-09T10:49:42.054,1,42666,56397323,0,engine_rpm,972.000
2026-10-09T10:49:42.054,1,42667,56397902,0,engine_load_pct,25
2026-10-09T10:49:42.058,1,42673,56402601,0,boost_pressure_kpa,110
2026-10-09T10:49:42.058,1,42673,56402601,0,intake_manifold_temp_c,31
2026-10-09T10:49:42.062,1,42674,56406068,0,actual_torque_pct,12
2026-10-09T10:49:42.062,1,42674,56406068,0,engine_rpm,971.000
2026-10-09T10:49:42.063,1,42676,56407212,0,fuel_rate_lph,5.65
2026-10-09T10:49:42.063,1,42676,56407212,0,fuel_econ_inst_kmpl,0.000
2026-10-09T10:49:42.072,1,42681,56416090,0,actual_torque_pct,12
2026-10-09T10:49:42.072,1,42681,56416090,0,engine_rpm,971.000
2026-10-09T10:49:42.082,1,42689,56426026,0,actual_torque_pct,12
2026-10-09T10:49:42.082,1,42689,56426026,0,engine_rpm,972.000
2026-10-09T10:49:42.083,1,42691,56427214,39,fuel_level_pct,1.2
2026-10-09T10:49:42.092,1,42702,56436012,0,actual_torque_pct,12
2026-10-09T10:49:42.092,1,42702,56436012,0,engine_rpm,973.000
2026-10-09T10:49:42.102,1,42708,56446049,0,actual_torque_pct,12
2026-10-09T10:49:42.102,1,42708,56446049,0,engine_rpm,972.000
2026-10-09T10:49:42.102,1,42709,56446625,0,engine_load_pct,25
2026-10-09T10:49:42.112,1,42714,56456017,0,actual_torque_pct,12
2026-10-09T10:49:42.112,1,42714,56456017,0,engine_rpm,972.000
2026-10-09T10:49:42.122,1,42719,56466017,0,actual_torque_pct,12
2026-10-09T10:49:42.122,1,42719,56466017,0,engine_rpm,973.000
2026-10-09T10:49:42.132,1,42727,56476013,0,actual_torque_pct,12
2026-10-09T10:49:42.132,1,42727,56476013,0,engine_rpm,972.000
2026-10-09T10:49:42.140,1,42735,56483852,39,vehicle_speed_kmh,0.000
2026-10-09T10:49:42.142,1,42739,56486148,0,actual_torque_pct,12
2026-10-09T10:49:42.142,1,42739,56486148,0,engine_rpm,973.000
2026-10-09T10:49:42.152,1,42744,56496030,0,actual_torque_pct,12
2026-10-09T10:49:42.152,1,42744,56496030,0,engine_rpm,973.000
2026-10-09T10:49:42.152,1,42745,56496627,0,engine_load_pct,25
2026-10-09T10:49:42.159,1,42751,56502663,0,oil_pressure_kpa,576
2026-10-09T10:49:42.162,1,42752,56505993,0,actual_torque_pct,12
2026-10-09T10:49:42.162,1,42752,56505993,0,engine_rpm,973.000
2026-10-09T10:49:42.162,1,42753,56506586,0,fuel_rate_lph,5.70
2026-10-09T10:49:42.162,1,42753,56506586,0,fuel_econ_inst_kmpl,0.000
2026-10-09T10:49:42.172,1,42758,56515969,0,actual_torque_pct,12
2026-10-09T10:49:42.172,1,42758,56515969,0,engine_rpm,973.000
2026-10-09T10:49:42.182,1,42766,56526020,0,actual_torque_pct,12
2026-10-09T10:49:42.182,1,42766,56526020,0,engine_rpm,972.000
2026-10-09T10:49:42.189,1,42774,56533259,39,fuel_level_pct,1.2
2026-10-09T10:49:42.192,1,42779,56536100,0,actual_torque_pct,12
2026-10-09T10:49:42.192,1,42779,56536100,0,engine_rpm,972.000
2026-10-09T10:49:42.202,1,42785,56545997,0,actual_torque_pct,12
2026-10-09T10:49:42.202,1,42785,56545997,0,engine_rpm,972.000
2026-10-09T10:49:42.202,1,42786,56546570,0,engine_load_pct,25
2026-10-09T10:49:42.212,1,42791,56555953,0,actual_torque_pct,12
2026-10-09T10:49:42.212,1,42791,56555953,0,engine_rpm,972.000
2026-10-09T10:49:42.222,1,42796,56565978,0,actual_torque_pct,12
2026-10-09T10:49:42.222,1,42796,56565978,0,engine_rpm,972.000
2026-10-09T10:49:42.232,1,42804,56575974,0,actual_torque_pct,12
2026-10-09T10:49:42.232,1,42804,56575974,0,engine_rpm,972.000
2026-10-09T10:49:42.240,1,42812,56583840,39,vehicle_speed_kmh,0.000
2026-10-09T10:49:42.242,1,42816,56586118,0,actual_torque_pct,12
2026-10-09T10:49:42.242,1,42816,56586118,0,engine_rpm,972.000
2026-10-09T10:49:42.252,1,42821,56595934,0,actual_torque_pct,12
2026-10-09T10:49:42.252,1,42821,56595934,0,engine_rpm,972.000
2026-10-09T10:49:42.252,1,42822,56596516,0,engine_load_pct,25
2026-10-09T10:49:42.263,1,42828,56605958,0,actual_torque_pct,12
2026-10-09T10:49:42.263,1,42828,56605958,0,engine_rpm,972.000
2026-10-09T10:49:42.264,1,42829,56606543,0,fuel_rate_lph,5.70
2026-10-09T10:49:42.264,1,42829,56606543,0,fuel_econ_inst_kmpl,0.000
2026-10-09T10:49:42.272,1,42834,56615964,0,actual_torque_pct,12
2026-10-09T10:49:42.272,1,42834,56615964,0,engine_rpm,972.000
2026-10-09T10:49:42.282,1,42842,56625924,0,actual_torque_pct,12
2026-10-09T10:49:42.282,1,42842,56625924,0,engine_rpm,972.000
2026-10-09T10:49:42.283,1,42844,56627100,39,fuel_level_pct,1.2
2026-10-09T10:49:42.292,1,42855,56635907,0,actual_torque_pct,12
2026-10-09T10:49:42.292,1,42855,56635907,0,engine_rpm,972.000
2026-10-09T10:49:42.302,1,42861,56645940,0,actual_torque_pct,12
2026-10-09T10:49:42.302,1,42861,56645940,0,engine_rpm,972.000
2026-10-09T10:49:42.302,1,42862,56646525,0,engine_load_pct,25
2026-10-09T10:49:42.312,1,42867,56656325,0,actual_torque_pct,12
2026-10-09T10:49:42.312,1,42867,56656325,0,engine_rpm,972.000
2026-10-09T10:49:42.322,1,42873,56666376,0,actual_torque_pct,12
2026-10-09T10:49:42.322,1,42873,56666376,0,engine_rpm,972.000
2026-10-09T10:49:42.333,1,42881,56676848,0,actual_torque_pct,12
2026-10-09T10:49:42.333,1,42881,56676848,0,engine_rpm,973.000
2026-10-09T10:49:42.340,1,42889,56683835,39,vehicle_speed_kmh,0.000
2026-10-09T10:49:42.343,1,42893,56686943,0,actual_torque_pct,12
2026-10-09T10:49:42.343,1,42893,56686943,0,engine_rpm,973.000
2026-10-09T10:49:42.353,1,42898,56697392,0,actual_torque_pct,12
2026-10-09T10:49:42.353,1,42898,56697392,0,engine_rpm,973.000
2026-10-09T10:49:42.354,1,42899,56697972,0,engine_load_pct,25
2026-10-09T10:49:42.363,1,42907,56707160,0,actual_torque_pct,12
2026-10-09T10:49:42.363,1,42907,56707160,0,engine_rpm,973.000
2026-10-09T10:49:42.364,1,42909,56708319,0,fuel_rate_lph,5.70
2026-10-09T10:49:42.364,1,42909,56708319,0,fuel_econ_inst_kmpl,0.000
2026-10-09T10:49:42.373,1,42914,56717350,0,actual_torque_pct,12
2026-10-09T10:49:42.373,1,42914,56717350,0,engine_rpm,974.000
2026-10-09T10:49:42.382,1,42922,56726096,39,fuel_level_pct,1.2
2026-10-09T10:49:42.383,1,42923,56727173,0,actual_torque_pct,12
2026-10-09T10:49:42.383,1,42923,56727173,0,engine_rpm,973.000
2026-10-09T10:49:42.393,1,42935,56737488,0,actual_torque_pct,12
2026-10-09T10:49:42.393,1,42935,56737488,0,engine_rpm,973.000
2026-10-09T10:49:42.404,1,42942,56747818,0,actual_torque_pct,12
2026-10-09T10:49:42.404,1,42942,56747818,0,engine_rpm,973.000
2026-10-09T10:49:42.404,1,42943,56748405,0,engine_load_pct,25
2026-10-09T10:49:42.413,1,42948,56757253,0,actual_torque_pct,12
2026-10-09T10:49:42.413,1,42948,56757253,0,engine_rpm,973.000
2026-10-09T10:49:42.422,1,42953,56765873,0,actual_torque_pct,12
2026-10-09T10:49:42.422,1,42953,56765873,0,engine_rpm,973.000
2026-10-09T10:49:42.432,1,42961,56775919,0,actual_torque_pct,12
2026-10-09T10:49:42.432,1,42961,56775919,0,engine_rpm,973.000
2026-10-09T10:49:42.440,1,42969,56783847,39,vehicle_speed_kmh,0.000
2026-10-09T10:49:42.442,1,42973,56786129,0,actual_torque_pct,12
2026-10-09T10:49:42.442,1,42973,56786129,0,engine_rpm,972.000
2026-10-09T10:49:42.452,1,42978,56795846,0,actual_torque_pct,12
2026-10-09T10:49:42.452,1,42978,56795846,0,engine_rpm,972.000
2026-10-09T10:49:42.452,1,42979,56796432,0,engine_load_pct,25
2026-10-09T10:49:42.462,1,42985,56805870,0,actual_torque_pct,12
2026-10-09T10:49:42.462,1,42985,56805870,0,engine_rpm,972.000
2026-10-09T10:49:42.462,1,42986,56806448,0,fuel_rate_lph,5.70
2026-10-09T10:49:42.462,1,42986,56806448,0,fuel_econ_inst_kmpl,0.000
2026-10-09T10:49:42.472,1,42991,56815851,0,actual_torque_pct,12
2026-10-09T10:49:42.472,1,42991,56815851,0,engine_rpm,972.000
2026-10-09T10:49:42.482,1,42999,56825826,0,actual_torque_pct,12
2026-10-09T10:49:42.482,1,42999,56825826,0,engine_rpm,972.000
2026-10-09T10:49:42.483,1,43001,56827004,39,fuel_level_pct,1.2
2026-10-09T10:49:42.492,1,43012,56835813,0,actual_torque_pct,12
2026-10-09T10:49:42.492,1,43012,56835813,0,engine_rpm,972.000
2026-10-09T10:49:42.502,1,43018,56845816,0,actual_torque_pct,12
2026-10-09T10:49:42.502,1,43018,56845816,0,engine_rpm,972.000
2026-10-09T10:49:42.502,1,43019,56846409,0,engine_load_pct,25
2026-10-09T10:49:42.512,1,43024,56855818,0,actual_torque_pct,12
2026-10-09T10:49:42.512,1,43024,56855818,0,engine_rpm,972.000
2026-10-09T10:49:42.522,1,43029,56865838,0,actual_torque_pct,12
2026-10-09T10:49:42.522,1,43029,56865838,0,engine_rpm,972.000
2026-10-09T10:49:42.532,1,43037,56875783,0,actual_torque_pct,12
2026-10-09T10:49:42.532,1,43037,56875783,0,engine_rpm,972.000
2026-10-09T10:49:42.540,1,43045,56883835,39,vehicle_speed_kmh,0.000
2026-10-09T10:49:42.542,1,43049,56886119,0,actual_torque_pct,12
2026-10-09T10:49:42.542,1,43049,56886119,0,engine_rpm,972.000
2026-10-09T10:49:42.553,1,43054,56895865,0,actual_torque_pct,12
2026-10-09T10:49:42.553,1,43054,56895865,0,engine_rpm,972.000
2026-10-09T10:49:42.553,1,43055,56896444,0,engine_load_pct,25
2026-10-09T10:49:42.558,1,43062,56902591,0,boost_pressure_kpa,110
2026-10-09T10:49:42.558,1,43062,56902591,0,intake_manifold_temp_c,31
2026-10-09T10:49:42.562,1,43063,56905846,0,actual_torque_pct,12
2026-10-09T10:49:42.562,1,43063,56905846,0,engine_rpm,971.000
2026-10-09T10:49:42.563,1,43066,56907555,0,fuel_rate_lph,5.70
2026-10-09T10:49:42.563,1,43066,56907555,0,fuel_econ_inst_kmpl,0.000
2026-10-09T10:49:42.572,1,43071,56915759,0,actual_torque_pct,12
2026-10-09T10:49:42.572,1,43071,56915759,0,engine_rpm,972.000
2026-10-09T10:49:42.582,1,43079,56925765,0,actual_torque_pct,12
2026-10-09T10:49:42.582,1,43079,56925765,0,engine_rpm,972.000
2026-10-09T10:49:42.583,1,43081,56926944,39,fuel_level_pct,1.2
2026-10-09T10:49:42.592,1,43092,56935787,0,actual_torque_pct,12
2026-10-09T10:49:42.592,1,43092,56935787,0,engine_rpm,971.000
2026-10-09T10:49:42.602,1,43098,56945768,0,actual_torque_pct,12
2026-10-09T10:49:42.602,1,43098,56945768,0,engine_rpm,972.000
2026-10-09T10:49:42.602,1,43099,56946344,0,engine_load_pct,25
2026-10-09T10:49:42.612,1,43105,56955731,0,actual_torque_pct,12
2026-10-09T10:49:42.612,1,43105,56955731,0,engine_rpm,972.000
2026-10-09T10:49:42.622,1,43110,56965757,0,actual_torque_pct,12
2026-10-09T10:49:42.622,1,43110,56965757,0,engine_rpm,971.000
2026-10-09T10:49:42.632,1,43118,56975791,0,actual_torque_pct,12
2026-10-09T10:49:42.632,1,43118,56975791,0,engine_rpm,972.000
2026-10-09T10:49:42.640,1,43126,56983839,39,vehicle_speed_kmh,0.000
2026-10-09T10:49:42.642,1,43130,56986150,0,actual_torque_pct,12
2026-10-09T10:49:42.642,1,43130,56986150,0,engine_rpm,971.000
2026-10-09T10:49:42.652,1,43135,56995829,0,actual_torque_pct,12
2026-10-09T10:49:42.652,1,43135,56995829,0,engine_rpm,971.000
2026-10-09T10:49:42.653,1,43136,56996409,0,engine_load_pct,25
2026-10-09T10:49:42.658,1,43142,57002605,0,oil_pressure_kpa,576
2026-10-09T10:49:42.662,1,43143,57005907,0,actual_torque_pct,12
2026-10-09T10:49:42.662,1,43143,57005907,0,engine_rpm,971.000
2026-10-09T10:49:42.664,1,43146,57007625,0,fuel_rate_lph,5.65
2026-10-09T10:49:42.664,1,43146,57007625,0,fuel_econ_inst_kmpl,0.000
2026-10-09T10:49:42.672,1,43151,57015826,0,actual_torque_pct,12
2026-10-09T10:49:42.672,1,43151,57015826,0,engine_rpm,971.000
2026-10-09T10:49:42.682,1,43159,57026322,0,actual_torque_pct,12
2026-10-09T10:49:42.682,1,43159,57026322,0,engine_rpm,970.000
2026-10-09T10:49:42.683,1,43161,57027498,39,fuel_level_pct,1.2
2026-10-09T10:49:42.693,1,43173,57036549,0,actual_torque_pct,12
2026-10-09T10:49:42.693,1,43173,57036549,0,engine_rpm,971.000
2026-10-09T10:49:42.703,1,43179,57046919,0,actual_torque_pct,12
2026-10-09T10:49:42.703,1,43179,57046919,0,engine_rpm,971.000
2026-10-09T10:49:42.703,1,43180,57047508,0,engine_load_pct,25
2026-10-09T10:49:42.713,1,43186,57057002,0,actual_torque_pct,12
2026-10-09T10:49:42.713,1,43186,57057002,0,engine_rpm,971.000
2026-10-09T10:49:42.724,1,43193,57067098,0,actual_torque_pct,12
2026-10-09T10:49:42.724,1,43193,57067098,0,engine_rpm,971.000
2026-10-09T10:49:42.733,1,43201,57077022,0,actual_torque_pct,12
2026-10-09T10:49:42.733,1,43201,57077022,0,engine_rpm,972.000
2026-10-09T10:49:42.740,1,43209,57083847,39,vehicle_speed_kmh,0.000
2026-10-09T10:49:42.743,1,43213,57087121,0,actual_torque_pct,12
2026-10-09T10:49:42.743,1,43213,57087121,0,engine_rpm,972.000
2026-10-09T10:49:42.753,1,43218,57097028,0,actual_torque_pct,12
2026-10-09T10:49:42.753,1,43218,57097028,0,engine_rpm,971.000
2026-10-09T10:49:42.753,1,43219,57097608,0,engine_load_pct,25
2026-10-09T10:49:42.758,1,43225,57102609,0,coolant_temp_c,32
2026-10-09T10:49:42.758,1,43225,57102609,0,fuel_temp_c,31
2026-10-09T10:49:42.758,1,43225,57102609,0,oil_temp_c,33.00
2026-10-09T10:49:42.763,1,43226,57107202,0,actual_torque_pct,12
2026-10-09T10:49:42.763,1,43226,57107202,0,engine_rpm,972.000
2026-10-09T10:49:42.765,1,43229,57108911,0,fuel_rate_lph,5.70
2026-10-09T10:49:42.765,1,43229,57108911,0,fuel_econ_inst_kmpl,0.000
2026-10-09T10:49:42.774,1,43234,57117543,0,actual_torque_pct,12
2026-10-09T10:49:42.774,1,43234,57117543,0,engine_rpm,972.000
2026-10-09T10:49:42.781,1,43242,57125669,0,actual_torque_pct,12
2026-10-09T10:49:42.781,1,43242,57125669,0,engine_rpm,972.000
2026-10-09T10:49:42.783,1,43244,57126842,39,fuel_level_pct,1.2
2026-10-09T10:49:42.792,1,43255,57135683,0,actual_torque_pct,12
2026-10-09T10:49:42.792,1,43255,57135683,0,engine_rpm,972.000
2026-10-09T10:49:42.802,1,43261,57145662,0,actual_torque_pct,12
2026-10-09T10:49:42.802,1,43261,57145662,0,engine_rpm,972.000
2026-10-09T10:49:42.802,1,43262,57146234,0,engine_load_pct,25
2026-10-09T10:49:42.812,1,43268,57155646,0,actual_torque_pct,12
2026-10-09T10:49:42.812,1,43268,57155646,0,engine_rpm,971.000
2026-10-09T10:49:42.822,1,43275,57165644,0,actual_torque_pct,12
2026-10-09T10:49:42.822,1,43275,57165644,0,engine_rpm,972.000
2026-10-09T10:49:42.831,1,43283,57175655,0,actual_torque_pct,12
2026-10-09T10:49:42.831,1,43283,57175655,0,engine_rpm,972.000
2026-10-09T10:49:42.840,1,43291,57183875,39,vehicle_speed_kmh,0.000
2026-10-09T10:49:42.842,1,43295,57186179,0,actual_torque_pct,12
2026-10-09T10:49:42.842,1,43295,57186179,0,engine_rpm,971.000
2026-10-09T10:49:42.852,1,43300,57195637,0,actual_torque_pct,12
2026-10-09T10:49:42.852,1,43300,57195637,0,engine_rpm,972.000
2026-10-09T10:49:42.853,1,43301,57196218,0,engine_load_pct,25
2026-10-09T10:49:42.862,1,43309,57205654,0,actual_torque_pct,12
2026-10-09T10:49:42.862,1,43309,57205654,0,engine_rpm,972.000
2026-10-09T10:49:42.863,1,43311,57206788,0,engine_hours,40.25
2026-10-09T10:49:42.863,1,43312,57207367,0,fuel_rate_lph,5.70
2026-10-09T10:49:42.863,1,43312,57207367,0,fuel_econ_inst_kmpl,0.000
2026-10-09T10:49:42.872,1,43317,57215631,0,actual_torque_pct,12
2026-10-09T10:49:42.872,1,43317,57215631,0,engine_rpm,972.000
2026-10-09T10:49:42.881,1,43325,57225614,0,actual_torque_pct,12
2026-10-09T10:49:42.881,1,43325,57225614,0,engine_rpm,973.000
2026-10-09T10:49:42.883,1,43327,57226795,39,fuel_level_pct,1.2
2026-10-09T10:49:42.891,1,43338,57235601,0,actual_torque_pct,12
2026-10-09T10:49:42.891,1,43338,57235601,0,engine_rpm,974.000
2026-10-09T10:49:42.901,1,43344,57245602,0,actual_torque_pct,12
2026-10-09T10:49:42.901,1,43344,57245602,0,engine_rpm,974.000
2026-10-09T10:49:42.902,1,43345,57246188,0,engine_load_pct,25
2026-10-09T10:49:42.911,1,43350,57255600,0,actual_torque_pct,12
2026-10-09T10:49:42.911,1,43350,57255600,0,engine_rpm,973.000
2026-10-09T10:49:42.921,1,43355,57265577,0,actual_torque_pct,12
2026-10-09T10:49:42.921,1,43355,57265577,0,engine_rpm,973.000
2026-10-09T10:49:42.931,1,43363,57275565,0,actual_torque_pct,12
2026-10-09T10:49:42.931,1,43363,57275565,0,engine_rpm,973.000
2026-10-09T10:49:42.940,1,43371,57283902,39,vehicle_speed_kmh,0.000
2026-10-09T10:49:42.941,1,43374,57285623,0,actual_torque_pct,12
2026-10-09T10:49:42.941,1,43374,57285623,0,engine_rpm,973.000
2026-10-09T10:49:42.951,1,43380,57295658,0,actual_torque_pct,12
2026-10-09T10:49:42.951,1,43380,57295658,0,engine_rpm,974.000
2026-10-09T10:49:42.953,1,43381,57296243,0,engine_load_pct,25
2026-10-09T10:49:42.962,1,43387,57305906,0,actual_torque_pct,11
2026-10-09T10:49:42.962,1,43387,57305906,0,engine_rpm,973.000
2026-10-09T10:49:42.962,1,43388,57306483,0,fuel_rate_lph,5.70
2026-10-09T10:49:42.962,1,43388,57306483,0,fuel_econ_inst_kmpl,0.000
2026-10-09T10:49:42.971,1,43393,57315549,0,actual_torque_pct,11
2026-10-09T10:49:42.971,1,43393,57315549,0,engine_rpm,974.000
2026-10-09T10:49:42.981,1,43401,57325564,0,actual_torque_pct,12
2026-10-09T10:49:42.981,1,43401,57325564,0,engine_rpm,974.000
2026-10-09T10:49:42.983,1,43404,57327329,39,fuel_level_pct,1.2
2026-10-09T10:49:42.991,1,43414,57335568,0,actual_torque_pct,12
2026-10-09T10:49:42.991,1,43414,57335568,0,engine_rpm,973.000
2026-10-09T10:49:43.001,1,43420,57345571,0,actual_torque_pct,12
2026-10-09T10:49:43.001,1,43420,57345571,0,engine_rpm,973.000
2026-10-09T10:49:43.002,1,43421,57346144,0,engine_load_pct,25
2026-10-09T10:49:43.011,1,43426,57355538,0,actual_torque_pct,12
2026-10-09T10:49:43.011,1,43426,57355538,0,engine_rpm,974.000
2026-10-09T10:49:43.022,1,43431,57365893,0,actual_torque_pct,12
2026-10-09T10:49:43.022,1,43431,57365893,0,engine_rpm,974.000
2026-10-09T10:49:43.031,1,43441,57375611,0,actual_torque_pct,12
2026-10-09T10:49:43.031,1,43441,57375611,0,engine_rpm,973.000
2026-10-09T10:49:43.040,1,43449,57383865,39,vehicle_speed_kmh,0.000
2026-10-09T10:49:43.042,1,43453,57386138,0,actual_torque_pct,12
2026-10-09T10:49:43.042,1,43453,57386138,0,engine_rpm,973.000
2026-10-09T10:49:43.052,1,43458,57396231,0,actual_torque_pct,12
2026-10-09T10:49:43.052,1,43458,57396231,0,engine_rpm,973.000
2026-10-09T10:49:43.053,1,43459,57396816,0,engine_load_pct,25
2026-10-09T10:49:43.058,1,43465,57402625,0,boost_pressure_kpa,110
2026-10-09T10:49:43.058,1,43465,57402625,0,intake_manifold_temp_c,31
2026-10-09T10:49:43.062,1,43466,57406525,0,actual_torque_pct,12
2026-10-09T10:49:43.062,1,43466,57406525,0,engine_rpm,974.000
2026-10-09T10:49:43.064,1,43468,57407686,0,fuel_rate_lph,5.70
2026-10-09T10:49:43.064,1,43468,57407686,0,fuel_econ_inst_kmpl,0.000
2026-10-09T10:49:43.073,1,43473,57416817,0,actual_torque_pct,12
2026-10-09T10:49:43.073,1,43473,57416817,0,engine_rpm,974.000
2026-10-09T10:49:43.083,1,43481,57426734,0,actual_torque_pct,12
2026-10-09T10:49:43.083,1,43481,57426734,0,engine_rpm,974.000
2026-10-09T10:49:43.084,1,43483,57427901,39,fuel_level_pct,1.2
2026-10-09T10:49:43.093,1,43494,57436934,0,actual_torque_pct,12
2026-10-09T10:49:43.093,1,43494,57436934,0,engine_rpm,974.000
2026-10-09T10:49:43.104,1,43500,57446757,0,actual_torque_pct,12
2026-10-09T10:49:43.104,1,43500,57446757,0,engine_rpm,974.000
2026-10-09T10:49:43.104,1,43501,57447339,0,engine_load_pct,25
2026-10-09T10:49:43.113,1,43506,57456966,0,actual_torque_pct,11
2026-10-09T10:49:43.113,1,43506,57456966,0,engine_rpm,974.000
2026-10-09T10:49:43.123,1,43511,57466732,0,actual_torque_pct,11
2026-10-09T10:49:43.123,1,43511,57466732,0,engine_rpm,973.000
2026-10-09T10:49:43.133,1,43519,57477042,0,actual_torque_pct,12
2026-10-09T10:49:43.133,1,43519,57477042,0,engine_rpm,973.000
2026-10-09T10:49:43.140,1,43527,57483855,39,vehicle_speed_kmh,0.000
2026-10-09T10:49:43.143,1,43531,57487358,0,actual_torque_pct,12
2026-10-09T10:49:43.143,1,43531,57487358,0,engine_rpm,974.000
2026-10-09T10:49:43.152,1,43536,57495493,0,actual_torque_pct,12
2026-10-09T10:49:43.152,1,43536,57495493,0,engine_rpm,973.000
2026-10-09T10:49:43.152,1,43537,57496080,0,engine_load_pct,25
2026-10-09T10:49:43.158,1,43543,57502607,0,oil_pressure_kpa,576
2026-10-09T10:49:43.162,1,43544,57505456,0,actual_torque_pct,12
2026-10-09T10:49:43.162,1,43544,57505456,0,engine_rpm,973.000
2026-10-09T10:49:43.163,1,43545,57506061,0,fuel_rate_lph,5.70
2026-10-09T10:49:43.163,1,43545,57506061,0,fuel_econ_inst_kmpl,0.000
2026-10-09T10:49:43.172,1,43550,57515434,0,actual_torque_pct,11
2026-10-09T10:49:43.172,1,43550,57515434,0,engine_rpm,972.000
2026-10-09T10:49:43.181,1,43558,57525453,0,actual_torque_pct,11
2026-10-09T10:49:43.181,1,43558,57525453,0,engine_rpm,972.000
2026-10-09T10:49:43.190,1,43567,57533772,39,fuel_level_pct,1.2
2026-10-09T10:49:43.191,1,43570,57535501,0,actual_torque_pct,11
2026-10-09T10:49:43.191,1,43570,57535501,0,engine_rpm,973.000
2026-10-09T10:49:43.201,1,43577,57545449,0,actual_torque_pct,11
2026-10-09T10:49:43.201,1,43577,57545449,0,engine_rpm,973.000
2026-10-09T10:49:43.202,1,43578,57546036,0,engine_load_pct,23
2026-10-09T10:49:43.211,1,43583,57555422,0,actual_torque_pct,11
2026-10-09T10:49:43.211,1,43583,57555422,0,engine_rpm,973.000
2026-10-09T10:49:43.221,1,43588,57565438,0,actual_torque_pct,11
2026-10-09T10:49:43.221,1,43588,57565438,0,engine_rpm,973.000
2026-10-09T10:49:43.231,1,43596,57575450,0,actual_torque_pct,12
2026-10-09T10:49:43.231,1,43596,57575450,0,engine_rpm,972.000
2026-10-09T10:49:43.240,1,43604,57583840,39,vehicle_speed_kmh,0.000
2026-10-09T10:49:43.242,1,43607,57585552,0,actual_torque_pct,12
2026-10-09T10:49:43.242,1,43607,57585552,0,engine_rpm,972.000
2026-10-09T10:49:43.251,1,43613,57595410,0,actual_torque_pct,12
2026-10-09T10:49:43.251,1,43613,57595410,0,engine_rpm,972.000
2026-10-09T10:49:43.252,1,43614,57595995,0,engine_load_pct,25
2026-10-09T10:49:43.261,1,43620,57605632,0,actual_torque_pct,12
2026-10-09T10:49:43.261,1,43620,57605632,0,engine_rpm,972.000
2026-10-09T10:49:43.262,1,43621,57606231,0,fuel_rate_lph,5.70
2026-10-09T10:49:43.262,1,43621,57606231,0,fuel_econ_inst_kmpl,0.000
2026-10-09T10:49:43.272,1,43626,57615421,0,actual_torque_pct,12
2026-10-09T10:49:43.272,1,43626,57615421,0,engine_rpm,972.000
2026-10-09T10:49:43.281,1,43634,57625401,0,actual_torque_pct,12
2026-10-09T10:49:43.281,1,43634,57625401,0,engine_rpm,971.000
2026-10-09T10:49:43.282,1,43636,57626584,39,fuel_level_pct,1.2
2026-10-09T10:49:43.291,1,43647,57635473,0,actual_torque_pct,12
2026-10-09T10:49:43.291,1,43647,57635473,0,engine_rpm,971.000
2026-10-09T10:49:43.301,1,43653,57645423,0,actual_torque_pct,12
2026-10-09T10:49:43.301,1,43653,57645423,0,engine_rpm,971.000
2026-10-09T10:49:43.302,1,43654,57646020,0,engine_load_pct,25
2026-10-09T10:49:43.311,1,43659,57655405,0,actual_torque_pct,12
2026-10-09T10:49:43.311,1,43659,57655405,0,engine_rpm,971.000
2026-10-09T10:49:43.321,1,43665,57665384,0,actual_torque_pct,12
2026-10-09T10:49:43.321,1,43665,57665384,0,engine_rpm,971.000
2026-10-09T10:49:43.331,1,43673,57675365,0,actual_torque_pct,12
2026-10-09T10:49:43.331,1,43673,57675365,0,engine_rpm,971.000
2026-10-09T10:49:43.340,1,43681,57683854,39,vehicle_speed_kmh,0.000
2026-10-09T10:49:43.341,1,43684,57685570,0,actual_torque_pct,12
2026-10-09T10:49:43.341,1,43684,57685570,0,engine_rpm,971.000
2026-10-09T10:49:43.351,1,43690,57695407,0,actual_torque_pct,12
2026-10-09T10:49:43.351,1,43690,57695407,0,engine_rpm,972.000
2026-10-09T10:49:43.352,1,43691,57695984,0,engine_load_pct,25
2026-10-09T10:49:43.362,1,43699,57705379,0,actual_torque_pct,12
2026-10-09T10:49:43.362,1,43699,57705379,0,engine_rpm,971.000
2026-10-09T10:49:43.363,1,43701,57706550,0,fuel_rate_lph,5.70
2026-10-09T10:49:43.363,1,43701,57706550,0,fuel_econ_inst_kmpl,0.000
2026-10-09T10:49:43.372,1,43706,57715365,0,actual_torque_pct,12
2026-10-09T10:49:43.372,1,43706,57715365,0,engine_rpm,971.000
2026-10-09T10:49:43.381,1,43714,57725354,0,actual_torque_pct,12
2026-10-09T10:49:43.381,1,43714,57725354,0,engine_rpm,972.000
2026-10-09T10:49:43.383,1,43717,57727105,39,fuel_level_pct,1.2
2026-10-09T10:49:43.392,1,43727,57735907,0,actual_torque_pct,12
2026-10-09T10:49:43.392,1,43727,57735907,0,engine_rpm,971.000
2026-10-09T10:49:43.401,1,43734,57745648,0,actual_torque_pct,12
2026-10-09T10:49:43.401,1,43734,57745648,0,engine_rpm,971.000
2026-10-09T10:49:43.402,1,43735,57746224,0,engine_load_pct,25
2026-10-09T10:49:43.412,1,43740,57755763,0,actual_torque_pct,12
2026-10-09T10:49:43.412,1,43740,57755763,0,engine_rpm,971.000
2026-10-09T10:49:43.422,1,43745,57766211,0,actual_torque_pct,12
2026-10-09T10:49:43.422,1,43745,57766211,0,engine_rpm,970.000
2026-10-09T10:49:43.432,1,43753,57776414,0,actual_torque_pct,12
2026-10-09T10:49:43.432,1,43753,57776414,0,engine_rpm,970.000
2026-10-09T10:49:43.440,1,43761,57783856,39,vehicle_speed_kmh,0.000
2026-10-09T10:49:43.443,1,43765,57786728,0,actual_torque_pct,12
2026-10-09T10:49:43.443,1,43765,57786728,0,engine_rpm,970.000
2026-10-09T10:49:43.452,1,43770,57796575,0,actual_torque_pct,12
2026-10-09T10:49:43.452,1,43770,57796575,0,engine_rpm,970.000
2026-10-09T10:49:43.454,1,43771,57797156,0,engine_load_pct,25
2026-10-09T10:49:43.463,1,43777,57806968,0,actual_torque_pct,12
2026-10-09T10:49:43.463,1,43777,57806968,0,engine_rpm,970.000
2026-10-09T10:49:43.463,1,43778,57807554,0,fuel_rate_lph,5.65
2026-10-09T10:49:43.463,1,43778,57807554,0,fuel_econ_inst_kmpl,0.000
2026-10-09T10:49:43.472,1,43783,57816594,0,actual_torque_pct,12
2026-10-09T10:49:43.472,1,43783,57816594,0,engine_rpm,970.000
2026-10-09T10:49:43.483,1,43791,57826408,39,fuel_level_pct,1.2
2026-10-09T10:49:43.483,1,43792,57826969,0,actual_torque_pct,12
2026-10-09T10:49:43.483,1,43792,57826969,0,engine_rpm,970.000
2026-10-09T10:49:43.492,1,43804,57836589,0,actual_torque_pct,12
2026-10-09T10:49:43.492,1,43804,57836589,0,engine_rpm,970.000
2026-10-09T10:49:43.501,1,43810,57845302,0,actual_torque_pct,12
2026-10-09T10:49:43.501,1,43810,57845302,0,engine_rpm,970.000
2026-10-09T10:49:43.502,1,43811,57845888,0,engine_load_pct,25
2026-10-09T10:49:43.511,1,43816,57855291,0,actual_torque_pct,12
2026-10-09T10:49:43.511,1,43816,57855291,0,engine_rpm,970.000
2026-10-09T10:49:43.521,1,43821,57865346,0,actual_torque_pct,12
2026-10-09T10:49:43.521,1,43821,57865346,0,engine_rpm,970.000
2026-10-09T10:49:43.531,1,43829,57875374,0,actual_torque_pct,12
2026-10-09T10:49:43.531,1,43829,57875374,0,engine_rpm,970.000
2026-10-09T10:49:43.540,1,43837,57883863,39,vehicle_speed_kmh,0.000
2026-10-09T10:49:43.541,1,43840,57885560,0,actual_torque_pct,12
2026-10-09T10:49:43.541,1,43840,57885560,0,engine_rpm,969.000
2026-10-09T10:49:43.551,1,43846,57895332,0,actual_torque_pct,12
2026-10-09T10:49:43.551,1,43846,57895332,0,engine_rpm,969.000
2026-10-09T10:49:43.552,1,43847,57895917,0,engine_load_pct,25
2026-10-09T10:49:43.558,1,43854,57902619,0,boost_pressure_kpa,110
2026-10-09T10:49:43.558,1,43854,57902619,0,intake_manifold_temp_c,31
2026-10-09T10:49:43.561,1,43855,57905272,0,actual_torque_pct,12
2026-10-09T10:49:43.561,1,43855,57905272,0,engine_rpm,970.000
2026-10-09T10:49:43.563,1,43858,57906984,0,fuel_rate_lph,5.65
2026-10-09T10:49:43.563,1,43858,57906984,0,fuel_econ_inst_kmpl,0.000
2026-10-09T10:49:43.571,1,43863,57915233,0,actual_torque_pct,12
2026-10-09T10:49:43.571,1,43863,57915233,0,engine_rpm,970.000
2026-10-09T10:49:43.581,1,43871,57925347,0,actual_torque_pct,12
2026-10-09T10:49:43.581,1,43871,57925347,0,engine_rpm,970.000
2026-10-09T10:49:43.583,1,43873,57926517,39,fuel_level_pct,1.2
2026-10-09T10:49:43.591,1,43884,57935494,0,actual_torque_pct,12
2026-10-09T10:49:43.591,1,43884,57935494,0,engine_rpm,970.000
2026-10-09T10:49:43.601,1,43890,57945275,0,actual_torque_pct,12
2026-10-09T10:49:43.601,1,43890,57945275,0,engine_rpm,970.000
2026-10-09T10:49:43.602,1,43891,57945851,0,engine_load_pct,25
2026-10-09T10:49:43.611,1,43897,57955211,0,actual_torque_pct,12
2026-10-09T10:49:43.611,1,43897,57955211,0,engine_rpm,970.000
2026-10-09T10:49:43.621,1,43902,57965235,0,actual_torque_pct,12
2026-10-09T10:49:43.621,1,43902,57965235,0,engine_rpm,970.000
2026-10-09T10:49:43.631,1,43910,57975405,0,actual_torque_pct,12
2026-10-09T10:49:43.631,1,43910,57975405,0,engine_rpm,970.000
2026-10-09T10:49:43.640,1,43918,57983863,39,vehicle_speed_kmh,0.000
2026-10-09T10:49:43.641,1,43921,57985582,0,actual_torque_pct,12
2026-10-09T10:49:43.641,1,43921,57985582,0,engine_rpm,970.000
2026-10-09T10:49:43.651,1,43927,57995272,0,actual_torque_pct,12
2026-10-09T10:49:43.651,1,43927,57995272,0,engine_rpm,970.000
2026-10-09T10:49:43.652,1,43928,57995848,0,engine_load_pct,25
2026-10-09T10:49:43.658,1,43934,58002626,0,oil_pressure_kpa,572
2026-10-09T10:49:43.661,1,43935,58005244,0,actual_torque_pct,12
2026-10-09T10:49:43.661,1,43935,58005244,0,engine_rpm,970.000
2026-10-09T10:49:43.663,1,43938,58006950,0,fuel_rate_lph,5.65
2026-10-09T10:49:43.663,1,43938,58006950,0,fuel_econ_inst_kmpl,0.000
2026-10-09T10:49:43.671,1,43943,58015205,0,actual_torque_pct,12
2026-10-09T10:49:43.671,1,43943,58015205,0,engine_rpm,970.000
2026-10-09T10:49:43.681,1,43951,58025344,0,actual_torque_pct,12
2026-10-09T10:49:43.681,1,43951,58025344,0,engine_rpm,970.000
2026-10-09T10:49:43.682,1,43953,58026508,39,fuel_level_pct,1.2
2026-10-09T10:49:43.692,1,43965,58035510,0,actual_torque_pct,12
2026-10-09T10:49:43.692,1,43965,58035510,0,engine_rpm,970.000
2026-10-09T10:49:43.701,1,43971,58045190,0,actual_torque_pct,12
2026-10-09T10:49:43.701,1,43971,58045190,0,engine_rpm,970.000
2026-10-09T10:49:43.702,1,43972,58045769,0,engine_load_pct,25
2026-10-09T10:49:43.711,1,43978,58055186,0,actual_torque_pct,12
2026-10-09T10:49:43.711,1,43978,58055186,0,engine_rpm,970.000
2026-10-09T10:49:43.722,1,43985,58065167,0,actual_torque_pct,12
2026-10-09T10:49:43.722,1,43985,58065167,0,engine_rpm,970.000
2026-10-09T10:49:43.731,1,43993,58075383,0,actual_torque_pct,12
2026-10-09T10:49:43.731,1,43993,58075383,0,engine_rpm,970.000
2026-10-09T10:49:43.740,1,44001,58083850,39,vehicle_speed_kmh,0.000
2026-10-09T10:49:43.741,1,44004,58085562,0,actual_torque_pct,12
2026-10-09T10:49:43.741,1,44004,58085562,0,engine_rpm,971.000
2026-10-09T10:49:43.752,1,44010,58096086,0,actual_torque_pct,12
2026-10-09T10:49:43.752,1,44010,58096086,0,engine_rpm,971.000
2026-10-09T10:49:43.752,1,44011,58096662,0,engine_load_pct,25
2026-10-09T10:49:43.759,1,44017,58102602,0,coolant_temp_c,32
2026-10-09T10:49:43.759,1,44017,58102602,0,fuel_temp_c,31
2026-10-09T10:49:43.759,1,44017,58102602,0,oil_temp_c,33.00
2026-10-09T10:49:43.763,1,44018,58106902,0,actual_torque_pct,12
2026-10-09T10:49:43.763,1,44018,58106902,0,engine_rpm,971.000
2026-10-09T10:49:43.764,1,44021,58108611,0,fuel_rate_lph,5.65
2026-10-09T10:49:43.764,1,44021,58108611,0,fuel_econ_inst_kmpl,0.000
2026-10-09T10:49:43.773,1,44026,58116466,0,actual_torque_pct,12
2026-10-09T10:49:43.773,1,44026,58116466,0,engine_rpm,970.000
2026-10-09T10:49:43.782,1,44034,58126334,0,actual_torque_pct,12
2026-10-09T10:49:43.782,1,44034,58126334,0,engine_rpm,970.000
2026-10-09T10:49:43.783,1,44036,58127501,39,fuel_level_pct,1.2
2026-10-09T10:49:43.792,1,44047,58136572,0,actual_torque_pct,12
2026-10-09T10:49:43.792,1,44047,58136572,0,engine_rpm,970.000
2026-10-09T10:49:43.803,1,44053,58146331,0,actual_torque_pct,12
2026-10-09T10:49:43.803,1,44053,58146331,0,engine_rpm,970.000
2026-10-09T10:49:43.804,1,44054,58146911,0,engine_load_pct,25
2026-10-09T10:49:43.813,1,44060,58156557,0,actual_torque_pct,12
2026-10-09T10:49:43.813,1,44060,58156557,0,engine_rpm,970.000
2026-10-09T10:49:43.823,1,44067,58166347,0,actual_torque_pct,12
2026-10-09T10:49:43.823,1,44067,58166347,0,engine_rpm,970.000
2026-10-09T10:49:43.833,1,44075,58176560,0,actual_torque_pct,12
2026-10-09T10:49:43.833,1,44075,58176560,0,engine_rpm,970.000
2026-10-09T10:49:43.840,1,44083,58183875,39,vehicle_speed_kmh,0.000
2026-10-09T10:49:43.841,1,44086,58185587,0,actual_torque_pct,12
2026-10-09T10:49:43.841,1,44086,58185587,0,engine_rpm,971.000
2026-10-09T10:49:43.851,1,44092,58195093,0,actual_torque_pct,12
2026-10-09T10:49:43.851,1,44092,58195093,0,engine_rpm,971.000
2026-10-09T10:49:43.852,1,44093,58195686,0,engine_load_pct,25
2026-10-09T10:49:43.861,1,44101,58205164,0,actual_torque_pct,12
2026-10-09T10:49:43.861,1,44101,58205164,0,engine_rpm,971.000
2026-10-09T10:49:43.862,1,44103,58206305,0,engine_hours,40.25
2026-10-09T10:49:43.863,1,44104,58206881,0,fuel_rate_lph,5.65
2026-10-09T10:49:43.863,1,44104,58206881,0,fuel_econ_inst_kmpl,0.000
2026-10-09T10:49:43.871,1,44109,58215107,0,actual_torque_pct,12
2026-10-09T10:49:43.871,1,44109,58215107,0,engine_rpm,971.000
2026-10-09T10:49:43.881,1,44117,58225342,0,actual_torque_pct,12
2026-10-09T10:49:43.881,1,44117,58225342,0,engine_rpm,972.000
2026-10-09T10:49:43.883,1,44120,58227097,39,fuel_level_pct,1.2
2026-10-09T10:49:43.891,1,44130,58235471,0,actual_torque_pct,12
2026-10-09T10:49:43.891,1,44130,58235471,0,engine_rpm,972.000
2026-10-09T10:49:43.901,1,44136,58245092,0,actual_torque_pct,12
2026-10-09T10:49:43.901,1,44136,58245092,0,engine_rpm,972.000
2026-10-09T10:49:43.901,1,44137,58245671,0,engine_load_pct,25
2026-10-09T10:49:43.911,1,44142,58255064,0,actual_torque_pct,12
2026-10-09T10:49:43.911,1,44142,58255064,0,engine_rpm,972.000
2026-10-09T10:49:43.921,1,44147,58265078,0,actual_torque_pct,12
2026-10-09T10:49:43.921,1,44147,58265078,0,engine_rpm,971.000
2026-10-09T10:49:43.931,1,44155,58275393,0,actual_torque_pct,12
2026-10-09T10:49:43.931,1,44155,58275393,0,engine_rpm,972.000
2026-10-09T10:49:43.940,1,44163,58283857,39,vehicle_speed_kmh,0.000
2026-10-09T10:49:43.941,1,44166,58285557,0,actual_torque_pct,12
2026-10-09T10:49:43.941,1,44166,58285557,0,engine_rpm,972.000
2026-10-09T10:49:43.951,1,44172,58295084,0,actual_torque_pct,12
2026-10-09T10:49:43.951,1,44172,58295084,0,engine_rpm,971.000
2026-10-09T10:49:43.951,1,44173,58295653,0,engine_load_pct,25
2026-10-09T10:49:43.961,1,44179,58305068,0,actual_torque_pct,12
2026-10-09T10:49:43.961,1,44179,58305068,0,engine_rpm,971.000
2026-10-09T10:49:43.962,1,44180,58305630,0,fuel_rate_lph,5.65
2026-10-09T10:49:43.962,1,44180,58305630,0,fuel_econ_inst_kmpl,0.000
2026-10-09T10:49:43.971,1,44185,58315026,0,actual_torque_pct,12
2026-10-09T10:49:43.971,1,44185,58315026,0,engine_rpm,971.000
2026-10-09T10:49:43.981,1,44193,58325359,0,actual_torque_pct,12
2026-10-09T10:49:43.981,1,44193,58325359,0,engine_rpm,971.000
2026-10-09T10:49:43.983,1,44196,58327123,39,fuel_level_pct,1.2
2026-10-09T10:49:43.991,1,44206,58335536,0,actual_torque_pct,12
2026-10-09T10:49:43.991,1,44206,58335536,0,engine_rpm,972.000
2026-10-09T10:49:44.001,1,44212,58345032,0,actual_torque_pct,12
2026-10-09T10:49:44.001,1,44212,58345032,0,engine_rpm,972.000
2026-10-09T10:49:44.001,1,44213,58345617,0,engine_load_pct,25
2026-10-09T10:49:44.011,1,44218,58355026,0,actual_torque_pct,12
2026-10-09T10:49:44.011,1,44218,58355026,0,engine_rpm,972.000
2026-10-09T10:49:44.021,1,44223,58365019,0,actual_torque_pct,12
2026-10-09T10:49:44.021,1,44223,58365019,0,engine_rpm,972.000
2026-10-09T10:49:44.031,1,44233,58375423,0,actual_torque_pct,12
2026-10-09T10:49:44.031,1,44233,58375423,0,engine_rpm,972.000
2026-10-09T10:49:44.040,1,44241,58383855,39,vehicle_speed_kmh,0.000
2026-10-09T10:49:44.041,1,44243,58385019,0,actual_torque_pct,12
2026-10-09T10:49:44.041,1,44243,58385019,0,engine_rpm,972.000
2026-10-09T10:49:44.051,1,44250,58394989,0,actual_torque_pct,12
2026-10-09T10:49:44.051,1,44250,58394989,0,engine_rpm,972.000
2026-10-09T10:49:44.051,1,44251,58395570,0,engine_load_pct,25
2026-10-09T10:49:44.056,1,44253,58399745,0,boost_pressure_kpa,110
2026-10-09T10:49:44.056,1,44253,58399745,0,intake_manifold_temp_c,31
2026-10-09T10:49:44.061,1,44258,58405068,0,actual_torque_pct,12
2026-10-09T10:49:44.061,1,44258,58405068,0,engine_rpm,972.000
2026-10-09T10:49:44.062,1,44260,58406243,0,fuel_rate_lph,5.70
2026-10-09T10:49:44.062,1,44260,58406243,0,fuel_econ_inst_kmpl,0.000
2026-10-09T10:49:44.071,1,44265,58415003,0,actual_torque_pct,12
2026-10-09T10:49:44.071,1,44265,58415003,0,engine_rpm,971.000
2026-10-09T10:49:44.081,1,44273,58425371,0,actual_torque_pct,12
2026-10-09T10:49:44.081,1,44273,58425371,0,engine_rpm,972.000
2026-10-09T10:49:44.083,1,44276,58427242,39,fuel_level_pct,1.2
2026-10-09T10:49:44.092,1,44286,58435489,0,actual_torque_pct,12
2026-10-09T10:49:44.092,1,44286,58435489,0,engine_rpm,972.000
2026-10-09T10:49:44.101,1,44292,58445700,0,actual_torque_pct,12
2026-10-09T10:49:44.101,1,44292,58445700,0,engine_rpm,971.000
2026-10-09T10:49:44.102,1,44293,58446291,0,engine_load_pct,25
2026-10-09T10:49:44.113,1,44298,58455888,0,actual_torque_pct,12
2026-10-09T10:49:44.113,1,44298,58455888,0,engine_rpm,971.000
2026-10-09T10:49:44.124,1,44303,58466360,0,actual_torque_pct,12
2026-10-09T10:49:44.124,1,44303,58466360,0,engine_rpm,972.000
2026-10-09T10:49:44.133,1,44311,58476820,0,actual_torque_pct,12
2026-10-09T10:49:44.133,1,44311,58476820,0,engine_rpm,972.000
2026-10-09T10:49:44.140,1,44319,58483850,39,vehicle_speed_kmh,0.000
2026-10-09T10:49:44.142,1,44323,58486312,0,actual_torque_pct,12
2026-10-09T10:49:44.142,1,44323,58486312,0,engine_rpm,972.000
2026-10-09T10:49:44.152,1,44328,58496231,0,actual_torque_pct,12
2026-10-09T10:49:44.152,1,44328,58496231,0,engine_rpm,971.000
2026-10-09T10:49:44.153,1,44329,58496811,0,engine_load_pct,25
2026-10-09T10:49:44.158,1,44335,58502628,0,oil_pressure_kpa,572
2026-10-09T10:49:44.163,1,44336,58506539,0,actual_torque_pct,12
2026-10-09T10:49:44.163,1,44336,58506539,0,engine_rpm,971.000
2026-10-09T10:49:44.164,1,44337,58507112,0,fuel_rate_lph,5.65
2026-10-09T10:49:44.164,1,44337,58507112,0,fuel_econ_inst_kmpl,0.000
2026-10-09T10:49:44.172,1,44342,58516165,0,actual_torque_pct,12
2026-10-09T10:49:44.172,1,44342,58516165,0,engine_rpm,971.000
2026-10-09T10:49:44.182,1,44350,58526316,0,actual_torque_pct,12
2026-10-09T10:49:44.182,1,44350,58526316,0,engine_rpm,972.000
2026-10-09T10:49:44.190,1,44359,58533785,39,fuel_level_pct,1.2
2026-10-09T10:49:44.191,1,44361,58534956,0,actual_torque_pct,12
2026-10-09T10:49:44.191,1,44361,58534956,0,engine_rpm,971.000
2026-10-09T10:49:44.201,1,44369,58544909,0,actual_torque_pct,12
2026-10-09T10:49:44.201,1,44369,58544909,0,engine_rpm,971.000
2026-10-09T10:49:44.202,1,44370,58545488,0,engine_load_pct,25
2026-10-09T10:49:44.211,1,44375,58554899,0,actual_torque_pct,12
2026-10-09T10:49:44.211,1,44375,58554899,0,engine_rpm,971.000
2026-10-09T10:49:44.221,1,44380,58564916,0,actual_torque_pct,12
2026-10-09T10:49:44.221,1,44380,58564916,0,engine_rpm,971.000
2026-10-09T10:49:44.231,1,44388,58575437,0,actual_torque_pct,12
2026-10-09T10:49:44.231,1,44388,58575437,0,engine_rpm,970.000
2026-10-09T10:49:44.240,1,44396,58583849,39,vehicle_speed_kmh,0.000
2026-10-09T10:49:44.241,1,44398,58585016,0,actual_torque_pct,12
2026-10-09T10:49:44.241,1,44398,58585016,0,engine_rpm,970.000
2026-10-09T10:49:44.251,1,44405,58594922,0,actual_torque_pct,12
2026-10-09T10:49:44.251,1,44405,58594922,0,engine_rpm,971.000
2026-10-09T10:49:44.252,1,44406,58595504,0,engine_load_pct,25
2026-10-09T10:49:44.261,1,44412,58604914,0,actual_torque_pct,12
2026-10-09T10:49:44.261,1,44412,58604914,0,engine_rpm,971.000
2026-10-09T10:49:44.261,1,44413,58605501,0,fuel_rate_lph,5.65
2026-10-09T10:49:44.261,1,44413,58605501,0,fuel_econ_inst_kmpl,0.000
2026-10-09T10:49:44.272,1,44418,58614903,0,actual_torque_pct,12
2026-10-09T10:49:44.272,1,44418,58614903,0,engine_rpm,971.000
2026-10-09T10:49:44.282,1,44426,58625367,0,actual_torque_pct,12
2026-10-09T10:49:44.282,1,44426,58625367,0,engine_rpm,970.000
2026-10-09T10:49:44.284,1,44429,58628297,39,fuel_level_pct,1.2
2026-10-09T10:49:44.291,1,44438,58634925,0,actual_torque_pct,12
2026-10-09T10:49:44.291,1,44438,58634925,0,engine_rpm,970.000
2026-10-09T10:49:44.301,1,44445,58644882,0,actual_torque_pct,12
2026-10-09T10:49:44.301,1,44445,58644882,0,engine_rpm,971.000
2026-10-09T10:49:44.301,1,44446,58645468,0,engine_load_pct,25
2026-10-09T10:49:44.311,1,44451,58654871,0,actual_torque_pct,12
2026-10-09T10:49:44.311,1,44451,58654871,0,engine_rpm,971.000
2026-10-09T10:49:44.321,1,44457,58664851,0,actual_torque_pct,12
2026-10-09T10:49:44.321,1,44457,58664851,0,engine_rpm,971.000
2026-10-09T10:49:44.331,1,44464,58674824,0,actual_torque_pct,12
2026-10-09T10:49:44.331,1,44464,58674824,0,engine_rpm,972.000
2026-10-09T10:49:44.340,1,44473,58683853,39,vehicle_speed_kmh,0.000
2026-10-09T10:49:44.341,1,44475,58684995,0,actual_torque_pct,12
2026-10-09T10:49:44.341,1,44475,58684995,0,engine_rpm,973.000
2026-10-09T10:49:44.351,1,44482,58694878,0,actual_torque_pct,12
2026-10-09T10:49:44.351,1,44482,58694878,0,engine_rpm,972.000
2026-10-09T10:49:44.351,1,44483,58695479,0,engine_load_pct,25
2026-10-09T10:49:44.361,1,44491,58704850,0,actual_torque_pct,12
2026-10-09T10:49:44.361,1,44491,58704850,0,engine_rpm,972.000
2026-10-09T10:49:44.362,1,44493,58706008,0,fuel_rate_lph,5.70
2026-10-09T10:49:44.362,1,44493,58706008,0,fuel_econ_inst_kmpl,0.000
2026-10-09T10:49:44.371,1,44498,58714800,0,actual_torque_pct,12
2026-10-09T10:49:44.371,1,44498,58714800,0,engine_rpm,972.000
2026-10-09T10:49:44.381,1,44505,58724830,0,actual_torque_pct,12
2026-10-09T10:49:44.381,1,44505,58724830,0,engine_rpm,972.000
2026-10-09T10:49:44.383,1,44509,58727132,39,fuel_level_pct,1.2
2026-10-09T10:49:44.391,1,44518,58734921,0,actual_torque_pct,12
2026-10-09T10:49:44.391,1,44518,58734921,0,engine_rpm,972.000
2026-10-09T10:49:44.401,1,44526,58744867,0,actual_torque_pct,12
2026-10-09T10:49:44.401,1,44526,58744867,0,engine_rpm,972.000
2026-10-09T10:49:44.401,1,44527,58745433,0,engine_load_pct,25
2026-10-09T10:49:44.411,1,44532,58754772,0,actual_torque_pct,12
2026-10-09T10:49:44.411,1,44532,58754772,0,engine_rpm,972.000
2026-10-09T10:49:44.421,1,44537,58764804,0,actual_torque_pct,12
2026-10-09T10:49:44.421,1,44537,58764804,0,engine_rpm,972.000
2026-10-09T10:49:44.431,1,44544,58774813,0,actual_torque_pct,12
2026-10-09T10:49:44.431,1,44544,58774813,0,engine_rpm,972.000
2026-10-09T10:49:44.440,1,44553,58783862,39,vehicle_speed_kmh,0.000
2026-10-09T10:49:44.441,1,44555,58784999,0,actual_torque_pct,12
2026-10-09T10:49:44.441,1,44555,58784999,0,engine_rpm,972.000
2026-10-09T10:49:44.452,1,44562,58795405,0,actual_torque_pct,12
2026-10-09T10:49:44.452,1,44562,58795405,0,engine_rpm,973.000
2026-10-09T10:49:44.452,1,44563,58795970,0,engine_load_pct,25
2026-10-09T10:49:44.462,1,44569,58805646,0,actual_torque_pct,12
2026-10-09T10:49:44.462,1,44569,58805646,0,engine_rpm,973.000
2026-10-09T10:49:44.463,1,44570,58806245,0,fuel_rate_lph,5.70
2026-10-09T10:49:44.463,1,44570,58806245,0,fuel_econ_inst_kmpl,0.000
2026-10-09T10:49:44.472,1,44575,58815989,0,actual_torque_pct,12
2026-10-09T10:49:44.472,1,44575,58815989,0,engine_rpm,973.000
2026-10-09T10:49:44.481,1,44583,58825541,39,fuel_level_pct,1.2
2026-10-09T10:49:44.482,1,44584,58826114,0,actual_torque_pct,12
2026-10-09T10:49:44.482,1,44584,58826114,0,engine_rpm,973.000
2026-10-09T10:49:44.492,1,44596,58836200,0,actual_torque_pct,12
2026-10-09T10:49:44.492,1,44596,58836200,0,engine_rpm,973.000
2026-10-09T10:49:44.502,1,44602,58846615,0,actual_torque_pct,12
2026-10-09T10:49:44.502,1,44602,58846615,0,engine_rpm,973.000
2026-10-09T10:49:44.503,1,44603,58847193,0,engine_load_pct,25
2026-10-09T10:49:44.512,1,44608,58856166,0,actual_torque_pct,12
2026-10-09T10:49:44.512,1,44608,58856166,0,engine_rpm,972.000
2026-10-09T10:49:44.522,1,44613,58865924,0,actual_torque_pct,12
2026-10-09T10:49:44.522,1,44613,58865924,0,engine_rpm,972.000
2026-10-09T10:49:44.532,1,44621,58876119,0,actual_torque_pct,12
2026-10-09T10:49:44.532,1,44621,58876119,0,engine_rpm,972.000
2026-10-09T10:49:44.540,1,44629,58883859,39,vehicle_speed_kmh,0.000
2026-10-09T10:49:44.542,1,44633,58886139,0,actual_torque_pct,12
2026-10-09T10:49:44.542,1,44633,58886139,0,engine_rpm,972.000
2026-10-09T10:49:44.552,1,44638,58896256,0,actual_torque_pct,12
2026-10-09T10:49:44.552,1,44638,58896256,0,engine_rpm,973.000
2026-10-09T10:49:44.553,1,44639,58896836,0,engine_load_pct,25
2026-10-09T10:49:44.558,1,44646,58902626,0,boost_pressure_kpa,110
2026-10-09T10:49:44.558,1,44646,58902626,0,intake_manifold_temp_c,31
2026-10-09T10:49:44.561,1,44647,58904888,0,actual_torque_pct,12
2026-10-09T10:49:44.561,1,44647,58904888,0,engine_rpm,973.000
2026-10-09T10:49:44.563,1,44650,58906614,0,fuel_rate_lph,5.70
2026-10-09T10:49:44.563,1,44650,58906614,0,fuel_econ_inst_kmpl,0.000
2026-10-09T10:49:44.571,1,44655,58914660,0,actual_torque_pct,12
2026-10-09T10:49:44.571,1,44655,58914660,0,engine_rpm,973.000
2026-10-09T10:49:44.581,1,44662,58924715,0,actual_torque_pct,12
2026-10-09T10:49:44.581,1,44662,58924715,0,engine_rpm,973.000
2026-10-09T10:49:44.583,1,44666,58927027,39,fuel_level_pct,1.2
2026-10-09T10:49:44.591,1,44675,58934931,0,actual_torque_pct,12
2026-10-09T10:49:44.591,1,44675,58934931,0,engine_rpm,973.000
2026-10-09T10:49:44.600,1,44682,58944702,0,actual_torque_pct,12
2026-10-09T10:49:44.600,1,44682,58944702,0,engine_rpm,973.000
2026-10-09T10:49:44.601,1,44683,58945288,0,engine_load_pct,25
2026-10-09T10:49:44.611,1,44689,58954740,0,actual_torque_pct,12
2026-10-09T10:49:44.611,1,44689,58954740,0,engine_rpm,973.000
2026-10-09T10:49:44.620,1,44694,58964684,0,actual_torque_pct,12
2026-10-09T10:49:44.620,1,44694,58964684,0,engine_rpm,973.000
2026-10-09T10:49:44.630,1,44701,58974708,0,actual_torque_pct,12
2026-10-09T10:49:44.630,1,44701,58974708,0,engine_rpm,974.000
2026-10-09T10:49:44.640,1,44710,58983871,39,vehicle_speed_kmh,0.000
2026-10-09T10:49:44.641,1,44712,58985013,0,actual_torque_pct,12
2026-10-09T10:49:44.641,1,44712,58985013,0,engine_rpm,974.000
2026-10-09T10:49:44.651,1,44719,58994659,0,actual_torque_pct,12
2026-10-09T10:49:44.651,1,44719,58994659,0,engine_rpm,973.000
2026-10-09T10:49:44.652,1,44720,58995240,0,engine_load_pct,25
2026-10-09T10:49:44.658,1,44726,59002634,0,oil_pressure_kpa,572
2026-10-09T10:49:44.661,1,44727,59004672,0,actual_torque_pct,12
2026-10-09T10:49:44.661,1,44727,59004672,0,engine_rpm,972.000
2026-10-09T10:49:44.662,1,44730,59006411,0,fuel_rate_lph,5.70
2026-10-09T10:49:44.662,1,44730,59006411,0,fuel_econ_inst_kmpl,0.000
2026-10-09T10:49:44.671,1,44735,59014682,0,actual_torque_pct,12
2026-10-09T10:49:44.671,1,44735,59014682,0,engine_rpm,972.000
2026-10-09T10:49:44.680,1,44742,59024645,0,actual_torque_pct,12
2026-10-09T10:49:44.680,1,44742,59024645,0,engine_rpm,972.000
2026-10-09T10:49:44.683,1,44746,59026961,39,fuel_level_pct,1.2
2026-10-09T10:49:44.693,1,44756,59034911,0,actual_torque_pct,12
2026-10-09T10:49:44.693,1,44756,59034911,0,engine_rpm,972.000
2026-10-09T10:49:44.700,1,44763,59044663,0,actual_torque_pct,12
2026-10-09T10:49:44.700,1,44763,59044663,0,engine_rpm,973.000
2026-10-09T10:49:44.701,1,44764,59045240,0,engine_load_pct,25
2026-10-09T10:49:44.710,1,44770,59054652,0,actual_torque_pct,12
2026-10-09T10:49:44.710,1,44770,59054652,0,engine_rpm,973.000
2026-10-09T10:49:44.720,1,44777,59064625,0,actual_torque_pct,12
2026-10-09T10:49:44.720,1,44777,59064625,0,engine_rpm,973.000
2026-10-09T10:49:44.730,1,44784,59074619,0,actual_torque_pct,12
2026-10-09T10:49:44.730,1,44784,59074619,0,engine_rpm,973.000
2026-10-09T10:49:44.740,1,44793,59083866,39,vehicle_speed_kmh,0.000
2026-10-09T10:49:44.741,1,44795,59085012,0,actual_torque_pct,12
2026-10-09T10:49:44.741,1,44795,59085012,0,engine_rpm,973.000
2026-10-09T10:49:44.751,1,44802,59094652,0,actual_torque_pct,12
2026-10-09T10:49:44.751,1,44802,59094652,0,engine_rpm,973.000
2026-10-09T10:49:44.751,1,44803,59095233,0,engine_load_pct,25
2026-10-09T10:49:44.756,1,44805,59099417,0,coolant_temp_c,32
2026-10-09T10:49:44.756,1,44805,59099417,0,fuel_temp_c,31
2026-10-09T10:49:44.756,1,44805,59099417,0,oil_temp_c,33.09
2026-10-09T10:49:44.761,1,44810,59104632,0,actual_torque_pct,12
2026-10-09T10:49:44.761,1,44810,59104632,0,engine_rpm,973.000
2026-10-09T10:49:44.762,1,44813,59106352,0,fuel_rate_lph,5.70
2026-10-09T10:49:44.762,1,44813,59106352,0,fuel_econ_inst_kmpl,0.000
2026-10-09T10:49:44.770,1,44818,59114592,0,actual_torque_pct,12
2026-10-09T10:49:44.770,1,44818,59114592,0,engine_rpm,973.000
2026-10-09T10:49:44.780,1,44825,59124601,0,actual_torque_pct,12
2026-10-09T10:49:44.780,1,44825,59124601,0,engine_rpm,972.000
2026-10-09T10:49:44.783,1,44829,59126915,39,fuel_level_pct,1.2
2026-10-09T10:49:44.791,1,44838,59134932,0,actual_torque_pct,12
2026-10-09T10:49:44.791,1,44838,59134932,0,engine_rpm,972.000
2026-10-09T10:49:44.800,1,44845,59144598,0,actual_torque_pct,12
2026-10-09T10:49:44.800,1,44845,59144598,0,engine_rpm,972.000
2026-10-09T10:49:44.801,1,44846,59145176,0,engine_load_pct,25
2026-10-09T10:49:44.810,1,44852,59154653,0,actual_torque_pct,12
2026-10-09T10:49:44.810,1,44852,59154653,0,engine_rpm,972.000
2026-10-09T10:49:44.821,1,44859,59165141,0,actual_torque_pct,12
2026-10-09T10:49:44.821,1,44859,59165141,0,engine_rpm,972.000
2026-10-09T10:49:44.831,1,44867,59175459,0,actual_torque_pct,12
2026-10-09T10:49:44.831,1,44867,59175459,0,engine_rpm,973.000
2026-10-09T10:49:44.840,1,44875,59183883,39,vehicle_speed_kmh,0.000
2026-10-09T10:49:44.842,1,44879,59186160,0,actual_torque_pct,12
2026-10-09T10:49:44.842,1,44879,59186160,0,engine_rpm,972.000
2026-10-09T10:49:44.852,1,44884,59195864,0,actual_torque_pct,12
2026-10-09T10:49:44.852,1,44884,59195864,0,engine_rpm,973.000
2026-10-09T10:49:44.852,1,44885,59196444,0,engine_load_pct,25
2026-10-09T10:49:44.862,1,44893,59205986,0,actual_torque_pct,12
2026-10-09T10:49:44.862,1,44893,59205986,0,engine_rpm,973.000
2026-10-09T10:49:44.863,1,44895,59207148,0,engine_hours,40.25
2026-10-09T10:49:44.864,1,44896,59207716,0,fuel_rate_lph,5.70
2026-10-09T10:49:44.864,1,44896,59207716,0,fuel_econ_inst_kmpl,0.000
2026-10-09T10:49:44.872,1,44901,59216471,0,actual_torque_pct,12
2026-10-09T10:49:44.872,1,44901,59216471,0,engine_rpm,972.000
2026-10-09T10:49:44.882,1,44909,59225900,0,actual_torque_pct,12
2026-10-09T10:49:44.882,1,44909,59225900,0,engine_rpm,972.000
2026-10-09T10:49:44.883,1,44911,59227077,39,fuel_level_pct,1.2
2026-10-09T10:49:44.892,1,44922,59235776,0,actual_torque_pct,12
2026-10-09T10:49:44.892,1,44922,59235776,0,engine_rpm,972.000
2026-10-09T10:49:44.902,1,44928,59245898,0,actual_torque_pct,12
2026-10-09T10:49:44.902,1,44928,59245898,0,engine_rpm,972.000
2026-10-09T10:49:44.902,1,44929,59246483,0,engine_load_pct,25
2026-10-09T10:49:44.912,1,44934,59255782,0,actual_torque_pct,12
2026-10-09T10:49:44.912,1,44934,59255782,0,engine_rpm,972.000
2026-10-09T10:49:44.920,1,44939,59264543,0,actual_torque_pct,12
2026-10-09T10:49:44.920,1,44939,59264543,0,engine_rpm,972.000
2026-10-09T10:49:44.931,1,44946,59274492,0,actual_torque_pct,12
2026-10-09T10:49:44.931,1,44946,59274492,0,engine_rpm,973.000
2026-10-09T10:49:44.940,1,44955,59283864,39,vehicle_speed_kmh,0.000
2026-10-09T10:49:44.941,1,44957,59285024,0,actual_torque_pct,12
2026-10-09T10:49:44.941,1,44957,59285024,0,engine_rpm,973.000
2026-10-09T10:49:44.951,1,44964,59294529,0,actual_torque_pct,12
2026-10-09T10:49:44.951,1,44964,59294529,0,engine_rpm,973.000
2026-10-09T10:49:44.951,1,44965,59295116,0,engine_load_pct,25
2026-10-09T10:49:44.961,1,44971,59304782,0,actual_torque_pct,12
2026-10-09T10:49:44.961,1,44971,59304782,0,engine_rpm,973.000
2026-10-09T10:49:44.961,1,44972,59305386,0,fuel_rate_lph,5.70
2026-10-09T10:49:44.961,1,44972,59305386,0,fuel_econ_inst_kmpl,0.000
2026-10-09T10:49:44.970,1,44977,59314495,0,actual_torque_pct,12
2026-10-09T10:49:44.970,1,44977,59314495,0,engine_rpm,972.000
2026-10-09T10:49:44.980,1,44984,59324499,0,actual_torque_pct,12
2026-10-09T10:49:44.980,1,44984,59324499,0,engine_rpm,972.000
2026-10-09T10:49:44.983,1,44988,59327187,39,fuel_level_pct,1.2
2026-10-09T10:49:44.991,1,44997,59334954,0,actual_torque_pct,12
2026-10-09T10:49:44.991,1,44997,59334954,0,engine_rpm,973.000
2026-10-09T10:49:45.000,1,45004,59344494,0,actual_torque_pct,12
2026-10-09T10:49:45.000,1,45004,59344494,0,engine_rpm,973.000
2026-10-09T10:49:45.001,1,45005,59345073,0,engine_load_pct,25
2026-10-09T10:49:45.010,1,45010,59354461,0,actual_torque_pct,12
2026-10-09T10:49:45.010,1,45010,59354461,0,engine_rpm,973.000
2026-10-09T10:49:45.020,1,45015,59364485,0,actual_torque_pct,12
2026-10-09T10:49:45.020,1,45015,59364485,0,engine_rpm,973.000
2026-10-09T10:49:45.031,1,45024,59374484,0,actual_torque_pct,12
2026-10-09T10:49:45.031,1,45024,59374484,0,engine_rpm,972.000
2026-10-09T10:49:45.040,1,45033,59383857,39,vehicle_speed_kmh,0.000
2026-10-09T10:49:45.041,1,45035,59385025,0,actual_torque_pct,12
2026-10-09T10:49:45.041,1,45035,59385025,0,engine_rpm,972.000
2026-10-09T10:49:45.050,1,45042,59394444,0,actual_torque_pct,12
2026-10-09T10:49:45.050,1,45042,59394444,0,engine_rpm,972.000
2026-10-09T10:49:45.051,1,45043,59395029,0,engine_load_pct,25
2026-10-09T10:49:45.058,1,45049,59402629,0,boost_pressure_kpa,110
2026-10-09T10:49:45.058,1,45049,59402629,0,intake_manifold_temp_c,31
2026-10-09T10:49:45.061,1,45050,59404469,0,actual_torque_pct,12
2026-10-09T10:49:45.061,1,45050,59404469,0,engine_rpm,972.000
2026-10-09T10:49:45.061,1,45052,59405625,0,fuel_rate_lph,5.70
2026-10-09T10:49:45.061,1,45052,59405625,0,fuel_econ_inst_kmpl,0.000
2026-10-09T10:49:45.070,1,45057,59414458,0,actual_torque_pct,12
2026-10-09T10:49:45.070,1,45057,59414458,0,engine_rpm,973.000
2026-10-09T10:49:45.081,1,45064,59424424,0,actual_torque_pct,12
2026-10-09T10:49:45.081,1,45064,59424424,0,engine_rpm,973.000
2026-10-09T10:49:45.083,1,45068,59426738,39,fuel_level_pct,1.2
2026-10-09T10:49:45.090,1,45076,59434402,0,actual_torque_pct,12
2026-10-09T10:49:45.090,1,45076,59434402,0,engine_rpm,972.000
2026-10-09T10:49:45.100,1,45084,59444443,0,actual_torque_pct,12
2026-10-09T10:49:45.100,1,45084,59444443,0,engine_rpm,972.000
2026-10-09T10:49:45.101,1,45085,59445011,0,engine_load_pct,25
2026-10-09T10:49:45.111,1,45090,59454466,0,actual_torque_pct,12
2026-10-09T10:49:45.111,1,45090,59454466,0,engine_rpm,973.000
2026-10-09T10:49:45.120,1,45095,59464425,0,actual_torque_pct,12
2026-10-09T10:49:45.120,1,45095,59464425,0,engine_rpm,973.000
2026-10-09T10:49:45.131,1,45102,59474409,0,actual_torque_pct,12
2026-10-09T10:49:45.131,1,45102,59474409,0,engine_rpm,973.000
2026-10-09T10:49:45.140,1,45111,59483861,39,vehicle_speed_kmh,0.000
2026-10-09T10:49:45.140,1,45112,59484436,0,actual_torque_pct,12
2026-10-09T10:49:45.140,1,45112,59484436,0,engine_rpm,973.000
2026-10-09T10:49:45.150,1,45120,59494435,0,actual_torque_pct,12
2026-10-09T10:49:45.150,1,45120,59494435,0,engine_rpm,973.000
2026-10-09T10:49:45.151,1,45121,59495021,0,engine_load_pct,25
2026-10-09T10:49:45.156,1,45123,59499226,0,oil_pressure_kpa,572
2026-10-09T10:49:45.160,1,45128,59504709,0,actual_torque_pct,12
2026-10-09T10:49:45.160,1,45128,59504709,0,engine_rpm,973.000
2026-10-09T10:49:45.161,1,45129,59505307,0,fuel_rate_lph,5.70
2026-10-09T10:49:45.161,1,45129,59505307,0,fuel_econ_inst_kmpl,0.000
2026-10-09T10:49:45.170,1,45134,59514386,0,actual_torque_pct,12
2026-10-09T10:49:45.170,1,45134,59514386,0,engine_rpm,973.000
2026-10-09T10:49:45.181,1,45141,59524579,0,actual_torque_pct,12
2026-10-09T10:49:45.181,1,45141,59524579,0,engine_rpm,973.000
2026-10-09T10:49:45.190,1,45152,59534379,39,fuel_level_pct,1.2
2026-10-09T10:49:45.191,1,45154,59535499,0,actual_torque_pct,12
2026-10-09T10:49:45.191,1,45154,59535499,0,engine_rpm,974.000
2026-10-09T10:49:45.201,1,45161,59545138,0,actual_torque_pct,12
2026-10-09T10:49:45.201,1,45161,59545138,0,engine_rpm,974.000
2026-10-09T10:49:45.202,1,45162,59545722,0,engine_load_pct,25
2026-10-09T10:49:45.211,1,45167,59555587,0,actual_torque_pct,12
2026-10-09T10:49:45.211,1,45167,59555587,0,engine_rpm,974.000
2026-10-09T10:49:45.221,1,45172,59565656,0,actual_torque_pct,12
2026-10-09T10:49:45.221,1,45172,59565656,0,engine_rpm,974.000
2026-10-09T10:49:45.232,1,45180,59575825,0,actual_torque_pct,12
2026-10-09T10:49:45.232,1,45180,59575825,0,engine_rpm,974.000
2026-10-09T10:49:45.240,1,45188,59583844,39,vehicle_speed_kmh,0.000
2026-10-09T10:49:45.242,1,45192,59586249,0,actual_torque_pct,12
2026-10-09T10:49:45.242,1,45192,59586249,0,engine_rpm,974.000
2026-10-09T10:49:45.252,1,45197,59595743,0,actual_torque_pct,11
2026-10-09T10:49:45.252,1,45197,59595743,0,engine_rpm,974.000
2026-10-09T10:49:45.253,1,45198,59596328,0,engine_load_pct,23
2026-10-09T10:49:45.261,1,45204,59605546,0,actual_torque_pct,11
2026-10-09T10:49:45.261,1,45204,59605546,0,engine_rpm,974.000
2026-10-09T10:49:45.262,1,45205,59606121,0,fuel_rate_lph,5.35
2026-10-09T10:49:45.262,1,45205,59606121,0,fuel_econ_inst_kmpl,0.000
2026-10-09T10:49:45.271,1,45210,59615766,0,actual_torque_pct,11
2026-10-09T10:49:45.271,1,45210,59615766,0,engine_rpm,974.000
2026-10-09T10:49:45.281,1,45218,59625572,0,actual_torque_pct,11
2026-10-09T10:49:45.281,1,45218,59625572,0,engine_rpm,974.000
2026-10-09T10:49:45.284,1,45221,59628342,39,fuel_level_pct,1.2
2026-10-09T10:49:45.290,1,45229,59634358,0,actual_torque_pct,11
2026-10-09T10:49:45.290,1,45229,59634358,0,engine_rpm,973.000
2026-10-09T10:49:45.300,1,45237,59644330,0,actual_torque_pct,11
2026-10-09T10:49:45.300,1,45237,59644330,0,engine_rpm,973.000
2026-10-09T10:49:45.301,1,45238,59644913,0,engine_load_pct,23
2026-10-09T10:49:45.310,1,45243,59654320,0,actual_torque_pct,11
2026-10-09T10:49:45.310,1,45243,59654320,0,engine_rpm,972.000
2026-10-09T10:49:45.320,1,45249,59664303,0,actual_torque_pct,11
2026-10-09T10:49:45.320,1,45249,59664303,0,engine_rpm,972.000
2026-10-09T10:49:45.330,1,45256,59674282,0,actual_torque_pct,11
2026-10-09T10:49:45.330,1,45256,59674282,0,engine_rpm,972.000
2026-10-09T10:49:45.340,1,45265,59683874,39,vehicle_speed_kmh,0.000
2026-10-09T10:49:45.341,1,45266,59684434,0,actual_torque_pct,11
2026-10-09T10:49:45.341,1,45266,59684434,0,engine_rpm,971.000
2026-10-09T10:49:45.350,1,45274,59694327,0,actual_torque_pct,11
2026-10-09T10:49:45.350,1,45274,59694327,0,engine_rpm,971.000
2026-10-09T10:49:45.351,1,45275,59694904,0,engine_load_pct,23
2026-10-09T10:49:45.360,1,45283,59704306,0,actual_torque_pct,11
2026-10-09T10:49:45.360,1,45283,59704306,0,engine_rpm,971.000
2026-10-09T10:49:45.361,1,45284,59704881,0,fuel_rate_lph,5.30
2026-10-09T10:49:45.361,1,45284,59704881,0,fuel_econ_inst_kmpl,0.000
2026-10-09T10:49:45.370,1,45289,59714262,0,actual_torque_pct,11
2026-10-09T10:49:45.370,1,45289,59714262,0,engine_rpm,970.000
2026-10-09T10:49:45.380,1,45297,59724290,0,actual_torque_pct,11
2026-10-09T10:49:45.380,1,45297,59724290,0,engine_rpm,970.000
2026-10-09T10:49:45.384,1,45301,59728212,39,fuel_level_pct,1.2
2026-10-09T10:49:45.391,1,45309,59734359,0,actual_torque_pct,11
2026-10-09T10:49:45.391,1,45309,59734359,0,engine_rpm,970.000
2026-10-09T10:49:45.400,1,45318,59744313,0,actual_torque_pct,11
2026-10-09T10:49:45.400,1,45318,59744313,0,engine_rpm,970.000
2026-10-09T10:49:45.401,1,45319,59744916,0,engine_load_pct,23
2026-10-09T10:49:45.410,1,45324,59754229,0,actual_torque_pct,11
2026-10-09T10:49:45.410,1,45324,59754229,0,engine_rpm,969.000
2026-10-09T10:49:45.420,1,45329,59764264,0,actual_torque_pct,11
2026-10-09T10:49:45.420,1,45329,59764264,0,engine_rpm,969.000
2026-10-09T10:49:45.430,1,45336,59774266,0,actual_torque_pct,11
2026-10-09T10:49:45.430,1,45336,59774266,0,engine_rpm,968.000
2026-10-09T10:49:45.440,1,45345,59783863,39,vehicle_speed_kmh,0.000
2026-10-09T10:49:45.440,1,45346,59784449,0,actual_torque_pct,10
2026-10-09T10:49:45.440,1,45346,59784449,0,engine_rpm,969.000
2026-10-09T10:49:45.450,1,45354,59794241,0,actual_torque_pct,10
2026-10-09T10:49:45.450,1,45354,59794241,0,engine_rpm,968.000
2026-10-09T10:49:45.451,1,45355,59794819,0,engine_load_pct,21
2026-10-09T10:49:45.460,1,45361,59804297,0,actual_torque_pct,10
2026-10-09T10:49:45.460,1,45361,59804297,0,engine_rpm,967.000
2026-10-09T10:49:45.461,1,45362,59804883,0,fuel_rate_lph,4.95
2026-10-09T10:49:45.461,1,45362,59804883,0,fuel_econ_inst_kmpl,0.000
2026-10-09T10:49:45.470,1,45367,59814271,0,actual_torque_pct,10
2026-10-09T10:49:45.470,1,45367,59814271,0,engine_rpm,968.000
2026-10-09T10:49:45.480,1,45374,59824215,0,actual_torque_pct,10
2026-10-09T10:49:45.480,1,45374,59824215,0,engine_rpm,968.000
2026-10-09T10:49:45.484,1,45378,59828278,39,fuel_level_pct,1.2
2026-10-09T10:49:45.490,1,45386,59834363,0,actual_torque_pct,10
2026-10-09T10:49:45.490,1,45386,59834363,0,engine_rpm,967.000
2026-10-09T10:49:45.500,1,45394,59844231,0,actual_torque_pct,9
2026-10-09T10:49:45.500,1,45394,59844231,0,engine_rpm,966.000
2026-10-09T10:49:45.501,1,45395,59844817,0,engine_load_pct,19
2026-10-09T10:49:45.511,1,45400,59854219,0,actual_torque_pct,9
2026-10-09T10:49:45.511,1,45400,59854219,0,engine_rpm,966.000
2026-10-09T10:49:45.521,1,45405,59864487,0,actual_torque_pct,9
2026-10-09T10:49:45.521,1,45405,59864487,0,engine_rpm,965.000
2026-10-09T10:49:45.531,1,45412,59874693,0,actual_torque_pct,9
2026-10-09T10:49:45.531,1,45412,59874693,0,engine_rpm,964.000
2026-10-09T10:49:45.540,1,45421,59883856,39,vehicle_speed_kmh,0.000
2026-10-09T10:49:45.541,1,45424,59885580,0,actual_torque_pct,9
2026-10-09T10:49:45.541,1,45424,59885580,0,engine_rpm,963.000
2026-10-09T10:49:45.552,1,45430,59895539,0,actual_torque_pct,9
2026-10-09T10:49:45.552,1,45430,59895539,0,engine_rpm,963.000
2026-10-09T10:49:45.552,1,45431,59896126,0,engine_load_pct,19
2026-10-09T10:49:45.556,1,45434,59900230,0,boost_pressure_kpa,110
2026-10-09T10:49:45.556,1,45434,59900230,0,intake_manifold_temp_c,31
2026-10-09T10:49:45.561,1,45439,59905570,0,actual_torque_pct,9
2026-10-09T10:49:45.561,1,45439,59905570,0,engine_rpm,963.000
2026-10-09T10:49:45.563,1,45442,59907288,0,fuel_rate_lph,4.60
2026-10-09T10:49:45.563,1,45442,59907288,0,fuel_econ_inst_kmpl,0.000
2026-10-09T10:49:45.571,1,45447,59915509,0,actual_torque_pct,9
2026-10-09T10:49:45.571,1,45447,59915509,0,engine_rpm,963.000
2026-10-09T10:49:45.581,1,45455,59925606,0,actual_torque_pct,9
2026-10-09T10:49:45.581,1,45455,59925606,0,engine_rpm,963.000
2026-10-09T10:49:45.583,1,45458,59927357,39,fuel_level_pct,1.2
2026-10-09T10:49:45.591,1,45468,59935522,0,actual_torque_pct,8
2026-10-09T10:49:45.591,1,45468,59935522,0,engine_rpm,961.000
2026-10-09T10:49:45.601,1,45474,59944149,0,actual_torque_pct,8
2026-10-09T10:49:45.601,1,45474,59944149,0,engine_rpm,961.000
2026-10-09T10:49:45.602,1,45475,59944728,0,engine_load_pct,17
2026-10-09T10:49:45.611,1,45481,59954135,0,actual_torque_pct,8
2026-10-09T10:49:45.611,1,45481,59954135,0,engine_rpm,960.000
2026-10-09T10:49:45.620,1,45486,59964154,0,actual_torque_pct,8
2026-10-09T10:49:45.620,1,45486,59964154,0,engine_rpm,959.000
2026-10-09T10:49:45.630,1,45493,59974158,0,actual_torque_pct,8
2026-10-09T10:49:45.630,1,45493,59974158,0,engine_rpm,959.000
2026-10-09T10:49:45.641,1,45502,59983873,39,vehicle_speed_kmh,0.000
2026-10-09T10:49:45.641,1,45503,59984446,0,actual_torque_pct,8
2026-10-09T10:49:45.641,1,45503,59984446,0,engine_rpm,957.000
2026-10-09T10:49:45.650,1,45511,59994131,0,actual_torque_pct,7
2026-10-09T10:49:45.650,1,45511,59994131,0,engine_rpm,956.000
2026-10-09T10:49:45.651,1,45512,59994707,0,engine_load_pct,14
2026-10-09T10:49:45.656,1,45514,60000026,0,oil_pressure_kpa,568
2026-10-09T10:49:45.661,1,45519,60004462,0,actual_torque_pct,7
2026-10-09T10:49:45.661,1,45519,60004462,0,engine_rpm,954.000
2026-10-09T10:49:45.662,1,45522,60006192,0,fuel_rate_lph,4.20
2026-10-09T10:49:45.662,1,45522,60006192,0,fuel_econ_inst_kmpl,0.000
2026-10-09T10:49:45.670,1,45527,60014179,0,actual_torque_pct,7
2026-10-09T10:49:45.670,1,45527,60014179,0,engine_rpm,953.000
2026-10-09T10:49:45.680,1,45534,60024106,0,actual_torque_pct,7
2026-10-09T10:49:45.680,1,45534,60024106,0,engine_rpm,951.000
2026-10-09T10:49:45.683,1,45538,60027176,39,fuel_level_pct,1.2
2026-10-09T10:49:45.691,1,45547,60034356,0,actual_torque_pct,7
2026-10-09T10:49:45.691,1,45547,60034356,0,engine_rpm,951.000
2026-10-09T10:49:45.700,1,45555,60044098,0,actual_torque_pct,6
2026-10-09T10:49:45.700,1,45555,60044098,0,engine_rpm,950.000
2026-10-09T10:49:45.700,1,45556,60044677,0,engine_load_pct,12
2026-10-09T10:49:45.710,1,45562,60054110,0,actual_torque_pct,6
2026-10-09T10:49:45.710,1,45562,60054110,0,engine_rpm,947.000
2026-10-09T10:49:45.720,1,45569,60064112,0,actual_torque_pct,5
2026-10-09T10:49:45.720,1,45569,60064112,0,engine_rpm,946.000
2026-10-09T10:49:45.730,1,45576,60074058,0,actual_torque_pct,5
2026-10-09T10:49:45.730,1,45576,60074058,0,engine_rpm,944.000
2026-10-09T10:49:45.740,1,45585,60083861,39,vehicle_speed_kmh,0.000
2026-10-09T10:49:45.741,1,45587,60085035,0,actual_torque_pct,4
2026-10-09T10:49:45.741,1,45587,60085035,0,engine_rpm,942.000
2026-10-09T10:49:45.751,1,45594,60094915,0,actual_torque_pct,4
2026-10-09T10:49:45.751,1,45594,60094915,0,engine_rpm,940.000
2026-10-09T10:49:45.751,1,45595,60095491,0,engine_load_pct,8
2026-10-09T10:49:45.756,1,45597,60099543,0,coolant_temp_c,32
2026-10-09T10:49:45.756,1,45597,60099543,0,fuel_temp_c,31
2026-10-09T10:49:45.756,1,45597,60099543,0,oil_temp_c,33.09
2026-10-09T10:49:45.761,1,45602,60105267,0,actual_torque_pct,3
2026-10-09T10:49:45.761,1,45602,60105267,0,engine_rpm,938.000
2026-10-09T10:49:45.763,1,45605,60106978,0,fuel_rate_lph,2.05
2026-10-09T10:49:45.763,1,45605,60106978,0,fuel_econ_inst_kmpl,0.000
2026-10-09T10:49:45.772,1,45610,60115423,0,actual_torque_pct,3
2026-10-09T10:49:45.772,1,45610,60115423,0,engine_rpm,938.000
2026-10-09T10:49:45.781,1,45618,60125477,0,actual_torque_pct,3
2026-10-09T10:49:45.781,1,45618,60125477,0,engine_rpm,935.000
2026-10-09T10:49:45.783,1,45621,60127235,39,fuel_level_pct,1.2
2026-10-09T10:49:45.790,1,45629,60134402,0,actual_torque_pct,3
2026-10-09T10:49:45.790,1,45629,60134402,0,engine_rpm,933.000
2026-10-09T10:49:45.800,1,45637,60144054,0,actual_torque_pct,3
2026-10-09T10:49:45.800,1,45637,60144054,0,engine_rpm,929.000
2026-10-09T10:49:45.800,1,45638,60144639,0,engine_load_pct,6
2026-10-09T10:49:45.810,1,45644,60154064,0,actual_torque_pct,2
2026-10-09T10:49:45.810,1,45644,60154064,0,engine_rpm,925.000
2026-10-09T10:49:45.820,1,45651,60164049,0,actual_torque_pct,2
2026-10-09T10:49:45.820,1,45651,60164049,0,engine_rpm,922.000
2026-10-09T10:49:45.830,1,45658,60174053,0,actual_torque_pct,2
2026-10-09T10:49:45.830,1,45658,60174053,0,engine_rpm,919.000
2026-10-09T10:49:45.840,1,45667,60183895,39,vehicle_speed_kmh,0.000
2026-10-09T10:49:45.840,1,45668,60184469,0,actual_torque_pct,2
2026-10-09T10:49:45.840,1,45668,60184469,0,engine_rpm,915.000
2026-10-09T10:49:45.850,1,45676,60194023,0,actual_torque_pct,2
2026-10-09T10:49:45.850,1,45676,60194023,0,engine_rpm,912.000
2026-10-09T10:49:45.851,1,45677,60194620,0,engine_load_pct,4
2026-10-09T10:49:45.861,1,45685,60204075,0,actual_torque_pct,2
2026-10-09T10:49:45.861,1,45685,60204075,0,engine_rpm,909.000
2026-10-09T10:49:45.861,1,45687,60205230,0,fuel_rate_lph,0.95
2026-10-09T10:49:45.861,1,45687,60205230,0,fuel_econ_inst_kmpl,0.000
2026-10-09T10:49:45.871,1,45692,60214839,0,actual_torque_pct,2
2026-10-09T10:49:45.871,1,45692,60214839,0,engine_rpm,905.000
2026-10-09T10:49:45.872,1,45694,60215961,0,engine_hours,40.25
2026-10-09T10:49:45.881,1,45701,60225481,0,actual_torque_pct,2
2026-10-09T10:49:45.881,1,45701,60225481,0,engine_rpm,901.000
2026-10-09T10:49:45.883,1,45704,60227346,39,fuel_level_pct,1.2
2026-10-09T10:49:45.891,1,45714,60235607,0,actual_torque_pct,2
2026-10-09T10:49:45.891,1,45714,60235607,0,engine_rpm,901.000
2026-10-09T10:49:45.900,1,45720,60244026,0,actual_torque_pct,2
2026-10-09T10:49:45.900,1,45720,60244026,0,engine_rpm,897.000
2026-10-09T10:49:45.900,1,45721,60244606,0,engine_load_pct,4
2026-10-09T10:49:45.910,1,45726,60254010,0,actual_torque_pct,2
2026-10-09T10:49:45.910,1,45726,60254010,0,engine_rpm,894.000
2026-10-09T10:49:45.920,1,45731,60263972,0,actual_torque_pct,2
2026-10-09T10:49:45.920,1,45731,60263972,0,engine_rpm,890.000
2026-10-09T10:49:45.930,1,45738,60273939,0,actual_torque_pct,2
2026-10-09T10:49:45.930,1,45738,60273939,0,engine_rpm,885.000
2026-10-09T10:49:45.940,1,45747,60283856,39,vehicle_speed_kmh,0.000
2026-10-09T10:49:45.940,1,45748,60284431,0,actual_torque_pct,2
2026-10-09T10:49:45.940,1,45748,60284431,0,engine_rpm,880.000
2026-10-09T10:49:45.950,1,45756,60293992,0,actual_torque_pct,2
2026-10-09T10:49:45.950,1,45756,60293992,0,engine_rpm,876.000
2026-10-09T10:49:45.950,1,45757,60294572,0,engine_load_pct,4
2026-10-09T10:49:45.960,1,45763,60304472,0,actual_torque_pct,2
2026-10-09T10:49:45.960,1,45763,60304472,0,engine_rpm,873.000
2026-10-09T10:49:45.961,1,45764,60305081,0,fuel_rate_lph,0.90
2026-10-09T10:49:45.961,1,45764,60305081,0,fuel_econ_inst_kmpl,0.000
2026-10-09T10:49:45.972,1,45769,60315377,0,actual_torque_pct,2
2026-10-09T10:49:45.972,1,45769,60315377,0,engine_rpm,873.000
2026-10-09T10:49:45.980,1,45776,60323944,0,actual_torque_pct,2
2026-10-09T10:49:45.980,1,45776,60323944,0,engine_rpm,868.000
2026-10-09T10:49:45.984,1,45780,60327303,39,fuel_level_pct,1.2
2026-10-09T10:49:45.991,1,45788,60334369,0,actual_torque_pct,3
2026-10-09T10:49:45.991,1,45788,60334369,0,engine_rpm,865.000
2026-10-09T10:49:46.000,1,45796,60343943,0,actual_torque_pct,3
2026-10-09T10:49:46.000,1,45796,60343943,0,engine_rpm,862.000
2026-10-09T10:49:46.001,1,45797,60344530,0,engine_load_pct,6
2026-10-09T10:49:46.010,1,45802,60353905,0,actual_torque_pct,3
2026-10-09T10:49:46.010,1,45802,60353905,0,engine_rpm,857.000
2026-10-09T10:49:46.020,1,45807,60363916,0,actual_torque_pct,3
2026-10-09T10:49:46.020,1,45807,60363916,0,engine_rpm,853.000
2026-10-09T10:49:46.030,1,45816,60374428,0,actual_torque_pct,3
2026-10-09T10:49:46.030,1,45816,60374428,0,engine_rpm,849.000
2026-10-09T10:49:46.040,1,45825,60383873,39,vehicle_speed_kmh,0.000
2026-10-09T10:49:46.041,1,45828,60385582,0,actual_torque_pct,3
2026-10-09T10:49:46.041,1,45828,60385582,0,engine_rpm,849.000
2026-10-09T10:49:46.050,1,45834,60393912,0,actual_torque_pct,3
2026-10-09T10:49:46.050,1,45834,60393912,0,engine_rpm,846.000
2026-10-09T10:49:46.050,1,45835,60394494,0,engine_load_pct,6
2026-10-09T10:49:46.057,1,45837,60399812,0,boost_pressure_kpa,110
2026-10-09T10:49:46.057,1,45837,60399812,0,intake_manifold_temp_c,31
2026-10-09T10:49:46.060,1,45842,60403917,0,actual_torque_pct,3
2026-10-09T10:49:46.060,1,45842,60403917,0,engine_rpm,843.000
2026-10-09T10:49:46.061,1,45844,60405062,0,fuel_rate_lph,1.35
2026-10-09T10:49:46.061,1,45844,60405062,0,fuel_econ_inst_kmpl,0.000
2026-10-09T10:49:46.070,1,45849,60413925,0,actual_torque_pct,3
2026-10-09T10:49:46.070,1,45849,60413925,0,engine_rpm,840.000
2026-10-09T10:49:46.080,1,45856,60423920,0,actual_torque_pct,3
2026-10-09T10:49:46.080,1,45856,60423920,0,engine_rpm,836.000
2026-10-09T10:49:46.083,1,45860,60426229,39,fuel_level_pct,1.2
2026-10-09T10:49:46.090,1,45868,60434406,0,actual_torque_pct,3
2026-10-09T10:49:46.090,1,45868,60434406,0,engine_rpm,833.000
2026-10-09T10:49:46.101,1,45876,60445116,0,actual_torque_pct,3
2026-10-09T10:49:46.101,1,45876,60445116,0,engine_rpm,833.000
2026-10-09T10:49:46.102,1,45877,60445697,0,engine_load_pct,6
2026-10-09T10:49:46.110,1,45882,60453878,0,actual_torque_pct,3
2026-10-09T10:49:46.110,1,45882,60453878,0,engine_rpm,829.000
2026-10-09T10:49:46.120,1,45887,60463858,0,actual_torque_pct,3
2026-10-09T10:49:46.120,1,45887,60463858,0,engine_rpm,825.000
2026-10-09T10:49:46.130,1,45894,60473846,0,actual_torque_pct,3
2026-10-09T10:49:46.130,1,45894,60473846,0,engine_rpm,821.000
2026-10-09T10:49:46.140,1,45903,60483869,39,vehicle_speed_kmh,0.000
2026-10-09T10:49:46.141,1,45904,60484440,0,actual_torque_pct,4
2026-10-09T10:49:46.141,1,45904,60484440,0,engine_rpm,818.000
2026-10-09T10:49:46.151,1,45912,60495707,0,actual_torque_pct,4
2026-10-09T10:49:46.151,1,45912,60495707,0,engine_rpm,815.000
2026-10-09T10:49:46.152,1,45913,60496287,0,engine_load_pct,8
2026-10-09T10:49:46.159,1,45919,60502646,0,oil_pressure_kpa,516
2026-10-09T10:49:46.160,1,45920,60503884,0,actual_torque_pct,4
2026-10-09T10:49:46.160,1,45920,60503884,0,engine_rpm,815.000
2026-10-09T10:49:46.160,1,45921,60504493,0,fuel_rate_lph,1.75
2026-10-09T10:49:46.160,1,45921,60504493,0,fuel_econ_inst_kmpl,0.000
2026-10-09T10:49:46.170,1,45926,60513818,0,actual_torque_pct,4
2026-10-09T10:49:46.170,1,45926,60513818,0,engine_rpm,812.000
2026-10-09T10:49:46.180,1,45933,60523843,0,actual_torque_pct,4
2026-10-09T10:49:46.180,1,45933,60523843,0,engine_rpm,810.000
2026-10-09T10:49:46.190,1,45942,60533245,39,fuel_level_pct,1.2
2026-10-09T10:49:46.190,1,45944,60534378,0,actual_torque_pct,4
2026-10-09T10:49:46.190,1,45944,60534378,0,engine_rpm,807.000
2026-10-09T10:49:46.200,1,45953,60544489,0,actual_torque_pct,4
2026-10-09T10:49:46.200,1,45953,60544489,0,engine_rpm,805.000
2026-10-09T10:49:46.201,1,45954,60545070,0,engine_load_pct,8
2026-10-09T10:49:46.210,1,45959,60553805,0,actual_torque_pct,4
2026-10-09T10:49:46.210,1,45959,60553805,0,engine_rpm,805.000
2026-10-09T10:49:46.220,1,45964,60563833,0,actual_torque_pct,4
2026-10-09T10:49:46.220,1,45964,60563833,0,engine_rpm,803.000
2026-10-09T10:49:46.230,1,45971,60573839,0,actual_torque_pct,4
2026-10-09T10:49:46.230,1,45971,60573839,0,engine_rpm,801.000
2026-10-09T10:49:46.240,1,45980,60583871,0,actual_torque_pct,5
2026-10-09T10:49:46.240,1,45980,60583871,0,engine_rpm,799.000
2026-10-09T10:49:46.240,1,45981,60584456,39,vehicle_speed_kmh,0.000
2026-10-09T10:49:46.250,1,45989,60594632,0,actual_torque_pct,5
2026-10-09T10:49:46.250,1,45989,60594632,0,engine_rpm,797.000
2026-10-09T10:49:46.251,1,45990,60595212,0,engine_load_pct,10
2026-10-09T10:49:46.259,1,45996,60603760,0,actual_torque_pct,5
2026-10-09T10:49:46.259,1,45996,60603760,0,engine_rpm,797.000
2026-10-09T10:49:46.260,1,45997,60604361,0,fuel_rate_lph,2.20
2026-10-09T10:49:46.260,1,45997,60604361,0,fuel_econ_inst_kmpl,0.000
2026-10-09T10:49:46.270,1,46002,60613799,0,actual_torque_pct,5
2026-10-09T10:49:46.270,1,46002,60613799,0,engine_rpm,795.000
2026-10-09T10:49:46.279,1,46009,60623762,0,actual_torque_pct,5
2026-10-09T10:49:46.279,1,46009,60623762,0,engine_rpm,793.000
2026-10-09T10:49:46.283,1,46013,60627473,39,fuel_level_pct,1.2
2026-10-09T10:49:46.290,1,46020,60633774,0,actual_torque_pct,5
2026-10-09T10:49:46.290,1,46020,60633774,0,engine_rpm,791.000
2026-10-09T10:49:46.301,1,46029,60645733,0,actual_torque_pct,5
2026-10-09T10:49:46.301,1,46029,60645733,0,engine_rpm,789.000
2026-10-09T10:49:46.302,1,46030,60646315,0,engine_load_pct,10
2026-10-09T10:49:46.309,1,46035,60653755,0,actual_torque_pct,5
2026-10-09T10:49:46.309,1,46035,60653755,0,engine_rpm,789.000
2026-10-09T10:49:46.319,1,46041,60663745,0,actual_torque_pct,5
2026-10-09T10:49:46.319,1,46041,60663745,0,engine_rpm,787.000
2026-10-09T10:49:46.330,1,46048,60673850,0,actual_torque_pct,5
2026-10-09T10:49:46.330,1,46048,60673850,0,engine_rpm,785.000
2026-10-09T10:49:46.340,1,46057,60683881,0,actual_torque_pct,5
2026-10-09T10:49:46.340,1,46057,60683881,0,engine_rpm,784.000
2026-10-09T10:49:46.341,1,46058,60684456,39,vehicle_speed_kmh,0.000
2026-10-09T10:49:46.351,1,46066,60695109,0,actual_torque_pct,5
2026-10-09T10:49:46.351,1,46066,60695109,0,engine_rpm,784.000
2026-10-09T10:49:46.352,1,46067,60695693,0,engine_load_pct,10
2026-10-09T10:49:46.360,1,46075,60703724,0,actual_torque_pct,5
2026-10-09T10:49:46.360,1,46075,60703724,0,engine_rpm,782.000
2026-10-09T10:49:46.360,1,46076,60704309,0,fuel_rate_lph,2.10
2026-10-09T10:49:46.360,1,46076,60704309,0,fuel_econ_inst_kmpl,0.000
2026-10-09T10:49:46.369,1,46081,60713726,0,actual_torque_pct,5
2026-10-09T10:49:46.369,1,46081,60713726,0,engine_rpm,781.000
2026-10-09T10:49:46.379,1,46089,60723709,0,actual_torque_pct,5
2026-10-09T10:49:46.379,1,46089,60723709,0,engine_rpm,780.000
2026-10-09T10:49:46.383,1,46093,60727498,39,fuel_level_pct,1.2
2026-10-09T10:49:46.391,1,46102,60734942,0,actual_torque_pct,5
2026-10-09T10:49:46.391,1,46102,60734942,0,engine_rpm,779.000
2026-10-09T10:49:46.399,1,46110,60743753,0,actual_torque_pct,5
2026-10-09T10:49:46.399,1,46110,60743753,0,engine_rpm,779.000
2026-10-09T10:49:46.400,1,46111,60744339,0,engine_load_pct,10
2026-10-09T10:49:46.409,1,46116,60753684,0,actual_torque_pct,6
2026-10-09T10:49:46.409,1,46116,60753684,0,engine_rpm,778.000
2026-10-09T10:49:46.419,1,46121,60763711,0,actual_torque_pct,6
2026-10-09T10:49:46.419,1,46121,60763711,0,engine_rpm,777.000
2026-10-09T10:49:46.429,1,46128,60773714,0,actual_torque_pct,6
2026-10-09T10:49:46.429,1,46128,60773714,0,engine_rpm,775.000
2026-10-09T10:49:46.440,1,46137,60783862,39,vehicle_speed_kmh,0.000
2026-10-09T10:49:46.441,1,46140,60785583,0,actual_torque_pct,6
2026-10-09T10:49:46.441,1,46140,60785583,0,engine_rpm,775.000
2026-10-09T10:49:46.449,1,46146,60793670,0,actual_torque_pct,6
2026-10-09T10:49:46.449,1,46146,60793670,0,engine_rpm,774.000
2026-10-09T10:49:46.451,1,46147,60794247,0,engine_load_pct,12
2026-10-09T10:49:46.459,1,46153,60803744,0,actual_torque_pct,6
2026-10-09T10:49:46.459,1,46153,60803744,0,engine_rpm,772.000
2026-10-09T10:49:46.460,1,46154,60804324,0,fuel_rate_lph,2.55
2026-10-09T10:49:46.460,1,46154,60804324,0,fuel_econ_inst_kmpl,0.000
2026-10-09T10:49:46.469,1,46159,60813676,0,actual_torque_pct,6
2026-10-09T10:49:46.469,1,46159,60813676,0,engine_rpm,771.000
2026-10-09T10:49:46.481,1,46166,60824970,0,actual_torque_pct,6
2026-10-09T10:49:46.481,1,46166,60824970,0,engine_rpm,771.000
2026-10-09T10:49:46.483,1,46170,60827522,39,fuel_level_pct,1.2
2026-10-09T10:49:46.490,1,46177,60833788,0,actual_torque_pct,6
2026-10-09T10:49:46.490,1,46177,60833788,0,engine_rpm,771.000
2026-10-09T10:49:46.499,1,46186,60843650,0,actual_torque_pct,6
2026-10-09T10:49:46.499,1,46186,60843650,0,engine_rpm,769.000
2026-10-09T10:49:46.500,1,46187,60844232,0,engine_load_pct,13
2026-10-09T10:49:46.509,1,46192,60853650,0,actual_torque_pct,6
2026-10-09T10:49:46.509,1,46192,60853650,0,engine_rpm,768.000
2026-10-09T10:49:46.520,1,46197,60864003,0,actual_torque_pct,6
2026-10-09T10:49:46.520,1,46197,60864003,0,engine_rpm,767.000
2026-10-09T10:49:46.529,1,46204,60873679,0,actual_torque_pct,6
2026-10-09T10:49:46.529,1,46204,60873679,0,engine_rpm,767.000
2026-10-09T10:49:46.540,1,46213,60883869,0,actual_torque_pct,6
2026-10-09T10:49:46.540,1,46213,60883869,0,engine_rpm,766.000
2026-10-09T10:49:46.541,1,46214,60884444,39,vehicle_speed_kmh,0.000
2026-10-09T10:49:46.549,1,46222,60893695,0,actual_torque_pct,6
2026-10-09T10:49:46.549,1,46222,60893695,0,engine_rpm,766.000
2026-10-09T10:49:46.550,1,46223,60894276,0,engine_load_pct,13
2026-10-09T10:49:46.555,1,46226,60898437,0,boost_pressure_kpa,110
2026-10-09T10:49:46.555,1,46226,60898437,0,intake_manifold_temp_c,31
2026-10-09T10:49:46.559,1,46231,60903645,0,actual_torque_pct,6
2026-10-09T10:49:46.559,1,46231,60903645,0,engine_rpm,765.000
2026-10-09T10:49:46.561,1,46234,60905355,0,fuel_rate_lph,2.50
2026-10-09T10:49:46.561,1,46234,60905355,0,fuel_econ_inst_kmpl,0.000
2026-10-09T10:49:46.571,1,46239,60915100,0,actual_torque_pct,6
2026-10-09T10:49:46.571,1,46239,60915100,0,engine_rpm,765.000
2026-10-09T10:49:46.580,1,46246,60923603,0,actual_torque_pct,6
2026-10-09T10:49:46.580,1,46246,60923603,0,engine_rpm,763.000
2026-10-09T10:49:46.582,1,46250,60926108,39,fuel_level_pct,1.2
2026-10-09T10:49:46.590,1,46257,60933801,0,actual_torque_pct,6
2026-10-09T10:49:46.590,1,46257,60933801,0,engine_rpm,762.000
2026-10-09T10:49:46.599,1,46266,60943577,0,actual_torque_pct,6
2026-10-09T10:49:46.599,1,46266,60943577,0,engine_rpm,761.000
2026-10-09T10:49:46.600,1,46267,60944163,0,engine_load_pct,13
2026-10-09T10:49:46.612,1,46273,60955567,0,actual_torque_pct,6
2026-10-09T10:49:46.612,1,46273,60955567,0,engine_rpm,761.000
2026-10-09T10:49:46.619,1,46278,60963591,0,actual_torque_pct,6
2026-10-09T10:49:46.619,1,46278,60963591,0,engine_rpm,760.000
2026-10-09T10:49:46.629,1,46285,60973583,0,actual_torque_pct,6
2026-10-09T10:49:46.629,1,46285,60973583,0,engine_rpm,758.000
2026-10-09T10:49:46.640,1,46294,60983888,0,actual_torque_pct,6
2026-10-09T10:49:46.640,1,46294,60983888,0,engine_rpm,757.000
2026-10-09T10:49:46.640,1,46295,60984470,39,vehicle_speed_kmh,0.000
2026-10-09T10:49:46.651,1,46303,60995005,0,actual_torque_pct,6
2026-10-09T10:49:46.651,1,46303,60995005,0,engine_rpm,757.000
2026-10-09T10:49:46.651,1,46304,60995590,0,engine_load_pct,13
2026-10-09T10:49:46.656,1,46306,60999654,0,oil_pressure_kpa,500
2026-10-09T10:49:46.660,1,46311,61003588,0,actual_torque_pct,6
2026-10-09T10:49:46.660,1,46311,61003588,0,engine_rpm,757.000
2026-10-09T10:49:46.661,1,46314,61005308,0,fuel_rate_lph,2.50
2026-10-09T10:49:46.661,1,46314,61005308,0,fuel_econ_inst_kmpl,0.000
2026-10-09T10:49:46.669,1,46319,61013563,0,actual_torque_pct,6
2026-10-09T10:49:46.669,1,46319,61013563,0,engine_rpm,756.000
2026-10-09T10:49:46.679,1,46326,61023535,0,actual_torque_pct,7
2026-10-09T10:49:46.679,1,46326,61023535,0,engine_rpm,755.000
2026-10-09T10:49:46.683,1,46330,61027524,39,fuel_level_pct,1.2
2026-10-09T10:49:46.692,1,46340,61034949,0,actual_torque_pct,7
2026-10-09T10:49:46.692,1,46340,61034949,0,engine_rpm,754.000
2026-10-09T10:49:46.699,1,46347,61043521,0,actual_torque_pct,7
2026-10-09T10:49:46.699,1,46347,61043521,0,engine_rpm,754.000
2026-10-09T10:49:46.700,1,46348,61044122,0,engine_load_pct,15
2026-10-09T10:49:46.709,1,46354,61053545,0,actual_torque_pct,7
2026-10-09T10:49:46.709,1,46354,61053545,0,engine_rpm,754.000
2026-10-09T10:49:46.719,1,46361,61063513,0,actual_torque_pct,7
2026-10-09T10:49:46.719,1,46361,61063513,0,engine_rpm,753.000
2026-10-09T10:49:46.731,1,46368,61074870,0,actual_torque_pct,7
2026-10-09T10:49:46.731,1,46368,61074870,0,engine_rpm,752.000
2026-10-09T10:49:46.740,1,46377,61083868,0,actual_torque_pct,7
2026-10-09T10:49:46.740,1,46377,61083868,0,engine_rpm,752.000
2026-10-09T10:49:46.741,1,46378,61084441,39,vehicle_speed_kmh,0.000
2026-10-09T10:49:46.749,1,46386,61093566,0,actual_torque_pct,7
2026-10-09T10:49:46.749,1,46386,61093566,0,engine_rpm,752.000
2026-10-09T10:49:46.750,1,46387,61094153,0,engine_load_pct,15
2026-10-09T10:49:46.756,1,46389,61099782,0,coolant_temp_c,32
2026-10-09T10:49:46.756,1,46389,61099782,0,fuel_temp_c,31
2026-10-09T10:49:46.756,1,46389,61099782,0,oil_temp_c,33.19
2026-10-09T10:49:46.759,1,46394,61103594,0,actual_torque_pct,8
2026-10-09T10:49:46.759,1,46394,61103594,0,engine_rpm,752.000
2026-10-09T10:49:46.761,1,46397,61105305,0,fuel_rate_lph,2.90
2026-10-09T10:49:46.761,1,46397,61105305,0,fuel_econ_inst_kmpl,0.000
2026-10-09T10:49:46.771,1,46402,61115321,0,actual_torque_pct,8
2026-10-09T10:49:46.771,1,46402,61115321,0,engine_rpm,750.000
2026-10-09T10:49:46.779,1,46409,61123500,0,actual_torque_pct,8
2026-10-09T10:49:46.779,1,46409,61123500,0,engine_rpm,750.000
2026-10-09T10:49:46.784,1,46413,61127576,39,fuel_level_pct,1.2
2026-10-09T10:49:46.790,1,46420,61133794,0,actual_torque_pct,8
2026-10-09T10:49:46.790,1,46420,61133794,0,engine_rpm,749.000
2026-10-09T10:49:46.799,1,46429,61143493,0,actual_torque_pct,8
2026-10-09T10:49:46.799,1,46429,61143493,0,engine_rpm,749.000
2026-10-09T10:49:46.800,1,46430,61144074,0,engine_load_pct,17
2026-10-09T10:49:46.810,1,46436,61154766,0,actual_torque_pct,8
2026-10-09T10:49:46.810,1,46436,61154766,0,engine_rpm,749.000
2026-10-09T10:49:46.819,1,46443,61163456,0,actual_torque_pct,8
2026-10-09T10:49:46.819,1,46443,61163456,0,engine_rpm,749.000
2026-10-09T10:49:46.829,1,46450,61173497,0,actual_torque_pct,9
2026-10-09T10:49:46.829,1,46450,61173497,0,engine_rpm,749.000
2026-10-09T10:49:46.840,1,46459,61183912,0,actual_torque_pct,9
2026-10-09T10:49:46.840,1,46459,61183912,0,engine_rpm,748.000
2026-10-09T10:49:46.840,1,46460,61184466,39,vehicle_speed_kmh,0.000
2026-10-09T10:49:46.850,1,46468,61194745,0,actual_torque_pct,9
2026-10-09T10:49:46.850,1,46468,61194745,0,engine_rpm,748.000
2026-10-09T10:49:46.851,1,46469,61195330,0,engine_load_pct,19
2026-10-09T10:49:46.860,1,46477,61203816,0,actual_torque_pct,9
2026-10-09T10:49:46.860,1,46477,61203816,0,engine_rpm,748.000
2026-10-09T10:49:46.861,1,46479,61204962,0,fuel_rate_lph,3.70
2026-10-09T10:49:46.861,1,46479,61204962,0,fuel_econ_inst_kmpl,0.000
2026-10-09T10:49:46.869,1,46484,61213482,0,actual_torque_pct,10
2026-10-09T10:49:46.869,1,46484,61213482,0,engine_rpm,748.000
2026-10-09T10:49:46.870,1,46486,61214601,0,engine_hours,40.25
2026-10-09T10:49:46.879,1,46492,61223431,0,actual_torque_pct,10
2026-10-09T10:49:46.879,1,46492,61223431,0,engine_rpm,747.000
2026-10-09T10:49:46.884,1,46496,61228241,39,fuel_level_pct,1.2
2026-10-09T10:49:46.891,1,46505,61234965,0,actual_torque_pct,10
2026-10-09T10:49:46.891,1,46505,61234965,0,engine_rpm,747.000
2026-10-09T10:49:46.899,1,46512,61243431,0,actual_torque_pct,10
2026-10-09T10:49:46.899,1,46512,61243431,0,engine_rpm,747.000
2026-10-09T10:49:46.900,1,46513,61244018,0,engine_load_pct,22
2026-10-09T10:49:46.909,1,46518,61253440,0,actual_torque_pct,11
2026-10-09T10:49:46.909,1,46518,61253440,0,engine_rpm,748.000
2026-10-09T10:49:46.919,1,46523,61263419,0,actual_torque_pct,12
2026-10-09T10:49:46.919,1,46523,61263419,0,engine_rpm,749.000
2026-10-09T10:49:46.931,1,46531,61275597,0,actual_torque_pct,12
2026-10-09T10:49:46.931,1,46531,61275597,0,engine_rpm,749.000
2026-10-09T10:49:46.940,1,46539,61283878,0,actual_torque_pct,12
2026-10-09T10:49:46.940,1,46539,61283878,0,engine_rpm,747.000
2026-10-09T10:49:46.940,1,46540,61284458,39,vehicle_speed_kmh,0.000
2026-10-09T10:49:46.949,1,46548,61293443,0,actual_torque_pct,13
2026-10-09T10:49:46.949,1,46548,61293443,0,engine_rpm,747.000
2026-10-09T10:49:46.950,1,46549,61294026,0,engine_load_pct,28
2026-10-09T10:49:46.959,1,46555,61303403,0,actual_torque_pct,14
2026-10-09T10:49:46.959,1,46555,61303403,0,engine_rpm,748.000
2026-10-09T10:49:46.960,1,46556,61303982,0,fuel_rate_lph,5.00
2026-10-09T10:49:46.960,1,46556,61303982,0,fuel_econ_inst_kmpl,0.000
2026-10-09T10:49:46.971,1,46561,61314830,0,actual_torque_pct,14
2026-10-09T10:49:46.971,1,46561,61314830,0,engine_rpm,748.000
2026-10-09T10:49:46.979,1,46568,61323381,0,actual_torque_pct,14
2026-10-09T10:49:46.979,1,46568,61323381,0,engine_rpm,750.000
2026-10-09T10:49:46.984,1,46572,61328266,39,fuel_level_pct,1.2
2026-10-09T10:49:46.990,1,46579,61333801,0,actual_torque_pct,15
2026-10-09T10:49:46.990,1,46579,61333801,0,engine_rpm,751.000
2026-10-09T10:49:46.999,1,46588,61343380,0,actual_torque_pct,15
2026-10-09T10:49:46.999,1,46588,61343380,0,engine_rpm,753.000
2026-10-09T10:49:47.000,1,46589,61343959,0,engine_load_pct,33
2026-10-09T10:49:47.010,1,46594,61354575,0,actual_torque_pct,15
2026-10-09T10:49:47.010,1,46594,61354575,0,engine_rpm,756.000
2026-10-09T10:49:47.019,1,46599,61363353,0,actual_torque_pct,15
2026-10-09T10:49:47.019,1,46599,61363353,0,engine_rpm,756.000
2026-10-09T10:49:47.029,1,46608,61373384,0,actual_torque_pct,15
2026-10-09T10:49:47.029,1,46608,61373384,0,engine_rpm,760.000
2026-10-09T10:49:47.040,1,46617,61383865,0,actual_torque_pct,15
2026-10-09T10:49:47.040,1,46617,61383865,0,engine_rpm,761.000
2026-10-09T10:49:47.041,1,46618,61384434,39,vehicle_speed_kmh,0.000
2026-10-09T10:49:47.050,1,46626,61394036,0,actual_torque_pct,15
2026-10-09T10:49:47.050,1,46626,61394036,0,engine_rpm,762.000
2026-10-09T10:49:47.051,1,46627,61394620,0,engine_load_pct,33
2026-10-09T10:49:47.054,1,46629,61398651,0,boost_pressure_kpa,108
2026-10-09T10:49:47.054,1,46629,61398651,0,intake_manifold_temp_c,31
2026-10-09T10:49:47.059,1,46634,61403567,0,actual_torque_pct,15
2026-10-09T10:49:47.059,1,46634,61403567,0,engine_rpm,762.000
2026-10-09T10:49:47.061,1,46636,61404711,0,fuel_rate_lph,6.35
2026-10-09T10:49:47.061,1,46636,61404711,0,fuel_econ_inst_kmpl,0.000
2026-10-09T10:49:47.069,1,46641,61413352,0,actual_torque_pct,16
2026-10-09T10:49:47.069,1,46641,61413352,0,engine_rpm,765.000
2026-10-09T10:49:47.079,1,46648,61423342,0,actual_torque_pct,16
2026-10-09T10:49:47.079,1,46648,61423342,0,engine_rpm,768.000
2026-10-09T10:49:47.084,1,46652,61428293,39,fuel_level_pct,1.2
2026-10-09T10:49:47.090,1,46659,61433805,0,actual_torque_pct,16
2026-10-09T10:49:47.090,1,46659,61433805,0,engine_rpm,769.000
2026-10-09T10:49:47.100,1,46668,61444755,0,actual_torque_pct,16
2026-10-09T10:49:47.100,1,46668,61444755,0,engine_rpm,769.000
2026-10-09T10:49:47.101,1,46669,61445342,0,engine_load_pct,35
2026-10-09T10:49:47.109,1,46674,61453346,0,actual_torque_pct,16
2026-10-09T10:49:47.109,1,46674,61453346,0,engine_rpm,771.000
2026-10-09T10:49:47.119,1,46679,61463329,0,actual_torque_pct,16
2026-10-09T10:49:47.119,1,46679,61463329,0,engine_rpm,774.000
2026-10-09T10:49:47.129,1,46686,61473294,0,actual_torque_pct,16
2026-10-09T10:49:47.129,1,46686,61473294,0,engine_rpm,777.000
2026-10-09T10:49:47.140,1,46695,61483867,39,vehicle_speed_kmh,0.000
2026-10-09T10:49:47.141,1,46696,61484436,0,actual_torque_pct,15
2026-10-09T10:49:47.141,1,46696,61484436,0,engine_rpm,780.000
2026-10-09T10:49:47.149,1,46704,61493323,0,actual_torque_pct,15
2026-10-09T10:49:47.149,1,46704,61493323,0,engine_rpm,780.000
2026-10-09T10:49:47.150,1,46705,61493908,0,engine_load_pct,32
2026-10-09T10:49:47.155,1,46707,61499562,0,oil_pressure_kpa,504
2026-10-09T10:49:47.159,1,46712,61503329,0,actual_torque_pct,15
2026-10-09T10:49:47.159,1,46712,61503329,0,engine_rpm,784.000
2026-10-09T10:49:47.160,1,46713,61503909,0,fuel_rate_lph,6.45
2026-10-09T10:49:47.160,1,46713,61503909,0,fuel_econ_inst_kmpl,0.000
2026-10-09T10:49:47.169,1,46718,61513282,0,actual_torque_pct,15
2026-10-09T10:49:47.169,1,46718,61513282,0,engine_rpm,787.000
2026-10-09T10:49:47.179,1,46725,61523292,0,actual_torque_pct,15
2026-10-09T10:49:47.179,1,46725,61523292,0,engine_rpm,791.000
2026-10-09T10:49:47.190,1,46736,61534391,39,fuel_level_pct,1.2
2026-10-09T10:49:47.191,1,46737,61534958,0,actual_torque_pct,15
2026-10-09T10:49:47.191,1,46737,61534958,0,engine_rpm,791.000
2026-10-09T10:49:47.199,1,46745,61543299,0,actual_torque_pct,15
2026-10-09T10:49:47.199,1,46745,61543299,0,engine_rpm,793.000
2026-10-09T10:49:47.200,1,46746,61543885,0,engine_load_pct,32
2026-10-09T10:49:47.209,1,46751,61553258,0,actual_torque_pct,15
2026-10-09T10:49:47.209,1,46751,61553258,0,engine_rpm,795.000
2026-10-09T10:49:47.219,1,46756,61563286,0,actual_torque_pct,15
2026-10-09T10:49:47.219,1,46756,61563286,0,engine_rpm,797.000
2026-10-09T10:49:47.229,1,46763,61573273,0,actual_torque_pct,15
2026-10-09T10:49:47.229,1,46763,61573273,0,engine_rpm,800.000
2026-10-09T10:49:47.240,1,46772,61583867,39,vehicle_speed_kmh,0.000
2026-10-09T10:49:47.241,1,46775,61585581,0,actual_torque_pct,15
2026-10-09T10:49:47.241,1,46775,61585581,0,engine_rpm,800.000
2026-10-09T10:49:47.249,1,46781,61593270,0,actual_torque_pct,15
2026-10-09T10:49:47.249,1,46781,61593270,0,engine_rpm,802.000
2026-10-09T10:49:47.250,1,46782,61593868,0,engine_load_pct,32
2026-10-09T10:49:47.259,1,46788,61603311,0,actual_torque_pct,15
2026-10-09T10:49:47.259,1,46788,61603311,0,engine_rpm,804.000
2026-10-09T10:49:47.260,1,46789,61603910,0,fuel_rate_lph,6.50
2026-10-09T10:49:47.260,1,46789,61603910,0,fuel_econ_inst_kmpl,0.000
2026-10-09T10:49:47.269,1,46794,61613278,0,actual_torque_pct,15
2026-10-09T10:49:47.269,1,46794,61613278,0,engine_rpm,807.000
2026-10-09T10:49:47.279,1,46801,61623298,0,actual_torque_pct,15
2026-10-09T10:49:47.279,1,46801,61623298,0,engine_rpm,810.000
2026-10-09T10:49:47.284,1,46805,61628383,39,fuel_level_pct,1.2
2026-10-09T10:49:47.290,1,46813,61634350,0,actual_torque_pct,15
2026-10-09T10:49:47.290,1,46813,61634350,0,engine_rpm,812.000
2026-10-09T10:49:47.301,1,46821,61644668,0,actual_torque_pct,15
2026-10-09T10:49:47.301,1,46821,61644668,0,engine_rpm,812.000
2026-10-09T10:49:47.302,1,46822,61645268,0,engine_load_pct,32
2026-10-09T10:49:47.309,1,46827,61653251,0,actual_torque_pct,14
2026-10-09T10:49:47.309,1,46827,61653251,0,engine_rpm,815.000
2026-10-09T10:49:47.319,1,46833,61663238,0,actual_torque_pct,14
2026-10-09T10:49:47.319,1,46833,61663238,0,engine_rpm,818.000
2026-10-09T10:49:47.330,1,46840,61673224,0,actual_torque_pct,14
2026-10-09T10:49:47.330,1,46840,61673224,0,engine_rpm,821.000
2026-10-09T10:49:47.339,1,46848,61683291,0,actual_torque_pct,14
2026-10-09T10:49:47.339,1,46848,61683291,0,engine_rpm,823.000
2026-10-09T10:49:47.340,1,46850,61684443,39,vehicle_speed_kmh,0.000
2026-10-09T10:49:47.351,1,46858,61694772,0,actual_torque_pct,14
2026-10-09T10:49:47.351,1,46858,61694772,0,engine_rpm,823.000
2026-10-09T10:49:47.352,1,46859,61695353,0,engine_load_pct,30
2026-10-09T10:49:47.361,1,46867,61703629,0,actual_torque_pct,14
2026-10-09T10:49:47.361,1,46867,61703629,0,engine_rpm,824.000
2026-10-09T10:49:47.361,1,46868,61704219,0,fuel_rate_lph,6.05
2026-10-09T10:49:47.361,1,46868,61704219,0,fuel_econ_inst_kmpl,0.000
2026-10-09T10:49:47.370,1,46873,61713214,0,actual_torque_pct,14
2026-10-09T10:49:47.370,1,46873,61713214,0,engine_rpm,826.000
2026-10-09T10:49:47.379,1,46881,61723276,0,actual_torque_pct,14
2026-10-09T10:49:47.379,1,46881,61723276,0,engine_rpm,827.000
2026-10-09T10:49:47.386,1,46885,61728345,39,fuel_level_pct,1.2
2026-10-09T10:49:47.390,1,46892,61733790,0,actual_torque_pct,14
2026-10-09T10:49:47.390,1,46892,61733790,0,engine_rpm,829.000
2026-10-09T10:49:47.399,1,46902,61743276,0,actual_torque_pct,14
2026-10-09T10:49:47.399,1,46902,61743276,0,engine_rpm,830.000
2026-10-09T10:49:47.400,1,46903,61743854,0,engine_load_pct,30
2026-10-09T10:49:47.410,1,46908,61754432,0,actual_torque_pct,14
2026-10-09T10:49:47.410,1,46908,61754432,0,engine_rpm,830.000
2026-10-09T10:49:47.419,1,46913,61763188,0,actual_torque_pct,14
2026-10-09T10:49:47.419,1,46913,61763188,0,engine_rpm,831.000
2026-10-09T10:49:47.429,1,46920,61773196,0,actual_torque_pct,14
2026-10-09T10:49:47.429,1,46920,61773196,0,engine_rpm,833.000
2026-10-09T10:49:47.439,1,46928,61783301,0,actual_torque_pct,14
2026-10-09T10:49:47.439,1,46928,61783301,0,engine_rpm,834.000
2026-10-09T10:49:47.441,1,46930,61784448,39,vehicle_speed_kmh,0.000
2026-10-09T10:49:47.450,1,46938,61793144,0,actual_torque_pct,14
2026-10-09T10:49:47.450,1,46938,61793144,0,engine_rpm,836.000
2026-10-09T10:49:47.450,1,46939,61793724,0,engine_load_pct,30
2026-10-09T10:49:47.460,1,46945,61803482,0,actual_torque_pct,14
2026-10-09T10:49:47.460,1,46945,61803482,0,engine_rpm,836.000
2026-10-09T10:49:47.462,1,46946,61804061,0,fuel_rate_lph,6.00
2026-10-09T10:49:47.462,1,46946,61804061,0,fuel_econ_inst_kmpl,0.000
2026-10-09T10:49:47.471,1,46951,61814621,0,actual_torque_pct,14
2026-10-09T10:49:47.471,1,46951,61814621,0,engine_rpm,836.000
2026-10-09T10:49:47.479,1,46958,61823156,0,actual_torque_pct,14
2026-10-09T10:49:47.479,1,46958,61823156,0,engine_rpm,838.000
2026-10-09T10:49:47.482,1,46962,61826412,39,fuel_level_pct,1.2
2026-10-09T10:49:47.489,1,46968,61833215,0,actual_torque_pct,14
2026-10-09T10:49:47.489,1,46968,61833215,0,engine_rpm,841.000
2026-10-09T10:49:47.499,1,46978,61843156,0,actual_torque_pct,14
2026-10-09T10:49:47.499,1,46978,61843156,0,engine_rpm,843.000
2026-10-09T10:49:47.500,1,46979,61843741,0,engine_load_pct,30
2026-10-09T10:49:47.509,1,46984,61853167,0,actual_torque_pct,14
2026-10-09T10:49:47.509,1,46984,61853167,0,engine_rpm,844.000
2026-10-09T10:49:47.520,1,46989,61863115,0,actual_torque_pct,14
2026-10-09T10:49:47.520,1,46989,61863115,0,engine_rpm,845.000
2026-10-09T10:49:47.531,1,46996,61874625,0,actual_torque_pct,14
2026-10-09T10:49:47.531,1,46996,61874625,0,engine_rpm,847.000
2026-10-09T10:49:47.540,1,47005,61883875,39,vehicle_speed_kmh,0.000
2026-10-09T10:49:47.541,1,47007,61885031,0,actual_torque_pct,14
2026-10-09T10:49:47.541,1,47007,61885031,0,engine_rpm,847.000
2026-10-09T10:49:47.549,1,47014,61893209,0,actual_torque_pct,15
2026-10-09T10:49:47.549,1,47014,61893209,0,engine_rpm,849.000
2026-10-09T10:49:47.550,1,47015,61893793,0,engine_load_pct,32
2026-10-09T10:49:47.555,1,47018,61899131,0,boost_pressure_kpa,106
2026-10-09T10:49:47.555,1,47018,61899131,0,intake_manifold_temp_c,31
2026-10-09T10:49:47.559,1,47023,61903116,0,actual_torque_pct,15
2026-10-09T10:49:47.559,1,47023,61903116,0,engine_rpm,851.000
2026-10-09T10:49:47.561,1,47026,61904828,0,fuel_rate_lph,6.00
2026-10-09T10:49:47.561,1,47026,61904828,0,fuel_econ_inst_kmpl,0.000
2026-10-09T10:49:47.569,1,47031,61913105,0,actual_torque_pct,15
2026-10-09T10:49:47.569,1,47031,61913105,0,engine_rpm,852.000
2026-10-09T10:49:47.579,1,47038,61923130,0,actual_torque_pct,15
2026-10-09T10:49:47.579,1,47038,61923130,0,engine_rpm,854.000
2026-10-09T10:49:47.584,1,47042,61928435,39,fuel_level_pct,1.2
2026-10-09T10:49:47.589,1,47048,61933198,0,actual_torque_pct,15
2026-10-09T10:49:47.589,1,47048,61933198,0,engine_rpm,856.000
2026-10-09T10:49:47.600,1,47058,61944143,0,actual_torque_pct,15
2026-10-09T10:49:47.600,1,47058,61944143,0,engine_rpm,857.000
2026-10-09T10:49:47.600,1,47059,61944746,0,engine_load_pct,32
2026-10-09T10:49:47.610,1,47065,61954499,0,actual_torque_pct,15
2026-10-09T10:49:47.610,1,47065,61954499,0,engine_rpm,857.000
2026-10-09T10:49:47.619,1,47070,61963086,0,actual_torque_pct,15
2026-10-09T10:49:47.619,1,47070,61963086,0,engine_rpm,858.000
2026-10-09T10:49:47.629,1,47077,61973081,0,actual_torque_pct,15
2026-10-09T10:49:47.629,1,47077,61973081,0,engine_rpm,861.000
2026-10-09T10:49:47.639,1,47085,61983294,0,actual_torque_pct,15
2026-10-09T10:49:47.639,1,47085,61983294,0,engine_rpm,863.000
2026-10-09T10:49:47.640,1,47087,61984456,39,vehicle_speed_kmh,0.000
2026-10-09T10:49:47.649,1,47095,61993075,0,actual_torque_pct,15
2026-10-09T10:49:47.649,1,47095,61993075,0,engine_rpm,864.000
2026-10-09T10:49:47.650,1,47096,61993659,0,engine_load_pct,32
2026-10-09T10:49:47.654,1,47098,61997835,0,oil_pressure_kpa,568
2026-10-09T10:49:47.659,1,47103,62003147,0,actual_torque_pct,15
2026-10-09T10:49:47.659,1,47103,62003147,0,engine_rpm,866.000
2026-10-09T10:49:47.661,1,47106,62004903,0,fuel_rate_lph,6.30
2026-10-09T10:49:47.661,1,47106,62004903,0,fuel_econ_inst_kmpl,0.000
2026-10-09T10:49:47.670,1,47111,62014169,0,actual_torque_pct,15
2026-10-09T10:49:47.670,1,47111,62014169,0,engine_rpm,868.000
2026-10-09T10:49:47.681,1,47118,62024386,0,actual_torque_pct,15
2026-10-09T10:49:47.681,1,47118,62024386,0,engine_rpm,868.000
2026-10-09T10:49:47.685,1,47122,62028534,39,fuel_level_pct,1.2
2026-10-09T10:49:47.691,1,47129,62033222,0,actual_torque_pct,15
2026-10-09T10:49:47.691,1,47129,62033222,0,engine_rpm,870.000
2026-10-09T10:49:47.699,1,47139,62043053,0,actual_torque_pct,15
2026-10-09T10:49:47.699,1,47139,62043053,0,engine_rpm,871.000
2026-10-09T10:49:47.700,1,47140,62043655,0,engine_load_pct,32
2026-10-09T10:49:47.710,1,47146,62053043,0,actual_torque_pct,15
2026-10-09T10:49:47.710,1,47146,62053043,0,engine_rpm,873.000
2026-10-09T10:49:47.719,1,47153,62063026,0,actual_torque_pct,15
2026-10-09T10:49:47.719,1,47153,62063026,0,engine_rpm,875.000
2026-10-09T10:49:47.729,1,47160,62073014,0,actual_torque_pct,15
2026-10-09T10:49:47.729,1,47160,62073014,0,engine_rpm,876.000
2026-10-09T10:49:47.740,1,47168,62083316,0,actual_torque_pct,15
2026-10-09T10:49:47.740,1,47168,62083316,0,engine_rpm,876.000
2026-10-09T10:49:47.741,1,47170,62084462,39,vehicle_speed_kmh,0.000
2026-10-09T10:49:47.750,1,47178,62093656,0,actual_torque_pct,15
2026-10-09T10:49:47.750,1,47178,62093656,0,engine_rpm,878.000
2026-10-09T10:49:47.751,1,47179,62094234,0,engine_load_pct,32
2026-10-09T10:49:47.754,1,47181,62098273,0,coolant_temp_c,32
2026-10-09T10:49:47.754,1,47181,62098273,0,fuel_temp_c,32
2026-10-09T10:49:47.754,1,47181,62098273,0,oil_temp_c,33.19
2026-10-09T10:49:47.760,1,47186,62104330,0,actual_torque_pct,15
2026-10-09T10:49:47.760,1,47186,62104330,0,engine_rpm,878.000
2026-10-09T10:49:47.762,1,47189,62106071,0,fuel_rate_lph,6.25
2026-10-09T10:49:47.762,1,47189,62106071,0,fuel_econ_inst_kmpl,0.000
2026-10-09T10:49:47.770,1,47194,62114437,0,actual_torque_pct,14
2026-10-09T10:49:47.770,1,47194,62114437,0,engine_rpm,880.000
2026-10-09T10:49:47.779,1,47201,62123010,0,actual_torque_pct,14
2026-10-09T10:49:47.779,1,47201,62123010,0,engine_rpm,882.000
2026-10-09T10:49:47.782,1,47205,62126502,39,fuel_level_pct,1.2
2026-10-09T10:49:47.789,1,47211,62133244,0,actual_torque_pct,14
2026-10-09T10:49:47.789,1,47211,62133244,0,engine_rpm,883.000
2026-10-09T10:49:47.799,1,47221,62142983,0,actual_torque_pct,14
2026-10-09T10:49:47.799,1,47221,62142983,0,engine_rpm,884.000
2026-10-09T10:49:47.799,1,47222,62143553,0,engine_load_pct,30
2026-10-09T10:49:47.809,1,47228,62152980,0,actual_torque_pct,14
2026-10-09T10:49:47.809,1,47228,62152980,0,engine_rpm,886.000
2026-10-09T10:49:47.819,1,47235,62163033,0,actual_torque_pct,14
2026-10-09T10:49:47.819,1,47235,62163033,0,engine_rpm,887.000
2026-10-09T10:49:47.829,1,47242,62172992,0,actual_torque_pct,14
2026-10-09T10:49:47.829,1,47242,62172992,0,engine_rpm,888.000
2026-10-09T10:49:47.840,1,47251,62183898,0,actual_torque_pct,14
2026-10-09T10:49:47.840,1,47251,62183898,0,engine_rpm,888.000
2026-10-09T10:49:47.840,1,47252,62184459,39,vehicle_speed_kmh,0.000
2026-10-09T10:49:47.850,1,47260,62194219,0,actual_torque_pct,14
2026-10-09T10:49:47.850,1,47260,62194219,0,engine_rpm,888.000
2026-10-09T10:49:47.851,1,47261,62194822,0,engine_load_pct,30
2026-10-09T10:49:47.859,1,47269,62203022,0,actual_torque_pct,14
2026-10-09T10:49:47.859,1,47269,62203022,0,engine_rpm,889.000
2026-10-09T10:49:47.860,1,47271,62204182,0,fuel_rate_lph,5.85
2026-10-09T10:49:47.860,1,47271,62204182,0,fuel_econ_inst_kmpl,0.000
2026-10-09T10:49:47.869,1,47276,62212977,0,actual_torque_pct,14
2026-10-09T10:49:47.869,1,47276,62212977,0,engine_rpm,889.000
2026-10-09T10:49:47.870,1,47278,62214105,0,engine_hours,40.25
2026-10-09T10:49:47.879,1,47284,62222949,0,actual_torque_pct,14
2026-10-09T10:49:47.879,1,47284,62222949,0,engine_rpm,889.000
2026-10-09T10:49:47.884,1,47288,62228597,39,fuel_level_pct,1.2
2026-10-09T10:49:47.890,1,47294,62233218,0,actual_torque_pct,14
2026-10-09T10:49:47.890,1,47294,62233218,0,engine_rpm,890.000
2026-10-09T10:49:47.899,1,47304,62242962,0,actual_torque_pct,14
2026-10-09T10:49:47.899,1,47304,62242962,0,engine_rpm,892.000
2026-10-09T10:49:47.899,1,47305,62243527,0,engine_load_pct,30
2026-10-09T10:49:47.909,1,47310,62252944,0,actual_torque_pct,14
2026-10-09T10:49:47.909,1,47310,62252944,0,engine_rpm,893.000
2026-10-09T10:49:47.919,1,47315,62262930,0,actual_torque_pct,14
2026-10-09T10:49:47.919,1,47315,62262930,0,engine_rpm,893.000
2026-10-09T10:49:47.929,1,47322,62273598,0,actual_torque_pct,14
2026-10-09T10:49:47.929,1,47322,62273598,0,engine_rpm,893.000
2026-10-09T10:49:47.940,1,47331,62283896,39,vehicle_speed_kmh,0.000
2026-10-09T10:49:47.941,1,47333,62285039,0,actual_torque_pct,14
2026-10-09T10:49:47.941,1,47333,62285039,0,engine_rpm,893.000
2026-10-09T10:49:47.950,1,47340,62294329,0,actual_torque_pct,13
2026-10-09T10:49:47.950,1,47340,62294329,0,engine_rpm,894.000
2026-10-09T10:49:47.951,1,47341,62294931,0,engine_load_pct,28
2026-10-09T10:49:47.959,1,47347,62302902,0,actual_torque_pct,13
2026-10-09T10:49:47.959,1,47347,62302902,0,engine_rpm,895.000
2026-10-09T10:49:47.960,1,47348,62303470,0,fuel_rate_lph,5.50
2026-10-09T10:49:47.960,1,47348,62303470,0,fuel_econ_inst_kmpl,0.000
2026-10-09T10:49:47.969,1,47353,62312865,0,actual_torque_pct,13
2026-10-09T10:49:47.969,1,47353,62312865,0,engine_rpm,896.000
2026-10-09T10:49:47.979,1,47360,62322906,0,actual_torque_pct,13
2026-10-09T10:49:47.979,1,47360,62322906,0,engine_rpm,896.000
2026-10-09T10:49:47.984,1,47364,62328572,39,fuel_level_pct,1.2
2026-10-09T10:49:47.989,1,47370,62333209,0,actual_torque_pct,13
2026-10-09T10:49:47.989,1,47370,62333209,0,engine_rpm,897.000
2026-10-09T10:49:47.999,1,47380,62342891,0,actual_torque_pct,13
2026-10-09T10:49:47.999,1,47380,62342891,0,engine_rpm,897.000
2026-10-09T10:49:47.999,1,47381,62343477,0,engine_load_pct,28
2026-10-09T10:49:48.009,1,47386,62352893,0,actual_torque_pct,13
2026-10-09T10:49:48.009,1,47386,62352893,0,engine_rpm,897.000
2026-10-09T10:49:48.019,1,47391,62362874,0,actual_torque_pct,12
2026-10-09T10:49:48.019,1,47391,62362874,0,engine_rpm,898.000
2026-10-09T10:49:48.029,1,47400,62373732,0,actual_torque_pct,12
2026-10-09T10:49:48.029,1,47400,62373732,0,engine_rpm,899.000
2026-10-09T10:49:48.040,1,47409,62383869,39,vehicle_speed_kmh,0.000
2026-10-09T10:49:48.041,1,47410,62384445,0,actual_torque_pct,12
2026-10-09T10:49:48.041,1,47410,62384445,0,engine_rpm,899.000
2026-10-09T10:49:48.050,1,47418,62394155,0,actual_torque_pct,12
2026-10-09T10:49:48.050,1,47418,62394155,0,engine_rpm,899.000
2026-10-09T10:49:48.050,1,47419,62394734,0,engine_load_pct,26
2026-10-09T10:49:48.055,1,47421,62398809,0,boost_pressure_kpa,106
2026-10-09T10:49:48.055,1,47421,62398809,0,intake_manifold_temp_c,31
2026-10-09T10:49:48.059,1,47426,62402862,0,actual_torque_pct,12
2026-10-09T10:49:48.059,1,47426,62402862,0,engine_rpm,899.000
2026-10-09T10:49:48.060,1,47428,62404004,0,fuel_rate_lph,5.20
2026-10-09T10:49:48.060,1,47428,62404004,0,fuel_econ_inst_kmpl,0.000
2026-10-09T10:49:48.069,1,47433,62412869,0,actual_torque_pct,11
2026-10-09T10:49:48.069,1,47433,62412869,0,engine_rpm,899.000
2026-10-09T10:49:48.079,1,47440,62422853,0,actual_torque_pct,11
2026-10-09T10:49:48.079,1,47440,62422853,0,engine_rpm,899.000
2026-10-09T10:49:48.084,1,47444,62428617,39,fuel_level_pct,1.2
2026-10-09T10:49:48.089,1,47450,62433210,0,actual_torque_pct,11
2026-10-09T10:49:48.089,1,47450,62433210,0,engine_rpm,898.000
2026-10-09T10:49:48.099,1,47460,62442833,0,actual_torque_pct,10
2026-10-09T10:49:48.099,1,47460,62442833,0,engine_rpm,898.000
2026-10-09T10:49:48.099,1,47461,62443419,0,engine_load_pct,21
2026-10-09T10:49:48.109,1,47466,62452853,0,actual_torque_pct,10
2026-10-09T10:49:48.109,1,47466,62452853,0,engine_rpm,898.000
2026-10-09T10:49:48.119,1,47471,62462827,0,actual_torque_pct,10
2026-10-09T10:49:48.119,1,47471,62462827,0,engine_rpm,898.000
2026-10-09T10:49:48.130,1,47478,62473958,0,actual_torque_pct,10
2026-10-09T10:49:48.130,1,47478,62473958,0,engine_rpm,897.000
2026-10-09T10:49:48.140,1,47487,62483874,39,vehicle_speed_kmh,0.000
2026-10-09T10:49:48.140,1,47488,62484449,0,actual_torque_pct,10
2026-10-09T10:49:48.140,1,47488,62484449,0,engine_rpm,897.000
2026-10-09T10:49:48.149,1,47496,62492853,0,actual_torque_pct,9
2026-10-09T10:49:48.149,1,47496,62492853,0,engine_rpm,897.000
2026-10-09T10:49:48.149,1,47497,62493436,0,engine_load_pct,19
2026-10-09T10:49:48.157,1,47499,62499011,0,oil_pressure_kpa,592
2026-10-09T10:49:48.159,1,47504,62502808,0,actual_torque_pct,9
2026-10-09T10:49:48.159,1,47504,62502808,0,engine_rpm,897.000
2026-10-09T10:49:48.159,1,47505,62503371,0,fuel_rate_lph,4.25
2026-10-09T10:49:48.159,1,47505,62503371,0,fuel_econ_inst_kmpl,0.000
2026-10-09T10:49:48.169,1,47510,62512784,0,actual_torque_pct,9
2026-10-09T10:49:48.169,1,47510,62512784,0,engine_rpm,896.000
2026-10-09T10:49:48.179,1,47517,62522849,0,actual_torque_pct,9
2026-10-09T10:49:48.179,1,47517,62522849,0,engine_rpm,895.000
2026-10-09T10:49:48.189,1,47526,62533234,0,actual_torque_pct,8
2026-10-09T10:49:48.189,1,47526,62533234,0,engine_rpm,895.000
2026-10-09T10:49:48.190,1,47527,62533808,39,fuel_level_pct,1.2
2026-10-09T10:49:48.199,1,47537,62542797,0,actual_torque_pct,7
2026-10-09T10:49:48.199,1,47537,62542797,0,engine_rpm,894.000
2026-10-09T10:49:48.199,1,47538,62543386,0,engine_load_pct,15
2026-10-09T10:49:48.209,1,47543,62552779,0,actual_torque_pct,7
2026-10-09T10:49:48.209,1,47543,62552779,0,engine_rpm,893.000
2026-10-09T10:49:48.219,1,47548,62563275,0,actual_torque_pct,7
2026-10-09T10:49:48.219,1,47548,62563275,0,engine_rpm,892.000
2026-10-09T10:49:48.230,1,47555,62574009,0,actual_torque_pct,7
2026-10-09T10:49:48.230,1,47555,62574009,0,engine_rpm,892.000
2026-10-09T10:49:48.240,1,47564,62583888,39,vehicle_speed_kmh,0.000
2026-10-09T10:49:48.241,1,47565,62584456,0,actual_torque_pct,7
2026-10-09T10:49:48.241,1,47565,62584456,0,engine_rpm,890.000
2026-10-09T10:49:48.249,1,47573,62592738,0,actual_torque_pct,7
2026-10-09T10:49:48.249,1,47573,62592738,0,engine_rpm,889.000
2026-10-09T10:49:48.250,1,47574,62593341,0,engine_load_pct,15
2026-10-09T10:49:48.259,1,47580,62602745,0,actual_torque_pct,7
2026-10-09T10:49:48.259,1,47580,62602745,0,engine_rpm,887.000
2026-10-09T10:49:48.260,1,47581,62603319,0,fuel_rate_lph,3.45
2026-10-09T10:49:48.260,1,47581,62603319,0,fuel_econ_inst_kmpl,0.000
2026-10-09T10:49:48.268,1,47586,62612759,0,actual_torque_pct,6
2026-10-09T10:49:48.268,1,47586,62612759,0,engine_rpm,885.000
2026-10-09T10:49:48.280,1,47593,62622863,0,actual_torque_pct,6
2026-10-09T10:49:48.280,1,47593,62622863,0,engine_rpm,883.000
2026-10-09T10:49:48.285,1,47597,62628701,39,fuel_level_pct,1.2
2026-10-09T10:49:48.290,1,47603,62633250,0,actual_torque_pct,6
2026-10-09T10:49:48.290,1,47603,62633250,0,engine_rpm,882.000
2026-10-09T10:49:48.299,1,47613,62642806,0,engine_load_pct,13
2026-10-09T10:49:48.300,1,47614,62643379,0,actual_torque_pct,6
2026-10-09T10:49:48.300,1,47614,62643379,0,engine_rpm,880.000
2026-10-09T10:49:48.311,1,47619,62653890,0,actual_torque_pct,6
2026-10-09T10:49:48.311,1,47619,62653890,0,engine_rpm,878.000
2026-10-09T10:49:48.320,1,47625,62663935,0,actual_torque_pct,6
2026-10-09T10:49:48.320,1,47625,62663935,0,engine_rpm,878.000
2026-10-09T10:49:48.330,1,47632,62672847,0,actual_torque_pct,6
2026-10-09T10:49:48.330,1,47632,62672847,0,engine_rpm,876.000
2026-10-09T10:49:48.339,1,47640,62683316,0,actual_torque_pct,6
2026-10-09T10:49:48.339,1,47640,62683316,0,engine_rpm,873.000
2026-10-09T10:49:48.340,1,47642,62684469,39,vehicle_speed_kmh,0.000
2026-10-09T10:49:48.349,1,47650,62692722,0,actual_torque_pct,5
2026-10-09T10:49:48.349,1,47650,62692722,0,engine_rpm,871.000
2026-10-09T10:49:48.350,1,47651,62693291,0,engine_load_pct,10
2026-10-09T10:49:48.359,1,47658,62703068,0,actual_torque_pct,5
2026-10-09T10:49:48.359,1,47658,62703068,0,engine_rpm,869.000
2026-10-09T10:49:48.359,1,47659,62703664,0,fuel_rate_lph,2.40
2026-10-09T10:49:48.359,1,47659,62703664,0,fuel_econ_inst_kmpl,0.000
2026-10-09T10:49:48.369,1,47665,62712727,0,actual_torque_pct,5
2026-10-09T10:49:48.369,1,47665,62712727,0,engine_rpm,867.000
2026-10-09T10:49:48.380,1,47673,62722860,0,actual_torque_pct,5
2026-10-09T10:49:48.380,1,47673,62722860,0,engine_rpm,864.000
2026-10-09T10:49:48.385,1,47677,62728758,39,fuel_level_pct,1.2
2026-10-09T10:49:48.391,1,47685,62734400,0,actual_torque_pct,5
2026-10-09T10:49:48.391,1,47685,62734400,0,engine_rpm,864.000
2026-10-09T10:49:48.399,1,47694,62742821,0,engine_load_pct,10
2026-10-09T10:49:48.399,1,47695,62743394,0,actual_torque_pct,5
2026-10-09T10:49:48.399,1,47695,62743394,0,engine_rpm,861.000
2026-10-09T10:49:48.408,1,47700,62752638,0,actual_torque_pct,5
2026-10-09T10:49:48.408,1,47700,62752638,0,engine_rpm,858.000
2026-10-09T10:49:48.420,1,47705,62762667,0,actual_torque_pct,5
2026-10-09T10:49:48.420,1,47705,62762667,0,engine_rpm,856.000
2026-10-09T10:49:48.430,1,47712,62772832,0,actual_torque_pct,6
2026-10-09T10:49:48.430,1,47712,62772832,0,engine_rpm,854.000
2026-10-09T10:49:48.439,1,47720,62783308,0,actual_torque_pct,5
2026-10-09T10:49:48.439,1,47720,62783308,0,engine_rpm,851.000
2026-10-09T10:49:48.440,1,47722,62784440,39,vehicle_speed_kmh,0.000
2026-10-09T10:49:48.449,1,47730,62793177,0,actual_torque_pct,5
2026-10-09T10:49:48.449,1,47730,62793177,0,engine_rpm,848.000
2026-10-09T10:49:48.449,1,47731,62793754,0,engine_load_pct,10
2026-10-09T10:49:48.460,1,47737,62803961,0,actual_torque_pct,5
2026-10-09T10:49:48.460,1,47737,62803961,0,engine_rpm,848.000
2026-10-09T10:49:48.460,1,47738,62804542,0,fuel_rate_lph,2.30
2026-10-09T10:49:48.460,1,47738,62804542,0,fuel_econ_inst_kmpl,0.000
2026-10-09T10:49:48.469,1,47743,62812630,0,actual_torque_pct,4
2026-10-09T10:49:48.469,1,47743,62812630,0,engine_rpm,845.000
2026-10-09T10:49:48.480,1,47750,62822854,0,actual_torque_pct,4
2026-10-09T10:49:48.480,1,47750,62822854,0,engine_rpm,843.000
2026-10-09T10:49:48.485,1,47754,62828718,39,fuel_level_pct,1.2
2026-10-09T10:49:48.489,1,47760,62833238,0,actual_torque_pct,4
2026-10-09T10:49:48.489,1,47760,62833238,0,engine_rpm,841.000
2026-10-09T10:49:48.499,1,47770,62842789,0,engine_load_pct,6
2026-10-09T10:49:48.500,1,47771,62843363,0,actual_torque_pct,3
2026-10-09T10:49:48.500,1,47771,62843363,0,engine_rpm,838.000
2026-10-09T10:49:48.508,1,47776,62852610,0,actual_torque_pct,3
2026-10-09T10:49:48.508,1,47776,62852610,0,engine_rpm,836.000
2026-10-09T10:49:48.520,1,47781,62863953,0,actual_torque_pct,3
2026-10-09T10:49:48.520,1,47781,62863953,0,engine_rpm,836.000
2026-10-09T10:49:48.530,1,47788,62872815,0,actual_torque_pct,2
2026-10-09T10:49:48.530,1,47788,62872815,0,engine_rpm,833.000
2026-10-09T10:49:48.540,1,47796,62883298,0,actual_torque_pct,2
2026-10-09T10:49:48.540,1,47796,62883298,0,engine_rpm,831.000
2026-10-09T10:49:48.540,1,47798,62884451,39,vehicle_speed_kmh,0.000
2026-10-09T10:49:48.549,1,47806,62892699,0,engine_load_pct,4
2026-10-09T10:49:48.551,1,47807,62893276,0,actual_torque_pct,2
2026-10-09T10:49:48.551,1,47807,62893276,0,engine_rpm,829.000
2026-10-09T10:49:48.554,1,47810,62897415,0,boost_pressure_kpa,108
2026-10-09T10:49:48.554,1,47810,62897415,0,intake_manifold_temp_c,31
2026-10-09T10:49:48.558,1,47815,62902627,0,actual_torque_pct,2
2026-10-09T10:49:48.558,1,47815,62902627,0,engine_rpm,825.000
2026-10-09T10:49:48.561,1,47818,62904353,0,fuel_rate_lph,0.85
2026-10-09T10:49:48.561,1,47818,62904353,0,fuel_econ_inst_kmpl,0.000
2026-10-09T10:49:48.569,1,47823,62913016,0,actual_torque_pct,2
2026-10-09T10:49:48.569,1,47823,62913016,0,engine_rpm,821.000
2026-10-09T10:49:48.580,1,47830,62923790,0,actual_torque_pct,2
2026-10-09T10:49:48.580,1,47830,62923790,0,engine_rpm,821.000
2026-10-09T10:49:48.585,1,47834,62928805,39,fuel_level_pct,1.2
2026-10-09T10:49:48.589,1,47840,62933234,0,actual_torque_pct,2
2026-10-09T10:49:48.589,1,47840,62933234,0,engine_rpm,817.000
2026-10-09T10:49:48.599,1,47850,62942791,0,engine_load_pct,4
2026-10-09T10:49:48.599,1,47851,62943344,0,actual_torque_pct,2
2026-10-09T10:49:48.599,1,47851,62943344,0,engine_rpm,812.000
2026-10-09T10:49:48.609,1,47857,62952616,0,actual_torque_pct,2
2026-10-09T10:49:48.609,1,47857,62952616,0,engine_rpm,809.000
2026-10-09T10:49:48.619,1,47862,62962669,0,actual_torque_pct,1
2026-10-09T10:49:48.619,1,47862,62962669,0,engine_rpm,806.000
2026-10-09T10:49:48.630,1,47869,62974436,0,actual_torque_pct,1
2026-10-09T10:49:48.630,1,47869,62974436,0,engine_rpm,806.000
2026-10-09T10:49:48.639,1,47877,62983310,0,actual_torque_pct,1
2026-10-09T10:49:48.639,1,47877,62983310,0,engine_rpm,802.000
2026-10-09T10:49:48.640,1,47879,62984442,39,vehicle_speed_kmh,0.000
2026-10-09T10:49:48.648,1,47887,62992704,0,engine_load_pct,2
2026-10-09T10:49:48.650,1,47888,62993274,0,actual_torque_pct,1
2026-10-09T10:49:48.650,1,47888,62993274,0,engine_rpm,798.000
2026-10-09T10:49:48.654,1,47890,62998476,0,oil_pressure_kpa,556
2026-10-09T10:49:48.658,1,47895,63002660,0,actual_torque_pct,1
2026-10-09T10:49:48.658,1,47895,63002660,0,engine_rpm,795.000
2026-10-09T10:49:48.660,1,47898,63004382,0,fuel_rate_lph,0.40
2026-10-09T10:49:48.660,1,47898,63004382,0,fuel_econ_inst_kmpl,0.000
2026-10-09T10:49:48.669,1,47903,63012658,0,actual_torque_pct,1
2026-10-09T10:49:48.669,1,47903,63012658,0,engine_rpm,790.000
2026-10-09T10:49:48.680,1,47910,63023738,0,actual_torque_pct,1
2026-10-09T10:49:48.680,1,47910,63023738,0,engine_rpm,790.000
2026-10-09T10:49:48.685,1,47914,63028790,39,fuel_level_pct,1.2
2026-10-09T10:49:48.691,1,47921,63033247,0,actual_torque_pct,1
2026-10-09T10:49:48.691,1,47921,63033247,0,engine_rpm,783.000
2026-10-09T10:49:48.699,1,47931,63042784,0,engine_load_pct,2
2026-10-09T10:49:48.699,1,47932,63043361,0,actual_torque_pct,1
2026-10-09T10:49:48.699,1,47932,63043361,0,engine_rpm,777.000
2026-10-09T10:49:48.708,1,47938,63052677,0,actual_torque_pct,1
2026-10-09T10:49:48.708,1,47938,63052677,0,engine_rpm,772.000
2026-10-09T10:49:48.719,1,47945,63063811,0,actual_torque_pct,1
2026-10-09T10:49:48.719,1,47945,63063811,0,engine_rpm,772.000
2026-10-09T10:49:48.729,1,47952,63072831,0,actual_torque_pct,1
2026-10-09T10:49:48.729,1,47952,63072831,0,engine_rpm,768.000
2026-10-09T10:49:48.739,1,47960,63083314,0,actual_torque_pct,1
2026-10-09T10:49:48.739,1,47960,63083314,0,engine_rpm,762.000
2026-10-09T10:49:48.740,1,47962,63084454,39,vehicle_speed_kmh,0.000
2026-10-09T10:49:48.749,1,47970,63092711,0,engine_load_pct,2
2026-10-09T10:49:48.750,1,47971,63093282,0,actual_torque_pct,1
2026-10-09T10:49:48.750,1,47971,63093282,0,engine_rpm,757.000
2026-10-09T10:49:48.753,1,47973,63097247,0,coolant_temp_c,32
2026-10-09T10:49:48.753,1,47973,63097247,0,fuel_temp_c,32
2026-10-09T10:49:48.753,1,47973,63097247,0,oil_temp_c,33.28
2026-10-09T10:49:48.759,1,47978,63103769,0,actual_torque_pct,1
2026-10-09T10:49:48.759,1,47978,63103769,0,engine_rpm,757.000
2026-10-09T10:49:48.761,1,47981,63105471,0,fuel_rate_lph,0.35
2026-10-09T10:49:48.761,1,47981,63105471,0,fuel_econ_inst_kmpl,0.000
2026-10-09T10:49:48.769,1,47986,63112724,0,actual_torque_pct,1
2026-10-09T10:49:48.769,1,47986,63112724,0,engine_rpm,753.000
2026-10-09T10:49:48.780,1,47993,63122861,0,actual_torque_pct,1
2026-10-09T10:49:48.780,1,47993,63122861,0,engine_rpm,749.000
2026-10-09T10:49:48.785,1,47997,63128904,39,fuel_level_pct,1.2
2026-10-09T10:49:48.789,1,48003,63133227,0,actual_torque_pct,1
2026-10-09T10:49:48.789,1,48003,63133227,0,engine_rpm,742.000
2026-10-09T10:49:48.799,1,48013,63143726,0,actual_torque_pct,1
2026-10-09T10:49:48.799,1,48013,63143726,0,engine_rpm,742.000
2026-10-09T10:49:48.800,1,48014,63144330,0,engine_load_pct,2
2026-10-09T10:49:48.809,1,48020,63152654,0,actual_torque_pct,1
2026-10-09T10:49:48.809,1,48020,63152654,0,engine_rpm,736.000
2026-10-09T10:49:48.818,1,48027,63162691,0,actual_torque_pct,1
2026-10-09T10:49:48.818,1,48027,63162691,0,engine_rpm,733.000
2026-10-09T10:49:48.830,1,48034,63172823,0,actual_torque_pct,1
2026-10-09T10:49:48.830,1,48034,63172823,0,engine_rpm,730.000
2026-10-09T10:49:48.840,1,48042,63183320,0,actual_torque_pct,1
2026-10-09T10:49:48.840,1,48042,63183320,0,engine_rpm,730.000
2026-10-09T10:49:48.841,1,48044,63184477,39,vehicle_speed_kmh,0.000
2026-10-09T10:49:48.850,1,48052,63192719,0,engine_load_pct,2
2026-10-09T10:49:48.850,1,48053,63193268,0,actual_torque_pct,1
2026-10-09T10:49:48.850,1,48053,63193268,0,engine_rpm,726.000
2026-10-09T10:49:48.859,1,48060,63202640,0,actual_torque_pct,1
2026-10-09T10:49:48.859,1,48060,63202640,0,engine_rpm,723.000
2026-10-09T10:49:48.861,1,48063,63204184,0,fuel_rate_lph,0.35
2026-10-09T10:49:48.861,1,48063,63204184,0,fuel_econ_inst_kmpl,0.000
2026-10-09T10:49:48.869,1,48068,63213521,0,actual_torque_pct,1
2026-10-09T10:49:48.869,1,48068,63213521,0,engine_rpm,720.000
2026-10-09T10:49:48.870,1,48070,63214641,0,engine_hours,40.25
2026-10-09T10:49:48.880,1,48076,63222872,0,actual_torque_pct,1
2026-10-09T10:49:48.880,1,48076,63222872,0,engine_rpm,720.000
2026-10-09T10:49:48.884,1,48080,63227190,39,fuel_level_pct,1.2
2026-10-09T10:49:48.889,1,48086,63233242,0,actual_torque_pct,1
2026-10-09T10:49:48.889,1,48086,63233242,0,engine_rpm,717.000
2026-10-09T10:49:48.899,1,48096,63242722,0,engine_load_pct,4
2026-10-09T10:49:48.899,1,48097,63243279,0,actual_torque_pct,2
2026-10-09T10:49:48.899,1,48097,63243279,0,engine_rpm,711.000
2026-10-09T10:49:48.908,1,48102,63252685,0,actual_torque_pct,2
2026-10-09T10:49:48.908,1,48102,63252685,0,engine_rpm,711.000
2026-10-09T10:49:48.919,1,48107,63262650,0,actual_torque_pct,2
2026-10-09T10:49:48.919,1,48107,63262650,0,engine_rpm,707.000
2026-10-09T10:49:48.930,1,48114,63272854,0,actual_torque_pct,2
2026-10-09T10:49:48.930,1,48114,63272854,0,engine_rpm,705.000
2026-10-09T10:49:48.940,1,48123,63283865,0,actual_torque_pct,2
2026-10-09T10:49:48.940,1,48123,63283865,0,engine_rpm,705.000
2026-10-09T10:49:48.940,1,48124,63284447,39,vehicle_speed_kmh,0.000
2026-10-09T10:49:48.948,1,48132,63292690,0,engine_load_pct,4
2026-10-09T10:49:48.949,1,48133,63293268,0,actual_torque_pct,2
2026-10-09T10:49:48.949,1,48133,63293268,0,engine_rpm,703.000
2026-10-09T10:49:48.958,1,48139,63302642,0,actual_torque_pct,3
2026-10-09T10:49:48.958,1,48139,63302642,0,engine_rpm,700.000
2026-10-09T10:49:48.959,1,48140,63303224,0,fuel_rate_lph,0.70
2026-10-09T10:49:48.959,1,48140,63303224,0,fuel_econ_inst_kmpl,0.000
2026-10-09T10:49:48.969,1,48145,63312871,0,actual_torque_pct,3
2026-10-09T10:49:48.969,1,48145,63312871,0,engine_rpm,697.000
2026-10-09T10:49:48.979,1,48152,63322887,0,actual_torque_pct,3
2026-10-09T10:49:48.979,1,48152,63322887,0,engine_rpm,697.000
2026-10-09T10:49:48.986,1,48156,63330130,39,fuel_level_pct,1.2
2026-10-09T10:49:48.989,1,48162,63333574,0,actual_torque_pct,4
2026-10-09T10:49:48.989,1,48162,63333574,0,engine_rpm,695.000
2026-10-09T10:49:48.999,1,48172,63342769,0,engine_load_pct,11
2026-10-09T10:49:48.999,1,48173,63343351,0,actual_torque_pct,5
2026-10-09T10:49:48.999,1,48173,63343351,0,engine_rpm,692.000
2026-10-09T10:49:49.009,1,48178,63352621,0,actual_torque_pct,5
2026-10-09T10:49:49.009,1,48178,63352621,0,engine_rpm,692.000
2026-10-09T10:49:49.018,1,48183,63362736,0,actual_torque_pct,5
2026-10-09T10:49:49.018,1,48183,63362736,0,engine_rpm,690.000
2026-10-09T10:49:49.029,1,48192,63373442,0,actual_torque_pct,6
2026-10-09T10:49:49.029,1,48192,63373442,0,engine_rpm,688.000
2026-10-09T10:49:49.040,1,48201,63383869,0,actual_torque_pct,6
2026-10-09T10:49:49.040,1,48201,63383869,0,engine_rpm,688.000
2026-10-09T10:49:49.040,1,48202,63384447,39,vehicle_speed_kmh,0.000
2026-10-09T10:49:49.048,1,48210,63392715,0,engine_load_pct,15
2026-10-09T10:49:49.049,1,48211,63393267,0,actual_torque_pct,7
2026-10-09T10:49:49.049,1,48211,63393267,0,engine_rpm,687.000
2026-10-09T10:49:49.054,1,48213,63398406,0,boost_pressure_kpa,108
2026-10-09T10:49:49.054,1,48213,63398406,0,intake_manifold_temp_c,31
2026-10-09T10:49:49.059,1,48218,63402658,0,actual_torque_pct,8
2026-10-09T10:49:49.059,1,48218,63402658,0,engine_rpm,687.000
2026-10-09T10:49:49.061,1,48220,63403805,0,fuel_rate_lph,2.60
2026-10-09T10:49:49.061,1,48220,63403805,0,fuel_econ_inst_kmpl,0.000
2026-10-09T10:49:49.069,1,48225,63413685,0,actual_torque_pct,8
2026-10-09T10:49:49.069,1,48225,63413685,0,engine_rpm,687.000
2026-10-09T10:49:49.080,1,48232,63422877,0,actual_torque_pct,8
2026-10-09T10:49:49.080,1,48232,63422877,0,engine_rpm,685.000
2026-10-09T10:49:49.087,1,48236,63430158,39,fuel_level_pct,1.2
2026-10-09T10:49:49.090,1,48242,63433620,0,actual_torque_pct,9
2026-10-09T10:49:49.090,1,48242,63433620,0,engine_rpm,684.000
2026-10-09T10:49:49.099,1,48252,63443610,0,actual_torque_pct,10
2026-10-09T10:49:49.099,1,48252,63443610,0,engine_rpm,685.000
2026-10-09T10:49:49.100,1,48253,63444195,0,engine_load_pct,21
2026-10-09T10:49:49.110,1,48258,63452676,0,actual_torque_pct,10
2026-10-09T10:49:49.110,1,48258,63452676,0,engine_rpm,685.000
2026-10-09T10:49:49.119,1,48263,63462682,0,actual_torque_pct,10
2026-10-09T10:49:49.119,1,48263,63462682,0,engine_rpm,686.000
2026-10-09T10:49:49.129,1,48270,63473332,0,actual_torque_pct,11
2026-10-09T10:49:49.129,1,48270,63473332,0,engine_rpm,686.000
2026-10-09T10:49:49.141,1,48278,63483311,0,actual_torque_pct,11
2026-10-09T10:49:49.141,1,48278,63483311,0,engine_rpm,686.000
2026-10-09T10:49:49.141,1,48280,63484459,39,vehicle_speed_kmh,0.000
2026-10-09T10:49:49.149,1,48288,63492704,0,engine_load_pct,26
2026-10-09T10:49:49.149,1,48289,63493262,0,actual_torque_pct,12
2026-10-09T10:49:49.149,1,48289,63493262,0,engine_rpm,686.000
2026-10-09T10:49:49.153,1,48291,63497037,0,oil_pressure_kpa,484
2026-10-09T10:49:49.159,1,48296,63502635,0,actual_torque_pct,12
2026-10-09T10:49:49.159,1,48296,63502635,0,engine_rpm,686.000
2026-10-09T10:49:49.159,1,48297,63503219,0,fuel_rate_lph,4.25
2026-10-09T10:49:49.159,1,48297,63503219,0,fuel_econ_inst_kmpl,0.000
2026-10-09T10:49:49.169,1,48302,63512661,0,actual_torque_pct,12
2026-10-09T10:49:49.169,1,48302,63512661,0,engine_rpm,686.000
2026-10-09T10:49:49.179,1,48309,63522865,0,actual_torque_pct,12
2026-10-09T10:49:49.179,1,48309,63522865,0,engine_rpm,687.000
2026-10-09T10:49:49.189,1,48318,63533238,0,actual_torque_pct,13
2026-10-09T10:49:49.189,1,48318,63533238,0,engine_rpm,688.000
2026-10-09T10:49:49.191,1,48320,63534391,39,fuel_level_pct,1.2
2026-10-09T10:49:49.199,1,48329,63543655,0,actual_torque_pct,13
2026-10-09T10:49:49.199,1,48329,63543655,0,engine_rpm,688.000
2026-10-09T10:49:49.200,1,48330,63544234,0,engine_load_pct,28
2026-10-09T10:49:49.208,1,48335,63552617,0,actual_torque_pct,13
2026-10-09T10:49:49.208,1,48335,63552617,0,engine_rpm,689.000
2026-10-09T10:49:49.220,1,48340,63562656,0,actual_torque_pct,14
2026-10-09T10:49:49.220,1,48340,63562656,0,engine_rpm,691.000
2026-10-09T10:49:49.229,1,48347,63573694,0,actual_torque_pct,14
2026-10-09T10:49:49.229,1,48347,63573694,0,engine_rpm,691.000
2026-10-09T10:49:49.239,1,48355,63583302,0,actual_torque_pct,14
2026-10-09T10:49:49.239,1,48355,63583302,0,engine_rpm,693.000
2026-10-09T10:49:49.240,1,48357,63584452,39,vehicle_speed_kmh,0.000
2026-10-09T10:49:49.249,1,48365,63592701,0,engine_load_pct,31
2026-10-09T10:49:49.249,1,48366,63593276,0,actual_torque_pct,14
2026-10-09T10:49:49.249,1,48366,63593276,0,engine_rpm,696.000
2026-10-09T10:49:49.259,1,48372,63602813,0,actual_torque_pct,15
2026-10-09T10:49:49.259,1,48372,63602813,0,engine_rpm,698.000
2026-10-09T10:49:49.259,1,48373,63603391,0,fuel_rate_lph,5.60
2026-10-09T10:49:49.259,1,48373,63603391,0,fuel_econ_inst_kmpl,0.000
2026-10-09T10:49:49.269,1,48378,63612658,0,actual_torque_pct,15
2026-10-09T10:49:49.269,1,48378,63612658,0,engine_rpm,698.000
2026-10-09T10:49:49.279,1,48385,63622867,0,actual_torque_pct,15
2026-10-09T10:49:49.279,1,48385,63622867,0,engine_rpm,701.000
2026-10-09T10:49:49.286,1,48389,63630175,39,fuel_level_pct,1.2
2026-10-09T10:49:49.290,1,48395,63633621,0,actual_torque_pct,15
2026-10-09T10:49:49.290,1,48395,63633621,0,engine_rpm,704.000
2026-10-09T10:49:49.300,1,48405,63644119,0,actual_torque_pct,15
2026-10-09T10:49:49.300,1,48405,63644119,0,engine_rpm,704.000
2026-10-09T10:49:49.301,1,48406,63644699,0,engine_load_pct,33
2026-10-09T10:49:49.309,1,48411,63652615,0,actual_torque_pct,16
2026-10-09T10:49:49.309,1,48411,63652615,0,engine_rpm,707.000
2026-10-09T10:49:49.319,1,48417,63662674,0,actual_torque_pct,16
2026-10-09T10:49:49.319,1,48417,63662674,0,engine_rpm,710.000
2026-10-09T10:49:49.329,1,48424,63673162,0,actual_torque_pct,16
2026-10-09T10:49:49.329,1,48424,63673162,0,engine_rpm,714.000
2026-10-09T10:49:49.339,1,48432,63683307,0,actual_torque_pct,16
2026-10-09T10:49:49.339,1,48432,63683307,0,engine_rpm,714.000
2026-10-09T10:49:49.340,1,48434,63684442,39,vehicle_speed_kmh,0.000
2026-10-09T10:49:49.350,1,48442,63692697,0,engine_load_pct,36
2026-10-09T10:49:49.350,1,48443,63693267,0,actual_torque_pct,16
2026-10-09T10:49:49.350,1,48443,63693267,0,engine_rpm,718.000
2026-10-09T10:49:49.359,1,48449,63702676,0,actual_torque_pct,17
2026-10-09T10:49:49.359,1,48449,63702676,0,engine_rpm,724.000
2026-10-09T10:49:49.360,1,48451,63703636,0,fuel_rate_lph,6.60
2026-10-09T10:49:49.360,1,48451,63703636,0,fuel_econ_inst_kmpl,0.000
2026-10-09T10:49:49.369,1,48457,63713563,0,actual_torque_pct,17
2026-10-09T10:49:49.369,1,48457,63713563,0,engine_rpm,724.000
2026-10-09T10:49:49.380,1,48465,63722861,0,actual_torque_pct,17
2026-10-09T10:49:49.380,1,48465,63722861,0,engine_rpm,730.000
2026-10-09T10:49:49.386,1,48469,63730212,39,fuel_level_pct,1.2
2026-10-09T10:49:49.390,1,48475,63733645,0,actual_torque_pct,17
2026-10-09T10:49:49.390,1,48475,63733645,0,engine_rpm,735.000
2026-10-09T10:49:49.400,1,48486,63742820,0,engine_load_pct,38
2026-10-09T10:49:49.400,1,48487,63743383,0,actual_torque_pct,17
2026-10-09T10:49:49.400,1,48487,63743383,0,engine_rpm,740.000
2026-10-09T10:49:49.410,1,48492,63753524,0,actual_torque_pct,17
2026-10-09T10:49:49.410,1,48492,63753524,0,engine_rpm,740.000
2026-10-09T10:49:49.419,1,48497,63762671,0,actual_torque_pct,17
2026-10-09T10:49:49.419,1,48497,63762671,0,engine_rpm,744.000
2026-10-09T10:49:49.430,1,48504,63772813,0,actual_torque_pct,17
2026-10-09T10:49:49.430,1,48504,63772813,0,engine_rpm,748.000
2026-10-09T10:49:49.440,1,48512,63783309,0,actual_torque_pct,16
2026-10-09T10:49:49.440,1,48512,63783309,0,engine_rpm,753.000
2026-10-09T10:49:49.441,1,48514,63784452,39,vehicle_speed_kmh,0.000
2026-10-09T10:49:49.450,1,48522,63793571,0,actual_torque_pct,16
2026-10-09T10:49:49.450,1,48522,63793571,0,engine_rpm,753.000
2026-10-09T10:49:49.451,1,48523,63794157,0,engine_load_pct,35
2026-10-09T10:49:49.459,1,48529,63802644,0,actual_torque_pct,16
2026-10-09T10:49:49.459,1,48529,63802644,0,engine_rpm,758.000
2026-10-09T10:49:49.459,1,48530,63803245,0,fuel_rate_lph,6.80
2026-10-09T10:49:49.459,1,48530,63803245,0,fuel_econ_inst_kmpl,0.000
2026-10-09T10:49:49.468,1,48535,63812651,0,actual_torque_pct,16
2026-10-09T10:49:49.468,1,48535,63812651,0,engine_rpm,762.000
2026-10-09T10:49:49.480,1,48542,63822840,0,actual_torque_pct,16
2026-10-09T10:49:49.480,1,48542,63822840,0,engine_rpm,765.000
2026-10-09T10:49:49.486,1,48546,63830305,39,fuel_level_pct,1.2
2026-10-09T10:49:49.491,1,48552,63833751,0,actual_torque_pct,16
2026-10-09T10:49:49.491,1,48552,63833751,0,engine_rpm,769.000
2026-10-09T10:49:49.499,1,48562,63842793,0,engine_load_pct,35
2026-10-09T10:49:49.499,1,48563,63843368,0,actual_torque_pct,16
2026-10-09T10:49:49.499,1,48563,63843368,0,engine_rpm,769.000
2026-10-09T10:49:49.509,1,48568,63852620,0,actual_torque_pct,16
2026-10-09T10:49:49.509,1,48568,63852620,0,engine_rpm,772.000
2026-10-09T10:49:49.518,1,48573,63862672,0,actual_torque_pct,15
2026-10-09T10:49:49.518,1,48573,63862672,0,engine_rpm,776.000
2026-10-09T10:49:49.529,1,48580,63872844,0,actual_torque_pct,15
2026-10-09T10:49:49.529,1,48580,63872844,0,engine_rpm,779.000
2026-10-09T10:49:49.541,1,48589,63883896,0,actual_torque_pct,15
2026-10-09T10:49:49.541,1,48589,63883896,0,engine_rpm,779.000
2026-10-09T10:49:49.541,1,48590,63884455,39,vehicle_speed_kmh,0.000
2026-10-09T10:49:49.548,1,48598,63892704,0,engine_load_pct,33
2026-10-09T10:49:49.549,1,48599,63893279,0,actual_torque_pct,15
2026-10-09T10:49:49.549,1,48599,63893279,0,engine_rpm,782.000
2026-10-09T10:49:49.555,1,48602,63898331,0,boost_pressure_kpa,106
2026-10-09T10:49:49.555,1,48602,63898331,0,intake_manifold_temp_c,31
2026-10-09T10:49:49.559,1,48607,63902645,0,actual_torque_pct,15
2026-10-09T10:49:49.559,1,48607,63902645,0,engine_rpm,785.000
2026-10-09T10:49:49.560,1,48610,63904368,0,fuel_rate_lph,6.45
2026-10-09T10:49:49.560,1,48610,63904368,0,fuel_econ_inst_kmpl,0.000
2026-10-09T10:49:49.569,1,48615,63912659,0,actual_torque_pct,15
2026-10-09T10:49:49.569,1,48615,63912659,0,engine_rpm,787.000
2026-10-09T10:49:49.580,1,48622,63922936,0,actual_torque_pct,15
2026-10-09T10:49:49.580,1,48622,63922936,0,engine_rpm,788.000
2026-10-09T10:49:49.588,1,48626,63930258,39,fuel_level_pct,1.2
2026-10-09T10:49:49.589,1,48632,63933722,0,actual_torque_pct,15
2026-10-09T10:49:49.589,1,48632,63933722,0,engine_rpm,788.000
2026-10-09T10:49:49.599,1,48642,63942789,0,engine_load_pct,33
2026-10-09T10:49:49.599,1,48643,63943344,0,actual_torque_pct,15
2026-10-09T10:49:49.599,1,48643,63943344,0,engine_rpm,791.000
2026-10-09T10:49:49.609,1,48649,63952613,0,actual_torque_pct,15
2026-10-09T10:49:49.609,1,48649,63952613,0,engine_rpm,794.000
2026-10-09T10:49:49.619,1,48654,63962674,0,actual_torque_pct,15
2026-10-09T10:49:49.619,1,48654,63962674,0,engine_rpm,795.000
2026-10-09T10:49:49.630,1,48661,63973179,0,actual_torque_pct,15
2026-10-09T10:49:49.630,1,48661,63973179,0,engine_rpm,797.000
2026-10-09T10:49:49.640,1,48669,63983322,0,actual_torque_pct,15
2026-10-09T10:49:49.640,1,48669,63983322,0,engine_rpm,797.000
2026-10-09T10:49:49.640,1,48671,63984466,39,vehicle_speed_kmh,0.000
2026-10-09T10:49:49.649,1,48679,63992700,0,engine_load_pct,33
2026-10-09T10:49:49.649,1,48680,63993268,0,actual_torque_pct,15
2026-10-09T10:49:49.649,1,48680,63993268,0,engine_rpm,800.000
2026-10-09T10:49:49.654,1,48682,63998092,0,oil_pressure_kpa,536
2026-10-09T10:49:49.659,1,48687,64002651,0,actual_torque_pct,15
2026-10-09T10:49:49.659,1,48687,64002651,0,engine_rpm,803.000
2026-10-09T10:49:49.660,1,48690,64004372,0,fuel_rate_lph,6.50
2026-10-09T10:49:49.660,1,48690,64004372,0,fuel_econ_inst_kmpl,0.000
2026-10-09T10:49:49.668,1,48695,64012655,0,actual_torque_pct,15
2026-10-09T10:49:49.668,1,48695,64012655,0,engine_rpm,805.000
2026-10-09T10:49:49.680,1,48702,64022852,0,actual_torque_pct,15
2026-10-09T10:49:49.680,1,48702,64022852,0,engine_rpm,807.000
2026-10-09T10:49:49.686,1,48706,64030354,39,fuel_level_pct,1.2
2026-10-09T10:49:49.691,1,48713,64033799,0,actual_torque_pct,15
2026-10-09T10:49:49.691,1,48713,64033799,0,engine_rpm,807.000
2026-10-09T10:49:49.699,1,48723,64042773,0,engine_load_pct,33
2026-10-09T10:49:49.699,1,48724,64043348,0,actual_torque_pct,15
2026-10-09T10:49:49.699,1,48724,64043348,0,engine_rpm,810.000
2026-10-09T10:49:49.709,1,48730,64052679,0,actual_torque_pct,15
2026-10-09T10:49:49.709,1,48730,64052679,0,engine_rpm,814.000
2026-10-09T10:49:49.719,1,48737,64062666,0,actual_torque_pct,15
2026-10-09T10:49:49.719,1,48737,64062666,0,engine_rpm,816.000
2026-10-09T10:49:49.730,1,48744,64072827,0,actual_torque_pct,15
2026-10-09T10:49:49.730,1,48744,64072827,0,engine_rpm,817.000
2026-10-09T10:49:49.740,1,48753,64083880,0,actual_torque_pct,15
2026-10-09T10:49:49.740,1,48753,64083880,0,engine_rpm,817.000
2026-10-09T10:49:49.740,1,48754,64084450,39,vehicle_speed_kmh,0.000
2026-10-09T10:49:49.749,1,48762,64092710,0,engine_load_pct,33
2026-10-09T10:49:49.749,1,48763,64093269,0,actual_torque_pct,15
2026-10-09T10:49:49.749,1,48763,64093269,0,engine_rpm,820.000
2026-10-09T10:49:49.754,1,48765,64098319,0,coolant_temp_c,32
2026-10-09T10:49:49.754,1,48765,64098319,0,fuel_temp_c,32
2026-10-09T10:49:49.754,1,48765,64098319,0,oil_temp_c,33.38
2026-10-09T10:49:49.759,1,48770,64102668,0,actual_torque_pct,15
2026-10-09T10:49:49.759,1,48770,64102668,0,engine_rpm,822.000
2026-10-09T10:49:49.761,1,48773,64104355,0,fuel_rate_lph,6.45
2026-10-09T10:49:49.761,1,48773,64104355,0,fuel_econ_inst_kmpl,0.000
2026-10-09T10:49:49.768,1,48778,64112745,0,actual_torque_pct,15
2026-10-09T10:49:49.768,1,48778,64112745,0,engine_rpm,824.000
2026-10-09T10:49:49.780,1,48785,64122854,0,actual_torque_pct,15
2026-10-09T10:49:49.780,1,48785,64122854,0,engine_rpm,825.000
2026-10-09T10:49:49.787,1,48789,64130373,39,fuel_level_pct,1.2
2026-10-09T10:49:49.790,1,48795,64133809,0,actual_torque_pct,15
2026-10-09T10:49:49.790,1,48795,64133809,0,engine_rpm,827.000
2026-10-09T10:49:49.799,1,48805,64143333,0,actual_torque_pct,15
2026-10-09T10:49:49.799,1,48805,64143333,0,engine_rpm,827.000
2026-10-09T10:49:49.800,1,48806,64143918,0,engine_load_pct,33
2026-10-09T10:49:49.809,1,48812,64152697,0,actual_torque_pct,15
2026-10-09T10:49:49.809,1,48812,64152697,0,engine_rpm,829.000
2026-10-09T10:49:49.819,1,48819,64162681,0,actual_torque_pct,15
2026-10-09T10:49:49.819,1,48819,64162681,0,engine_rpm,830.000
2026-10-09T10:49:49.829,1,48826,64172817,0,actual_torque_pct,15
2026-10-09T10:49:49.829,1,48826,64172817,0,engine_rpm,832.000
2026-10-09T10:49:49.840,1,48834,64183351,0,actual_torque_pct,15
2026-10-09T10:49:49.840,1,48834,64183351,0,engine_rpm,833.000
2026-10-09T10:49:49.841,1,48836,64184496,39,vehicle_speed_kmh,0.000
2026-10-09T10:49:49.849,1,48844,64192703,0,engine_load_pct,33
2026-10-09T10:49:49.849,1,48845,64193282,0,actual_torque_pct,15
2026-10-09T10:49:49.849,1,48845,64193282,0,engine_rpm,835.000
2026-10-09T10:49:49.860,1,48853,64203135,0,actual_torque_pct,15
2026-10-09T10:49:49.860,1,48853,64203135,0,engine_rpm,835.000
2026-10-09T10:49:49.861,1,48855,64204289,0,fuel_rate_lph,6.40
2026-10-09T10:49:49.861,1,48855,64204289,0,fuel_econ_inst_kmpl,0.000
2026-10-09T10:49:49.869,1,48860,64212788,0,actual_torque_pct,14
2026-10-09T10:49:49.869,1,48860,64212788,0,engine_rpm,836.000
2026-10-09T10:49:49.870,1,48862,64213921,0,engine_hours,40.25
2026-10-09T10:49:49.879,1,48868,64222874,0,actual_torque_pct,14
2026-10-09T10:49:49.879,1,48868,64222874,0,engine_rpm,838.000
2026-10-09T10:49:49.887,1,48873,64230946,39,fuel_level_pct,1.2
2026-10-09T10:49:49.890,1,48878,64233827,0,actual_torque_pct,14
2026-10-09T10:49:49.890,1,48878,64233827,0,engine_rpm,840.000
2026-10-09T10:49:49.899,1,48888,64242822,0,engine_load_pct,31
2026-10-09T10:49:49.899,1,48889,64243371,0,actual_torque_pct,14
2026-10-09T10:49:49.899,1,48889,64243371,0,engine_rpm,842.000
2026-10-09T10:49:49.909,1,48894,64252676,0,actual_torque_pct,14
2026-10-09T10:49:49.909,1,48894,64252676,0,engine_rpm,844.000
2026-10-09T10:49:49.920,1,48899,64263215,0,actual_torque_pct,14
2026-10-09T10:49:49.920,1,48899,64263215,0,engine_rpm,844.000
2026-10-09T10:49:49.930,1,48906,64272934,0,actual_torque_pct,14
2026-10-09T10:49:49.930,1,48906,64272934,0,engine_rpm,846.000
2026-10-09T10:49:49.940,1,48914,64283306,0,actual_torque_pct,14
2026-10-09T10:49:49.940,1,48914,64283306,0,engine_rpm,847.000
2026-10-09T10:49:49.940,1,48916,64284451,39,vehicle_speed_kmh,0.000
2026-10-09T10:49:49.948,1,48924,64292709,0,engine_load_pct,31
2026-10-09T10:49:49.949,1,48925,64293278,0,actual_torque_pct,14
2026-10-09T10:49:49.949,1,48925,64293278,0,engine_rpm,849.000
2026-10-09T10:49:49.958,1,48931,64302647,0,actual_torque_pct,14
2026-10-09T10:49:49.958,1,48931,64302647,0,engine_rpm,850.000
2026-10-09T10:49:49.959,1,48932,64303225,0,fuel_rate_lph,6.00
2026-10-09T10:49:49.959,1,48932,64303225,0,fuel_econ_inst_kmpl,0.000
2026-10-09T10:49:49.968,1,48937,64312657,0,actual_torque_pct,14
2026-10-09T10:49:49.968,1,48937,64312657,0,engine_rpm,852.000
2026-10-09T10:49:49.980,1,48944,64322884,0,actual_torque_pct,14
2026-10-09T10:49:49.980,1,48944,64322884,0,engine_rpm,852.000
2026-10-09T10:49:49.988,1,48949,64330964,39,fuel_level_pct,1.2
2026-10-09T10:49:49.991,1,48954,64333825,0,actual_torque_pct,14
2026-10-09T10:49:49.991,1,48954,64333825,0,engine_rpm,852.000
2026-10-09T10:49:49.999,1,48964,64342781,0,engine_load_pct,31
2026-10-09T10:49:50.000,1,48965,64343357,0,actual_torque_pct,14
2026-10-09T10:49:50.000,1,48965,64343357,0,engine_rpm,854.000
2026-10-09T10:49:50.009,1,48970,64352678,0,actual_torque_pct,14
2026-10-09T10:49:50.009,1,48970,64352678,0,engine_rpm,857.000
2026-10-09T10:49:50.020,1,48975,64362695,0,actual_torque_pct,14
2026-10-09T10:49:50.020,1,48975,64362695,0,engine_rpm,859.000
2026-10-09T10:49:50.030,1,48984,64373531,0,actual_torque_pct,14
2026-10-09T10:49:50.030,1,48984,64373531,0,engine_rpm,860.000
2026-10-09T10:49:50.039,1,48992,64383318,0,actual_torque_pct,14
2026-10-09T10:49:50.039,1,48992,64383318,0,engine_rpm,861.000
2026-10-09T10:49:50.040,1,48994,64384462,39,vehicle_speed_kmh,0.000
2026-10-09T10:49:50.049,1,49002,64392716,0,engine_load_pct,31
2026-10-09T10:49:50.049,1,49003,64393289,0,actual_torque_pct,14
2026-10-09T10:49:50.049,1,49003,64393289,0,engine_rpm,863.000
2026-10-09T10:49:50.053,1,49005,64397050,0,boost_pressure_kpa,106
2026-10-09T10:49:50.053,1,49005,64397050,0,intake_manifold_temp_c,31
2026-10-09T10:49:50.059,1,49010,64403312,0,actual_torque_pct,13
2026-10-09T10:49:50.059,1,49010,64403312,0,engine_rpm,864.000
2026-10-09T10:49:50.060,1,49012,64404476,0,fuel_rate_lph,5.95
2026-10-09T10:49:50.060,1,49012,64404476,0,fuel_econ_inst_kmpl,0.000
2026-10-09T10:49:50.069,1,49017,64413031,0,actual_torque_pct,13
2026-10-09T10:49:50.069,1,49017,64413031,0,engine_rpm,864.000
2026-10-09T10:49:50.080,1,49024,64422947,0,actual_torque_pct,13
2026-10-09T10:49:50.080,1,49024,64422947,0,engine_rpm,866.000
2026-10-09T10:49:50.084,1,49028,64427336,39,fuel_level_pct,1.2
2026-10-09T10:49:50.090,1,49034,64433249,0,actual_torque_pct,13
2026-10-09T10:49:50.090,1,49034,64433249,0,engine_rpm,867.000
2026-10-09T10:49:50.099,1,49044,64442784,0,engine_load_pct,28
2026-10-09T10:49:50.099,1,49045,64443350,0,actual_torque_pct,13
2026-10-09T10:49:50.099,1,49045,64443350,0,engine_rpm,868.000
2026-10-09T10:49:50.108,1,49050,64452678,0,actual_torque_pct,13
2026-10-09T10:49:50.108,1,49050,64452678,0,engine_rpm,869.000
2026-10-09T10:49:50.119,1,49055,64462736,0,actual_torque_pct,13
2026-10-09T10:49:50.119,1,49055,64462736,0,engine_rpm,869.000
2026-10-09T10:49:50.130,1,49062,64472839,0,actual_torque_pct,13
2026-10-09T10:49:50.130,1,49062,64472839,0,engine_rpm,870.000
2026-10-09T10:49:50.139,1,49070,64483315,0,actual_torque_pct,13
2026-10-09T10:49:50.139,1,49070,64483315,0,engine_rpm,870.000
2026-10-09T10:49:50.140,1,49072,64484457,39,vehicle_speed_kmh,0.000
2026-10-09T10:49:50.148,1,49080,64492713,0,engine_load_pct,28
2026-10-09T10:49:50.149,1,49081,64493283,0,actual_torque_pct,13
2026-10-09T10:49:50.149,1,49081,64493283,0,engine_rpm,872.000
2026-10-09T10:49:50.156,1,49083,64497959,0,oil_pressure_kpa,592
2026-10-09T10:49:50.159,1,49088,64502657,0,actual_torque_pct,13
2026-10-09T10:49:50.159,1,49088,64502657,0,engine_rpm,872.000
2026-10-09T10:49:50.159,1,49089,64503227,0,fuel_rate_lph,5.55
2026-10-09T10:49:50.159,1,49089,64503227,0,fuel_econ_inst_kmpl,0.000
2026-10-09T10:49:50.169,1,49094,64512664,0,actual_torque_pct,13
2026-10-09T10:49:50.169,1,49094,64512664,0,engine_rpm,873.000
2026-10-09T10:49:50.179,1,49101,64522879,0,actual_torque_pct,13
2026-10-09T10:49:50.179,1,49101,64522879,0,engine_rpm,874.000
2026-10-09T10:49:50.189,1,49110,64533254,0,actual_torque_pct,13
2026-10-09T10:49:50.189,1,49110,64533254,0,engine_rpm,875.000
2026-10-09T10:49:50.192,1,49115,64536124,39,fuel_level_pct,1.2
2026-10-09T10:49:50.199,1,49121,64542787,0,engine_load_pct,28
2026-10-09T10:49:50.200,1,49122,64543357,0,actual_torque_pct,13
2026-10-09T10:49:50.200,1,49122,64543357,0,engine_rpm,876.000
2026-10-09T10:49:50.209,1,49127,64552675,0,actual_torque_pct,13
2026-10-09T10:49:50.209,1,49127,64552675,0,engine_rpm,876.000
2026-10-09T10:49:50.219,1,49132,64563064,0,actual_torque_pct,13
2026-10-09T10:49:50.219,1,49132,64563064,0,engine_rpm,876.000
2026-10-09T10:49:50.230,1,49139,64572833,0,actual_torque_pct,13
2026-10-09T10:49:50.230,1,49139,64572833,0,engine_rpm,876.000
2026-10-09T10:49:50.240,1,49147,64583329,0,actual_torque_pct,13
2026-10-09T10:49:50.240,1,49147,64583329,0,engine_rpm,876.000
2026-10-09T10:49:50.241,1,49149,64584464,39,vehicle_speed_kmh,0.000
2026-10-09T10:49:50.249,1,49157,64592712,0,engine_load_pct,28
2026-10-09T10:49:50.250,1,49158,64593275,0,actual_torque_pct,13
2026-10-09T10:49:50.250,1,49158,64593275,0,engine_rpm,876.000
2026-10-09T10:49:50.259,1,49164,64602658,0,actual_torque_pct,13
2026-10-09T10:49:50.259,1,49164,64602658,0,engine_rpm,876.000
2026-10-09T10:49:50.259,1,49165,64603237,0,fuel_rate_lph,5.55
2026-10-09T10:49:50.259,1,49165,64603237,0,fuel_econ_inst_kmpl,0.000
2026-10-09T10:49:50.269,1,49170,64612653,0,actual_torque_pct,13
2026-10-09T10:49:50.269,1,49170,64612653,0,engine_rpm,878.000
2026-10-09T10:49:50.279,1,49177,64622861,0,actual_torque_pct,13
2026-10-09T10:49:50.279,1,49177,64622861,0,engine_rpm,880.000
2026-10-09T10:49:50.287,1,49182,64630953,39,fuel_level_pct,1.2
2026-10-09T10:49:50.290,1,49187,64633826,0,actual_torque_pct,13
2026-10-09T10:49:50.290,1,49187,64633826,0,engine_rpm,881.000
2026-10-09T10:49:50.299,1,49197,64642927,0,actual_torque_pct,13
2026-10-09T10:49:50.299,1,49197,64642927,0,engine_rpm,881.000
2026-10-09T10:49:50.299,1,49198,64643519,0,engine_load_pct,28
2026-10-09T10:49:50.309,1,49203,64653087,0,actual_torque_pct,13
2026-10-09T10:49:50.309,1,49203,64653087,0,engine_rpm,881.000
2026-10-09T10:49:50.319,1,49209,64662702,0,actual_torque_pct,13
2026-10-09T10:49:50.319,1,49209,64662702,0,engine_rpm,882.000
2026-10-09T10:49:50.329,1,49216,64672844,0,actual_torque_pct,13
2026-10-09T10:49:50.329,1,49216,64672844,0,engine_rpm,883.000
2026-10-09T10:49:50.339,1,49224,64683328,0,actual_torque_pct,13
2026-10-09T10:49:50.339,1,49224,64683328,0,engine_rpm,883.000
2026-10-09T10:49:50.341,1,49226,64684475,39,vehicle_speed_kmh,0.000
2026-10-09T10:49:50.349,1,49234,64692734,0,engine_load_pct,28
2026-10-09T10:49:50.350,1,49235,64693285,0,actual_torque_pct,13
2026-10-09T10:49:50.350,1,49235,64693285,0,engine_rpm,883.000
2026-10-09T10:49:50.359,1,49241,64702688,0,actual_torque_pct,12
2026-10-09T10:49:50.359,1,49241,64702688,0,engine_rpm,884.000
2026-10-09T10:49:50.360,1,49243,64703641,0,fuel_rate_lph,5.55
2026-10-09T10:49:50.360,1,49243,64703641,0,fuel_econ_inst_kmpl,0.000
2026-10-09T10:49:50.368,1,49249,64712638,0,actual_torque_pct,12
2026-10-09T10:49:50.368,1,49249,64712638,0,engine_rpm,885.000
2026-10-09T10:49:50.379,1,49257,64722869,0,actual_torque_pct,12
2026-10-09T10:49:50.379,1,49257,64722869,0,engine_rpm,886.000
2026-10-09T10:49:50.389,1,49265,64732696,39,fuel_level_pct,1.2
2026-10-09T10:49:50.391,1,49267,64733834,0,actual_torque_pct,12
2026-10-09T10:49:50.391,1,49267,64733834,0,engine_rpm,886.000
2026-10-09T10:49:50.399,1,49278,64742836,0,engine_load_pct,26
2026-10-09T10:49:50.399,1,49279,64743388,0,actual_torque_pct,12
2026-10-09T10:49:50.399,1,49279,64743388,0,engine_rpm,885.000
2026-10-09T10:49:50.409,1,49284,64752640,0,actual_torque_pct,12
2026-10-09T10:49:50.409,1,49284,64752640,0,engine_rpm,885.000
2026-10-09T10:49:50.418,1,49289,64762672,0,actual_torque_pct,12
2026-10-09T10:49:50.418,1,49289,64762672,0,engine_rpm,886.000
2026-10-09T10:49:50.429,1,49296,64772848,0,actual_torque_pct,12
2026-10-09T10:49:50.429,1,49296,64772848,0,engine_rpm,886.000
2026-10-09T10:49:50.440,1,49304,64783327,0,actual_torque_pct,12
2026-10-09T10:49:50.440,1,49304,64783327,0,engine_rpm,886.000
2026-10-09T10:49:50.440,1,49306,64784456,39,vehicle_speed_kmh,0.000
2026-10-09T10:49:50.448,1,49314,64792727,0,engine_load_pct,26
2026-10-09T10:49:50.449,1,49315,64793288,0,actual_torque_pct,12
2026-10-09T10:49:50.449,1,49315,64793288,0,engine_rpm,886.000
2026-10-09T10:49:50.458,1,49321,64802648,0,actual_torque_pct,12
2026-10-09T10:49:50.458,1,49321,64802648,0,engine_rpm,886.000
2026-10-09T10:49:50.459,1,49322,64803233,0,fuel_rate_lph,5.20
2026-10-09T10:49:50.459,1,49322,64803233,0,fuel_econ_inst_kmpl,0.000
2026-10-09T10:49:50.469,1,49327,64812837,0,actual_torque_pct,12
2026-10-09T10:49:50.469,1,49327,64812837,0,engine_rpm,886.000
2026-10-09T10:49:50.480,1,49334,64822866,0,actual_torque_pct,12
2026-10-09T10:49:50.480,1,49334,64822866,0,engine_rpm,886.000
2026-10-09T10:49:50.488,1,49339,64830948,39,fuel_level_pct,1.2
2026-10-09T10:49:50.491,1,49344,64833823,0,actual_torque_pct,12
2026-10-09T10:49:50.491,1,49344,64833823,0,engine_rpm,886.000
2026-10-09T10:49:50.499,1,49354,64842787,0,engine_load_pct,26
2026-10-09T10:49:50.500,1,49355,64843365,0,actual_torque_pct,12
2026-10-09T10:49:50.500,1,49355,64843365,0,engine_rpm,885.000
2026-10-09T10:49:50.509,1,49360,64852630,0,actual_torque_pct,12
2026-10-09T10:49:50.509,1,49360,64852630,0,engine_rpm,886.000
2026-10-09T10:49:50.519,1,49365,64862679,0,actual_torque_pct,12
2026-10-09T10:49:50.519,1,49365,64862679,0,engine_rpm,887.000
2026-10-09T10:49:50.530,1,49372,64872844,0,actual_torque_pct,12
2026-10-09T10:49:50.530,1,49372,64872844,0,engine_rpm,886.000
2026-10-09T10:49:50.539,1,49380,64883319,0,actual_torque_pct,12
2026-10-09T10:49:50.539,1,49380,64883319,0,engine_rpm,887.000
2026-10-09T10:49:50.541,1,49382,64884458,39,vehicle_speed_kmh,0.000
2026-10-09T10:49:50.548,1,49390,64892712,0,engine_load_pct,26
2026-10-09T10:49:50.549,1,49391,64893281,0,actual_torque_pct,12
2026-10-09T10:49:50.549,1,49391,64893281,0,engine_rpm,888.000
2026-10-09T10:49:50.552,1,49394,64896369,0,boost_pressure_kpa,106
2026-10-09T10:49:50.552,1,49394,64896369,0,intake_manifold_temp_c,31
2026-10-09T10:49:50.559,1,49399,64902939,0,actual_torque_pct,12
2026-10-09T10:49:50.559,1,49399,64902939,0,engine_rpm,887.000
2026-10-09T10:49:50.560,1,49402,64904653,0,fuel_rate_lph,5.20
2026-10-09T10:49:50.560,1,49402,64904653,0,fuel_econ_inst_kmpl,0.000
2026-10-09T10:49:50.569,1,49407,64912792,0,actual_torque_pct,12
2026-10-09T10:49:50.569,1,49407,64912792,0,engine_rpm,887.000
2026-10-09T10:49:50.579,1,49414,64922876,0,actual_torque_pct,12
2026-10-09T10:49:50.579,1,49414,64922876,0,engine_rpm,887.000
2026-10-09T10:49:50.589,1,49422,64932668,0,actual_torque_pct,12
2026-10-09T10:49:50.589,1,49422,64932668,0,engine_rpm,887.000
2026-10-09T10:49:50.590,1,49423,64933260,39,fuel_level_pct,1.2
2026-10-09T10:49:50.599,1,49434,64942793,0,engine_load_pct,26
2026-10-09T10:49:50.599,1,49435,64943365,0,actual_torque_pct,12
2026-10-09T10:49:50.599,1,49435,64943365,0,engine_rpm,887.000
2026-10-09T10:49:50.609,1,49441,64952636,0,actual_torque_pct,12
2026-10-09T10:49:50.609,1,49441,64952636,0,engine_rpm,887.000
2026-10-09T10:49:50.619,1,49446,64962679,0,actual_torque_pct,12
2026-10-09T10:49:50.619,1,49446,64962679,0,engine_rpm,886.000
2026-10-09T10:49:50.630,1,49453,64972851,0,actual_torque_pct,12
2026-10-09T10:49:50.630,1,49453,64972851,0,engine_rpm,886.000
2026-10-09T10:49:50.639,1,49461,64983334,0,actual_torque_pct,12
2026-10-09T10:49:50.639,1,49461,64983334,0,engine_rpm,887.000
2026-10-09T10:49:50.641,1,49463,64984461,39,vehicle_speed_kmh,0.000
2026-10-09T10:49:50.649,1,49471,64992892,0,actual_torque_pct,12
2026-10-09T10:49:50.649,1,49471,64992892,0,engine_rpm,887.000
2026-10-09T10:49:50.649,1,49472,64993476,0,engine_load_pct,26
2026-10-09T10:49:50.654,1,49474,64997546,0,oil_pressure_kpa,596
2026-10-09T10:49:50.658,1,49479,65002746,0,actual_torque_pct,12
2026-10-09T10:49:50.658,1,49479,65002746,0,engine_rpm,887.000
2026-10-09T10:49:50.660,1,49482,65004463,0,fuel_rate_lph,5.20
2026-10-09T10:49:50.660,1,49482,65004463,0,fuel_econ_inst_kmpl,0.000
2026-10-09T10:49:50.669,1,49487,65012664,0,actual_torque_pct,12
2026-10-09T10:49:50.669,1,49487,65012664,0,engine_rpm,886.000
2026-10-09T10:49:50.679,1,49494,65022874,0,actual_torque_pct,12
2026-10-09T10:49:50.679,1,49494,65022874,0,engine_rpm,886.000
2026-10-09T10:49:50.688,1,49499,65030968,39,fuel_level_pct,1.2
2026-10-09T10:49:50.691,1,49505,65033844,0,actual_torque_pct,12
2026-10-09T10:49:50.691,1,49505,65033844,0,engine_rpm,887.000
2026-10-09T10:49:50.699,1,49515,65042787,0,engine_load_pct,26
2026-10-09T10:49:50.700,1,49516,65043358,0,actual_torque_pct,12
2026-10-09T10:49:50.700,1,49516,65043358,0,engine_rpm,887.000
2026-10-09T10:49:50.708,1,49522,65052628,0,actual_torque_pct,12
2026-10-09T10:49:50.708,1,49522,65052628,0,engine_rpm,887.000
2026-10-09T10:49:50.719,1,49529,65062692,0,actual_torque_pct,12
2026-10-09T10:49:50.719,1,49529,65062692,0,engine_rpm,887.000
2026-10-09T10:49:50.729,1,49536,65072857,0,actual_torque_pct,12
2026-10-09T10:49:50.729,1,49536,65072857,0,engine_rpm,887.000
2026-10-09T10:49:50.739,1,49544,65083321,0,actual_torque_pct,12
2026-10-09T10:49:50.739,1,49544,65083321,0,engine_rpm,887.000
2026-10-09T10:49:50.741,1,49546,65084464,39,vehicle_speed_kmh,0.000
2026-10-09T10:49:50.748,1,49554,65092713,0,actual_torque_pct,12
2026-10-09T10:49:50.748,1,49554,65092713,0,engine_rpm,886.000
2026-10-09T10:49:50.749,1,49555,65093283,0,engine_load_pct,26
2026-10-09T10:49:50.753,1,49557,65097335,0,coolant_temp_c,32
2026-10-09T10:49:50.753,1,49557,65097335,0,fuel_temp_c,32
2026-10-09T10:49:50.753,1,49557,65097335,0,oil_temp_c,33.38
2026-10-09T10:49:50.758,1,49562,65102643,0,actual_torque_pct,12
2026-10-09T10:49:50.758,1,49562,65102643,0,engine_rpm,886.000
2026-10-09T10:49:50.761,1,49565,65104368,0,fuel_rate_lph,5.20
2026-10-09T10:49:50.761,1,49565,65104368,0,fuel_econ_inst_kmpl,0.000
2026-10-09T10:49:50.769,1,49570,65112741,0,actual_torque_pct,12
2026-10-09T10:49:50.769,1,49570,65112741,0,engine_rpm,886.000
2026-10-09T10:49:50.779,1,49577,65122873,0,actual_torque_pct,12
2026-10-09T10:49:50.779,1,49577,65122873,0,engine_rpm,888.000
2026-10-09T10:49:50.789,1,49585,65132745,0,actual_torque_pct,12
2026-10-09T10:49:50.789,1,49585,65132745,0,engine_rpm,888.000
2026-10-09T10:49:50.789,1,49586,65133323,39,fuel_level_pct,1.2
2026-10-09T10:49:50.800,1,49597,65142806,0,engine_load_pct,26
2026-10-09T10:49:50.800,1,49598,65143361,0,actual_torque_pct,12
2026-10-09T10:49:50.800,1,49598,65143361,0,engine_rpm,888.000
2026-10-09T10:49:50.808,1,49604,65152650,0,actual_torque_pct,12
2026-10-09T10:49:50.808,1,49604,65152650,0,engine_rpm,888.000
2026-10-09T10:49:50.819,1,49611,65162695,0,actual_torque_pct,12
2026-10-09T10:49:50.819,1,49611,65162695,0,engine_rpm,888.000
2026-10-09T10:49:50.830,1,49618,65172903,0,actual_torque_pct,12
2026-10-09T10:49:50.830,1,49618,65172903,0,engine_rpm,888.000
2026-10-09T10:49:50.839,1,49626,65183353,0,actual_torque_pct,12
2026-10-09T10:49:50.839,1,49626,65183353,0,engine_rpm,888.000
2026-10-09T10:49:50.841,1,49628,65184499,39,vehicle_speed_kmh,0.000
2026-10-09T10:49:50.848,1,49636,65192709,0,engine_load_pct,26
2026-10-09T10:49:50.849,1,49637,65193285,0,actual_torque_pct,12
2026-10-09T10:49:50.849,1,49637,65193285,0,engine_rpm,888.000
2026-10-09T10:49:50.859,1,49644,65202655,0,actual_torque_pct,12
2026-10-09T10:49:50.859,1,49644,65202655,0,engine_rpm,888.000
2026-10-09T10:49:50.861,1,49647,65204199,0,fuel_rate_lph,5.20
2026-10-09T10:49:50.861,1,49647,65204199,0,fuel_econ_inst_kmpl,0.000
2026-10-09T10:49:50.870,1,49652,65212789,0,actual_torque_pct,12
2026-10-09T10:49:50.870,1,49652,65212789,0,engine_rpm,888.000
2026-10-09T10:49:50.871,1,49654,65213919,0,engine_hours,40.25
2026-10-09T10:49:50.880,1,49660,65222870,0,actual_torque_pct,12
2026-10-09T10:49:50.880,1,49660,65222870,0,engine_rpm,888.000
2026-10-09T10:49:50.888,1,49665,65230964,39,fuel_level_pct,1.2
2026-10-09T10:49:50.891,1,49670,65233836,0,actual_torque_pct,12
2026-10-09T10:49:50.891,1,49670,65233836,0,engine_rpm,888.000
2026-10-09T10:49:50.899,1,49680,65242734,0,engine_load_pct,26
2026-10-09T10:49:50.899,1,49681,65243296,0,actual_torque_pct,12
2026-10-09T10:49:50.899,1,49681,65243296,0,engine_rpm,888.000
2026-10-09T10:49:50.909,1,49686,65252632,0,actual_torque_pct,12
2026-10-09T10:49:50.909,1,49686,65252632,0,engine_rpm,888.000
2026-10-09T10:49:50.920,1,49691,65262703,0,actual_torque_pct,12
2026-10-09T10:49:50.920,1,49691,65262703,0,engine_rpm,888.000
2026-10-09T10:49:50.930,1,49698,65272918,0,actual_torque_pct,12
2026-10-09T10:49:50.930,1,49698,65272918,0,engine_rpm,888.000
2026-10-09T10:49:50.940,1,49706,65283320,0,actual_torque_pct,12
2026-10-09T10:49:50.940,1,49706,65283320,0,engine_rpm,888.000
2026-10-09T10:49:50.941,1,49708,65284468,39,vehicle_speed_kmh,0.000
2026-10-09T10:49:50.949,1,49716,65292708,0,engine_load_pct,26
2026-10-09T10:49:50.950,1,49717,65293276,0,actual_torque_pct,12
2026-10-09T10:49:50.950,1,49717,65293276,0,engine_rpm,888.000
2026-10-09T10:49:50.959,1,49723,65302665,0,actual_torque_pct,12
2026-10-09T10:49:50.959,1,49723,65302665,0,engine_rpm,889.000
2026-10-09T10:49:50.960,1,49724,65303241,0,fuel_rate_lph,5.20
2026-10-09T10:49:50.960,1,49724,65303241,0,fuel_econ_inst_kmpl,0.000
2026-10-09T10:49:50.969,1,49729,65312668,0,actual_torque_pct,12
2026-10-09T10:49:50.969,1,49729,65312668,0,engine_rpm,889.000
2026-10-09T10:49:50.980,1,49736,65322927,0,actual_torque_pct,13
2026-10-09T10:49:50.980,1,49736,65322927,0,engine_rpm,889.000
2026-10-09T10:49:50.989,1,49744,65332681,0,actual_torque_pct,13
2026-10-09T10:49:50.989,1,49744,65332681,0,engine_rpm,889.000
2026-10-09T10:49:50.990,1,49745,65333268,39,fuel_level_pct,1.2
2026-10-09T10:49:51.000,1,49756,65342800,0,engine_load_pct,28
2026-10-09T10:49:51.000,1,49757,65343366,0,actual_torque_pct,13
2026-10-09T10:49:51.000,1,49757,65343366,0,engine_rpm,889.000
2026-10-09T10:49:51.009,1,49762,65352651,0,actual_torque_pct,13
2026-10-09T10:49:51.009,1,49762,65352651,0,engine_rpm,889.000
2026-10-09T10:49:51.019,1,49767,65362686,0,actual_torque_pct,13
2026-10-09T10:49:51.019,1,49767,65362686,0,engine_rpm,889.000
2026-10-09T10:49:51.030,1,49774,65372920,0,actual_torque_pct,13
2026-10-09T10:49:51.030,1,49774,65372920,0,engine_rpm,889.000
2026-10-09T10:49:51.040,1,49784,65383310,0,actual_torque_pct,13
2026-10-09T10:49:51.040,1,49784,65383310,0,engine_rpm,889.000
2026-10-09T10:49:51.041,1,49786,65384462,39,vehicle_speed_kmh,0.000
2026-10-09T10:49:51.050,1,49794,65392727,0,engine_load_pct,28
2026-10-09T10:49:51.050,1,49795,65393300,0,actual_torque_pct,13
2026-10-09T10:49:51.050,1,49795,65393300,0,engine_rpm,890.000
2026-10-09T10:49:51.054,1,49797,65397320,0,boost_pressure_kpa,108
2026-10-09T10:49:51.054,1,49797,65397320,0,intake_manifold_temp_c,32
2026-10-09T10:49:51.059,1,49802,65402658,0,actual_torque_pct,13
2026-10-09T10:49:51.059,1,49802,65402658,0,engine_rpm,890.000
2026-10-09T10:49:51.061,1,49804,65403811,0,fuel_rate_lph,5.50
2026-10-09T10:49:51.061,1,49804,65403811,0,fuel_econ_inst_kmpl,0.000
2026-10-09T10:49:51.069,1,49809,65412665,0,actual_torque_pct,13
2026-10-09T10:49:51.069,1,49809,65412665,0,engine_rpm,890.000
2026-10-09T10:49:51.080,1,49816,65422929,0,actual_torque_pct,13
2026-10-09T10:49:51.080,1,49816,65422929,0,engine_rpm,891.000
2026-10-09T10:49:51.088,1,49821,65430960,39,fuel_level_pct,1.2
2026-10-09T10:49:51.091,1,49826,65433835,0,actual_torque_pct,13
2026-10-09T10:49:51.091,1,49826,65433835,0,engine_rpm,892.000
2026-10-09T10:49:51.100,1,49836,65442793,0,engine_load_pct,28
2026-10-09T10:49:51.100,1,49837,65443373,0,actual_torque_pct,13
2026-10-09T10:49:51.100,1,49837,65443373,0,engine_rpm,892.000
2026-10-09T10:49:51.109,1,49842,65452625,0,actual_torque_pct,13
2026-10-09T10:49:51.109,1,49842,65452625,0,engine_rpm,892.000
2026-10-09T10:49:51.119,1,49847,65462771,0,actual_torque_pct,13
2026-10-09T10:49:51.119,1,49847,65462771,0,engine_rpm,892.000
2026-10-09T10:49:51.130,1,49854,65472846,0,actual_torque_pct,13
2026-10-09T10:49:51.130,1,49854,65472846,0,engine_rpm,892.000
2026-10-09T10:49:51.140,1,49862,65483310,0,actual_torque_pct,13
2026-10-09T10:49:51.140,1,49862,65483310,0,engine_rpm,892.000
2026-10-09T10:49:51.141,1,49864,65484471,39,vehicle_speed_kmh,0.000
2026-10-09T10:49:51.149,1,49872,65492727,0,engine_load_pct,28
2026-10-09T10:49:51.150,1,49873,65493301,0,actual_torque_pct,13
2026-10-09T10:49:51.150,1,49873,65493301,0,engine_rpm,892.000
2026-10-09T10:49:51.154,1,49875,65497147,0,oil_pressure_kpa,588
2026-10-09T10:49:51.159,1,49880,65502658,0,actual_torque_pct,14
2026-10-09T10:49:51.159,1,49880,65502658,0,engine_rpm,892.000
2026-10-09T10:49:51.160,1,49881,65503236,0,fuel_rate_lph,5.50
2026-10-09T10:49:51.160,1,49881,65503236,0,fuel_econ_inst_kmpl,0.000
2026-10-09T10:49:51.169,1,49886,65512669,0,actual_torque_pct,14
2026-10-09T10:49:51.169,1,49886,65512669,0,engine_rpm,893.000
2026-10-09T10:49:51.180,1,49893,65522875,0,actual_torque_pct,14
2026-10-09T10:49:51.180,1,49893,65522875,0,engine_rpm,894.000
2026-10-09T10:49:51.189,1,49902,65533252,0,actual_torque_pct,14
2026-10-09T10:49:51.189,1,49902,65533252,0,engine_rpm,895.000
2026-10-09T10:49:51.192,1,49907,65536126,39,fuel_level_pct,1.2
2026-10-09T10:49:51.199,1,49913,65542842,0,engine_load_pct,30
2026-10-09T10:49:51.200,1,49914,65543417,0,actual_torque_pct,14
2026-10-09T10:49:51.200,1,49914,65543417,0,engine_rpm,895.000
2026-10-09T10:49:51.209,1,49919,65552625,0,actual_torque_pct,14
2026-10-09T10:49:51.209,1,49919,65552625,0,engine_rpm,895.000
2026-10-09T10:49:51.218,1,49924,65562690,0,actual_torque_pct,14
2026-10-09T10:49:51.218,1,49924,65562690,0,engine_rpm,896.000
2026-10-09T10:49:51.229,1,49931,65572843,0,actual_torque_pct,14
2026-10-09T10:49:51.229,1,49931,65572843,0,engine_rpm,897.000
2026-10-09T10:49:51.240,1,49939,65583301,0,actual_torque_pct,14
2026-10-09T10:49:51.240,1,49939,65583301,0,engine_rpm,897.000
2026-10-09T10:49:51.241,1,49941,65584460,39,vehicle_speed_kmh,0.000
2026-10-09T10:49:51.248,1,49949,65592709,0,engine_load_pct,30
2026-10-09T10:49:51.249,1,49950,65593286,0,actual_torque_pct,14
2026-10-09T10:49:51.249,1,49950,65593286,0,engine_rpm,898.000
2026-10-09T10:49:51.259,1,49956,65602658,0,actual_torque_pct,15
2026-10-09T10:49:51.259,1,49956,65602658,0,engine_rpm,898.000
2026-10-09T10:49:51.259,1,49957,65603234,0,fuel_rate_lph,5.80
2026-10-09T10:49:51.259,1,49957,65603234,0,fuel_econ_inst_kmpl,0.000
2026-10-09T10:49:51.269,1,49962,65612651,0,actual_torque_pct,15
2026-10-09T10:49:51.269,1,49962,65612651,0,engine_rpm,899.000
2026-10-09T10:49:51.280,1,49969,65622861,0,actual_torque_pct,15
2026-10-09T10:49:51.280,1,49969,65622861,0,engine_rpm,900.000
2026-10-09T10:49:51.288,1,49974,65630951,39,fuel_level_pct,1.2
2026-10-09T10:49:51.291,1,49979,65633832,0,actual_torque_pct,15
2026-10-09T10:49:51.291,1,49979,65633832,0,engine_rpm,901.000
2026-10-09T10:49:51.299,1,49989,65642824,0,engine_load_pct,32
2026-10-09T10:49:51.299,1,49990,65643377,0,actual_torque_pct,15
2026-10-09T10:49:51.299,1,49990,65643377,0,engine_rpm,901.000
2026-10-09T10:49:51.309,1,49995,65652633,0,actual_torque_pct,15
2026-10-09T10:49:51.309,1,49995,65652633,0,engine_rpm,901.000
2026-10-09T10:49:51.319,1,50001,65662704,0,actual_torque_pct,15
2026-10-09T10:49:51.319,1,50001,65662704,0,engine_rpm,902.000
2026-10-09T10:49:51.329,1,50008,65672851,0,actual_torque_pct,15
2026-10-09T10:49:51.329,1,50008,65672851,0,engine_rpm,903.000
2026-10-09T10:49:51.339,1,50016,65683325,0,actual_torque_pct,15
2026-10-09T10:49:51.339,1,50016,65683325,0,engine_rpm,903.000
2026-10-09T10:49:51.341,1,50018,65684466,39,vehicle_speed_kmh,0.000
2026-10-09T10:49:51.349,1,50026,65692739,0,engine_load_pct,32
2026-10-09T10:49:51.349,1,50027,65693294,0,actual_torque_pct,15
2026-10-09T10:49:51.349,1,50027,65693294,0,engine_rpm,904.000
2026-10-09T10:49:51.358,1,50033,65702688,0,actual_torque_pct,15
2026-10-09T10:49:51.358,1,50033,65702688,0,engine_rpm,905.000
2026-10-09T10:49:51.360,1,50035,65703667,0,fuel_rate_lph,6.10
2026-10-09T10:49:51.360,1,50035,65703667,0,fuel_econ_inst_kmpl,0.000
2026-10-09T10:49:51.369,1,50041,65712656,0,actual_torque_pct,15
2026-10-09T10:49:51.369,1,50041,65712656,0,engine_rpm,906.000
2026-10-09T10:49:51.379,1,50049,65722849,0,actual_torque_pct,15
2026-10-09T10:49:51.379,1,50049,65722849,0,engine_rpm,907.000
2026-10-09T10:49:51.388,1,50057,65732673,0,actual_torque_pct,15
2026-10-09T10:49:51.388,1,50057,65732673,0,engine_rpm,908.000
2026-10-09T10:49:51.389,1,50058,65733256,39,fuel_level_pct,1.2
2026-10-09T10:49:51.399,1,50070,65742978,0,actual_torque_pct,15
2026-10-09T10:49:51.399,1,50070,65742978,0,engine_rpm,908.000
2026-10-09T10:49:51.399,1,50071,65743564,0,engine_load_pct,32
2026-10-09T10:49:51.408,1,50076,65752694,0,actual_torque_pct,15
2026-10-09T10:49:51.408,1,50076,65752694,0,engine_rpm,910.000
2026-10-09T10:49:51.419,1,50081,65762690,0,actual_torque_pct,15
2026-10-09T10:49:51.419,1,50081,65762690,0,engine_rpm,911.000
2026-10-09T10:49:51.429,1,50088,65772839,0,actual_torque_pct,15
2026-10-09T10:49:51.429,1,50088,65772839,0,engine_rpm,912.000
2026-10-09T10:49:51.439,1,50096,65783322,0,actual_torque_pct,15
2026-10-09T10:49:51.439,1,50096,65783322,0,engine_rpm,912.000
2026-10-09T10:49:51.441,1,50098,65784476,39,vehicle_speed_kmh,0.000
2026-10-09T10:49:51.448,1,50106,65792720,0,engine_load_pct,32
2026-10-09T10:49:51.449,1,50107,65793301,0,actual_torque_pct,15
2026-10-09T10:49:51.449,1,50107,65793301,0,engine_rpm,913.000
2026-10-09T10:49:51.459,1,50113,65802649,0,actual_torque_pct,15
2026-10-09T10:49:51.459,1,50113,65802649,0,engine_rpm,913.000
2026-10-09T10:49:51.459,1,50114,65803241,0,fuel_rate_lph,6.20
2026-10-09T10:49:51.459,1,50114,65803241,0,fuel_econ_inst_kmpl,0.000
2026-10-09T10:49:51.469,1,50119,65812652,0,actual_torque_pct,15
2026-10-09T10:49:51.469,1,50119,65812652,0,engine_rpm,913.000
2026-10-09T10:49:51.479,1,50126,65822850,0,actual_torque_pct,15
2026-10-09T10:49:51.479,1,50126,65822850,0,engine_rpm,914.000
2026-10-09T10:49:51.488,1,50134,65832670,0,actual_torque_pct,15
2026-10-09T10:49:51.488,1,50134,65832670,0,engine_rpm,916.000
2026-10-09T10:49:51.489,1,50135,65833256,39,fuel_level_pct,1.2
2026-10-09T10:49:51.499,1,50146,65842780,0,engine_load_pct,30
2026-10-09T10:49:51.499,1,50147,65843340,0,actual_torque_pct,14
2026-10-09T10:49:51.499,1,50147,65843340,0,engine_rpm,917.000
2026-10-09T10:49:51.509,1,50152,65852617,0,actual_torque_pct,14
2026-10-09T10:49:51.509,1,50152,65852617,0,engine_rpm,918.000
2026-10-09T10:49:51.519,1,50157,65862674,0,actual_torque_pct,14
2026-10-09T10:49:51.519,1,50157,65862674,0,engine_rpm,918.000
2026-10-09T10:49:51.529,1,50164,65872887,0,actual_torque_pct,14
2026-10-09T10:49:51.529,1,50164,65872887,0,engine_rpm,919.000
2026-10-09T10:49:51.540,1,50172,65883321,0,actual_torque_pct,14
2026-10-09T10:49:51.540,1,50172,65883321,0,engine_rpm,920.000
2026-10-09T10:49:51.540,1,50174,65884472,39,vehicle_speed_kmh,0.000
2026-10-09T10:49:51.549,1,50182,65892712,0,engine_load_pct,30
2026-10-09T10:49:51.550,1,50183,65893287,0,actual_torque_pct,14
2026-10-09T10:49:51.550,1,50183,65893287,0,engine_rpm,921.000
2026-10-09T10:49:51.553,1,50186,65897016,0,boost_pressure_kpa,108
2026-10-09T10:49:51.553,1,50186,65897016,0,intake_manifold_temp_c,32
2026-10-09T10:49:51.559,1,50191,65902649,0,actual_torque_pct,14
2026-10-09T10:49:51.559,1,50191,65902649,0,engine_rpm,921.000
2026-10-09T10:49:51.560,1,50194,65904351,0,fuel_rate_lph,5.95
2026-10-09T10:49:51.560,1,50194,65904351,0,fuel_econ_inst_kmpl,0.000
2026-10-09T10:49:51.569,1,50199,65912639,0,actual_torque_pct,14
2026-10-09T10:49:51.569,1,50199,65912639,0,engine_rpm,921.000
2026-10-09T10:49:51.579,1,50206,65922887,0,actual_torque_pct,14
2026-10-09T10:49:51.579,1,50206,65922887,0,engine_rpm,922.000
2026-10-09T10:49:51.589,1,50214,65932681,0,actual_torque_pct,14
2026-10-09T10:49:51.589,1,50214,65932681,0,engine_rpm,923.000
2026-10-09T10:49:51.589,1,50215,65933261,39,fuel_level_pct,1.2
2026-10-09T10:49:51.599,1,50226,65942779,0,engine_load_pct,30
2026-10-09T10:49:51.599,1,50227,65943355,0,actual_torque_pct,14
2026-10-09T10:49:51.599,1,50227,65943355,0,engine_rpm,922.000
2026-10-09T10:49:51.608,1,50233,65952611,0,actual_torque_pct,14
2026-10-09T10:49:51.608,1,50233,65952611,0,engine_rpm,923.000
2026-10-09T10:49:51.619,1,50238,65962696,0,actual_torque_pct,14
2026-10-09T10:49:51.619,1,50238,65962696,0,engine_rpm,924.000
2026-10-09T10:49:51.629,1,50245,65972913,0,actual_torque_pct,14
2026-10-09T10:49:51.629,1,50245,65972913,0,engine_rpm,925.000
2026-10-09T10:49:51.639,1,50253,65983349,0,actual_torque_pct,14
2026-10-09T10:49:51.639,1,50253,65983349,0,engine_rpm,925.000
2026-10-09T10:49:51.640,1,50255,65984480,39,vehicle_speed_kmh,0.000
2026-10-09T10:49:51.648,1,50263,65992716,0,engine_load_pct,30
2026-10-09T10:49:51.650,1,50264,65993290,0,actual_torque_pct,14
2026-10-09T10:49:51.650,1,50264,65993290,0,engine_rpm,925.000
2026-10-09T10:49:51.653,1,50266,65997165,0,oil_pressure_kpa,596
2026-10-09T10:49:51.659,1,50271,66002909,0,actual_torque_pct,14
2026-10-09T10:49:51.659,1,50271,66002909,0,engine_rpm,926.000
2026-10-09T10:49:51.661,1,50274,66004622,0,fuel_rate_lph,6.00
2026-10-09T10:49:51.661,1,50274,66004622,0,fuel_econ_inst_kmpl,0.000
2026-10-09T10:49:51.668,1,50279,66012678,0,actual_torque_pct,14
2026-10-09T10:49:51.668,1,50279,66012678,0,engine_rpm,926.000
2026-10-09T10:49:51.680,1,50286,66022877,0,actual_torque_pct,14
2026-10-09T10:49:51.680,1,50286,66022877,0,engine_rpm,927.000
2026-10-09T10:49:51.685,1,50290,66028468,39,fuel_level_pct,1.2
2026-10-09T10:49:51.691,1,50297,66033234,0,actual_torque_pct,14
2026-10-09T10:49:51.691,1,50297,66033234,0,engine_rpm,927.000
2026-10-09T10:49:51.700,1,50307,66042785,0,engine_load_pct,30
2026-10-09T10:49:51.700,1,50308,66043360,0,actual_torque_pct,14
2026-10-09T10:49:51.700,1,50308,66043360,0,engine_rpm,928.000
2026-10-09T10:49:51.709,1,50314,66052619,0,actual_torque_pct,14
2026-10-09T10:49:51.709,1,50314,66052619,0,engine_rpm,929.000
2026-10-09T10:49:51.719,1,50321,66062697,0,actual_torque_pct,14
2026-10-09T10:49:51.719,1,50321,66062697,0,engine_rpm,930.000
2026-10-09T10:49:51.729,1,50328,66072864,0,actual_torque_pct,14
2026-10-09T10:49:51.729,1,50328,66072864,0,engine_rpm,930.000
2026-10-09T10:49:51.739,1,50336,66083348,0,actual_torque_pct,14
2026-10-09T10:49:51.739,1,50336,66083348,0,engine_rpm,931.000
2026-10-09T10:49:51.740,1,50338,66084485,39,vehicle_speed_kmh,0.000
2026-10-09T10:49:51.749,1,50346,66092720,0,engine_load_pct,30
2026-10-09T10:49:51.750,1,50347,66093298,0,actual_torque_pct,14
2026-10-09T10:49:51.750,1,50347,66093298,0,engine_rpm,932.000
2026-10-09T10:49:51.751,1,50349,66095666,0,coolant_temp_c,33
2026-10-09T10:49:51.751,1,50349,66095666,0,fuel_temp_c,32
2026-10-09T10:49:51.751,1,50349,66095666,0,oil_temp_c,33.50
2026-10-09T10:49:51.759,1,50354,66102690,0,actual_torque_pct,14
2026-10-09T10:49:51.759,1,50354,66102690,0,engine_rpm,933.000
2026-10-09T10:49:51.761,1,50357,66104404,0,fuel_rate_lph,6.05
2026-10-09T10:49:51.761,1,50357,66104404,0,fuel_econ_inst_kmpl,0.000
2026-10-09T10:49:51.769,1,50362,66112772,0,actual_torque_pct,14
2026-10-09T10:49:51.769,1,50362,66112772,0,engine_rpm,933.000
2026-10-09T10:49:51.779,1,50369,66122878,0,actual_torque_pct,14
2026-10-09T10:49:51.779,1,50369,66122878,0,engine_rpm,934.000
2026-10-09T10:49:51.789,1,50377,66132702,39,fuel_level_pct,1.2
2026-10-09T10:49:51.791,1,50379,66133839,0,actual_torque_pct,14
2026-10-09T10:49:51.791,1,50379,66133839,0,engine_rpm,934.000
2026-10-09T10:49:51.799,1,50389,66142808,0,engine_load_pct,30
2026-10-09T10:49:51.799,1,50390,66143362,0,actual_torque_pct,14
2026-10-09T10:49:51.799,1,50390,66143362,0,engine_rpm,934.000
2026-10-09T10:49:51.809,1,50396,66152658,0,actual_torque_pct,14
2026-10-09T10:49:51.809,1,50396,66152658,0,engine_rpm,935.000
2026-10-09T10:49:51.819,1,50403,66162715,0,actual_torque_pct,14
2026-10-09T10:49:51.819,1,50403,66162715,0,engine_rpm,935.000
2026-10-09T10:49:51.830,1,50410,66172930,0,actual_torque_pct,14
2026-10-09T10:49:51.830,1,50410,66172930,0,engine_rpm,935.000
2026-10-09T10:49:51.840,1,50418,66183366,0,actual_torque_pct,14
2026-10-09T10:49:51.840,1,50418,66183366,0,engine_rpm,936.000
2026-10-09T10:49:51.841,1,50420,66184496,39,vehicle_speed_kmh,0.000
2026-10-09T10:49:51.849,1,50428,66192741,0,engine_load_pct,28
2026-10-09T10:49:51.850,1,50429,66193294,0,actual_torque_pct,13
2026-10-09T10:49:51.850,1,50429,66193294,0,engine_rpm,937.000
2026-10-09T10:49:51.860,1,50436,66202658,0,actual_torque_pct,13
2026-10-09T10:49:51.860,1,50436,66202658,0,engine_rpm,937.000
2026-10-09T10:49:51.861,1,50439,66204214,0,fuel_rate_lph,6.10
2026-10-09T10:49:51.861,1,50439,66204214,0,fuel_econ_inst_kmpl,0.000
2026-10-09T10:49:51.869,1,50444,66212821,0,actual_torque_pct,13
2026-10-09T10:49:51.869,1,50444,66212821,0,engine_rpm,938.000
2026-10-09T10:49:51.870,1,50446,66213953,0,engine_hours,40.25
2026-10-09T10:49:51.880,1,50452,66222888,0,actual_torque_pct,13
2026-10-09T10:49:51.880,1,50452,66222888,0,engine_rpm,940.000
2026-10-09T10:49:51.889,1,50460,66232686,0,actual_torque_pct,13
2026-10-09T10:49:51.889,1,50460,66232686,0,engine_rpm,941.000
2026-10-09T10:49:51.890,1,50461,66233269,39,fuel_level_pct,1.2
2026-10-09T10:49:51.899,1,50472,66242747,0,engine_load_pct,28
2026-10-09T10:49:51.900,1,50473,66243310,0,actual_torque_pct,13
2026-10-09T10:49:51.900,1,50473,66243310,0,engine_rpm,941.000
2026-10-09T10:49:51.909,1,50478,66252655,0,actual_torque_pct,13
2026-10-09T10:49:51.909,1,50478,66252655,0,engine_rpm,941.000
2026-10-09T10:49:51.919,1,50483,66262702,0,actual_torque_pct,13
2026-10-09T10:49:51.919,1,50483,66262702,0,engine_rpm,941.000
2026-10-09T10:49:51.930,1,50490,66272935,0,actual_torque_pct,13
2026-10-09T10:49:51.930,1,50490,66272935,0,engine_rpm,941.000
2026-10-09T10:49:51.939,1,50498,66283334,0,actual_torque_pct,13
2026-10-09T10:49:51.939,1,50498,66283334,0,engine_rpm,941.000
2026-10-09T10:49:51.941,1,50500,66284480,39,vehicle_speed_kmh,0.000
2026-10-09T10:49:51.949,1,50508,66292733,0,engine_load_pct,27
2026-10-09T10:49:51.950,1,50509,66293303,0,actual_torque_pct,13
2026-10-09T10:49:51.950,1,50509,66293303,0,engine_rpm,941.000
2026-10-09T10:49:51.959,1,50515,66302683,0,actual_torque_pct,13
2026-10-09T10:49:51.959,1,50515,66302683,0,engine_rpm,941.000
2026-10-09T10:49:51.959,1,50516,66303250,0,fuel_rate_lph,5.80
2026-10-09T10:49:51.959,1,50516,66303250,0,fuel_econ_inst_kmpl,0.000
2026-10-09T10:49:51.969,1,50521,66312684,0,actual_torque_pct,13
2026-10-09T10:49:51.969,1,50521,66312684,0,engine_rpm,941.000
2026-10-09T10:49:51.979,1,50528,66322892,0,actual_torque_pct,13
2026-10-09T10:49:51.979,1,50528,66322892,0,engine_rpm,942.000
2026-10-09T10:49:51.989,1,50536,66332684,0,actual_torque_pct,13
2026-10-09T10:49:51.989,1,50536,66332684,0,engine_rpm,942.000
2026-10-09T10:49:51.989,1,50537,66333288,39,fuel_level_pct,1.2
2026-10-09T10:49:51.999,1,50548,66342819,0,engine_load_pct,27
2026-10-09T10:49:51.999,1,50549,66343368,0,actual_torque_pct,13
2026-10-09T10:49:51.999,1,50549,66343368,0,engine_rpm,942.000
2026-10-09T10:49:52.009,1,50554,66352643,0,actual_torque_pct,13
2026-10-09T10:49:52.009,1,50554,66352643,0,engine_rpm,943.000
2026-10-09T10:49:52.019,1,50559,66362695,0,actual_torque_pct,13
2026-10-09T10:49:52.019,1,50559,66362695,0,engine_rpm,942.000
2026-10-09T10:49:52.029,1,50566,66372946,0,actual_torque_pct,13
2026-10-09T10:49:52.029,1,50566,66372946,0,engine_rpm,942.000
2026-10-09T10:49:52.039,1,50576,66383338,0,actual_torque_pct,13
2026-10-09T10:49:52.039,1,50576,66383338,0,engine_rpm,942.000
2026-10-09T10:49:52.041,1,50578,66384481,39,vehicle_speed_kmh,0.000
2026-10-09T10:49:52.049,1,50586,66392731,0,engine_load_pct,27
2026-10-09T10:49:52.049,1,50587,66393305,0,actual_torque_pct,13
2026-10-09T10:49:52.049,1,50587,66393305,0,engine_rpm,943.000
2026-10-09T10:49:52.053,1,50589,66396778,0,boost_pressure_kpa,108
2026-10-09T10:49:52.053,1,50589,66396778,0,intake_manifold_temp_c,32
2026-10-09T10:49:52.058,1,50594,66402675,0,actual_torque_pct,13
2026-10-09T10:49:52.058,1,50594,66402675,0,engine_rpm,943.000
2026-10-09T10:49:52.060,1,50596,66403827,0,fuel_rate_lph,5.80
2026-10-09T10:49:52.060,1,50596,66403827,0,fuel_econ_inst_kmpl,0.000
2026-10-09T10:49:52.069,1,50601,66412682,0,actual_torque_pct,13
2026-10-09T10:49:52.069,1,50601,66412682,0,engine_rpm,943.000
2026-10-09T10:49:52.079,1,50608,66422906,0,actual_torque_pct,13
2026-10-09T10:49:52.079,1,50608,66422906,0,engine_rpm,943.000
2026-10-09T10:49:52.089,1,50616,66432691,0,actual_torque_pct,13
2026-10-09T10:49:52.089,1,50616,66432691,0,engine_rpm,944.000
2026-10-09T10:49:52.089,1,50617,66433293,39,fuel_level_pct,1.2
2026-10-09T10:49:52.099,1,50628,66442814,0,engine_load_pct,27
2026-10-09T10:49:52.100,1,50629,66443363,0,actual_torque_pct,13
2026-10-09T10:49:52.100,1,50629,66443363,0,engine_rpm,944.000
2026-10-09T10:49:52.109,1,50634,66452630,0,actual_torque_pct,13
2026-10-09T10:49:52.109,1,50634,66452630,0,engine_rpm,943.000
2026-10-09T10:49:52.118,1,50639,66462698,0,actual_torque_pct,13
2026-10-09T10:49:52.118,1,50639,66462698,0,engine_rpm,943.000
2026-10-09T10:49:52.129,1,50646,66472970,0,actual_torque_pct,13
2026-10-09T10:49:52.129,1,50646,66472970,0,engine_rpm,943.000
2026-10-09T10:49:52.140,1,50654,66483343,0,actual_torque_pct,13
2026-10-09T10:49:52.140,1,50654,66483343,0,engine_rpm,944.000
2026-10-09T10:49:52.141,1,50656,66484480,39,vehicle_speed_kmh,0.000
2026-10-09T10:49:52.149,1,50664,66492713,0,engine_load_pct,27
2026-10-09T10:49:52.149,1,50665,66493295,0,actual_torque_pct,13
2026-10-09T10:49:52.149,1,50665,66493295,0,engine_rpm,943.000
2026-10-09T10:49:52.153,1,50667,66496653,0,oil_pressure_kpa,596
2026-10-09T10:49:52.159,1,50672,66502649,0,actual_torque_pct,13
2026-10-09T10:49:52.159,1,50672,66502649,0,engine_rpm,943.000
2026-10-09T10:49:52.159,1,50673,66503238,0,fuel_rate_lph,5.80
2026-10-09T10:49:52.159,1,50673,66503238,0,fuel_econ_inst_kmpl,0.000
2026-10-09T10:49:52.169,1,50678,66512656,0,actual_torque_pct,13
2026-10-09T10:49:52.169,1,50678,66512656,0,engine_rpm,943.000
2026-10-09T10:49:52.179,1,50685,66522890,0,actual_torque_pct,13
2026-10-09T10:49:52.179,1,50685,66522890,0,engine_rpm,944.000
2026-10-09T10:49:52.189,1,50694,66533264,0,actual_torque_pct,13
2026-10-09T10:49:52.189,1,50694,66533264,0,engine_rpm,944.000
2026-10-09T10:49:52.191,1,50697,66535003,39,fuel_level_pct,1.2
2026-10-09T10:49:52.199,1,50705,66542861,0,engine_load_pct,27
2026-10-09T10:49:52.200,1,50706,66543433,0,actual_torque_pct,13
2026-10-09T10:49:52.200,1,50706,66543433,0,engine_rpm,945.000
2026-10-09T10:49:52.209,1,50711,66552616,0,actual_torque_pct,13
2026-10-09T10:49:52.209,1,50711,66552616,0,engine_rpm,945.000
2026-10-09T10:49:52.219,1,50716,66562754,0,actual_torque_pct,13
2026-10-09T10:49:52.219,1,50716,66562754,0,engine_rpm,946.000
2026-10-09T10:49:52.229,1,50723,66572913,0,actual_torque_pct,13
2026-10-09T10:49:52.229,1,50723,66572913,0,engine_rpm,946.000
2026-10-09T10:49:52.239,1,50731,66583323,0,actual_torque_pct,13
2026-10-09T10:49:52.239,1,50731,66583323,0,engine_rpm,946.000
2026-10-09T10:49:52.240,1,50733,66584474,39,vehicle_speed_kmh,0.000
2026-10-09T10:49:52.249,1,50741,66592725,0,engine_load_pct,27
2026-10-09T10:49:52.249,1,50742,66593300,0,actual_torque_pct,13
2026-10-09T10:49:52.249,1,50742,66593300,0,engine_rpm,947.000
2026-10-09T10:49:52.259,1,50748,66602659,0,actual_torque_pct,13
2026-10-09T10:49:52.259,1,50748,66602659,0,engine_rpm,947.000
2026-10-09T10:49:52.259,1,50749,66603247,0,fuel_rate_lph,5.85
2026-10-09T10:49:52.259,1,50749,66603247,0,fuel_econ_inst_kmpl,0.000
2026-10-09T10:49:52.269,1,50754,66612669,0,actual_torque_pct,13
2026-10-09T10:49:52.269,1,50754,66612669,0,engine_rpm,947.000
2026-10-09T10:49:52.280,1,50761,66622882,0,actual_torque_pct,13
2026-10-09T10:49:52.280,1,50761,66622882,0,engine_rpm,947.000
2026-10-09T10:49:52.289,1,50769,66632702,0,actual_torque_pct,13
2026-10-09T10:49:52.289,1,50769,66632702,0,engine_rpm,947.000
2026-10-09T10:49:52.290,1,50770,66633285,39,fuel_level_pct,1.2
2026-10-09T10:49:52.299,1,50781,66642812,0,engine_load_pct,27
2026-10-09T10:49:52.299,1,50782,66643390,0,actual_torque_pct,13
2026-10-09T10:49:52.299,1,50782,66643390,0,engine_rpm,948.000
2026-10-09T10:49:52.309,1,50787,66652638,0,actual_torque_pct,13
2026-10-09T10:49:52.309,1,50787,66652638,0,engine_rpm,948.000
2026-10-09T10:49:52.319,1,50793,66662694,0,actual_torque_pct,13
2026-10-09T10:49:52.319,1,50793,66662694,0,engine_rpm,948.000
2026-10-09T10:49:52.330,1,50800,66672910,0,actual_torque_pct,13
2026-10-09T10:49:52.330,1,50800,66672910,0,engine_rpm,948.000
2026-10-09T10:49:52.340,1,50808,66683318,0,actual_torque_pct,13
2026-10-09T10:49:52.340,1,50808,66683318,0,engine_rpm,948.000
2026-10-09T10:49:52.341,1,50810,66684472,39,vehicle_speed_kmh,0.000
2026-10-09T10:49:52.349,1,50818,66692746,0,engine_load_pct,27
2026-10-09T10:49:52.350,1,50819,66693300,0,actual_torque_pct,13
2026-10-09T10:49:52.350,1,50819,66693300,0,engine_rpm,948.000
2026-10-09T10:49:52.359,1,50825,66702676,0,actual_torque_pct,13
2026-10-09T10:49:52.359,1,50825,66702676,0,engine_rpm,948.000
2026-10-09T10:49:52.359,1,50827,66703648,0,fuel_rate_lph,5.85
2026-10-09T10:49:52.359,1,50827,66703648,0,fuel_econ_inst_kmpl,0.000
2026-10-09T10:49:52.369,1,50833,66712672,0,actual_torque_pct,13
2026-10-09T10:49:52.369,1,50833,66712672,0,engine_rpm,948.000
2026-10-09T10:49:52.377,1,50837,66720561,0,actual_torque_pct,13
2026-10-09T10:49:52.377,1,50837,66720561,0,engine_rpm,949.000
2026-10-09T10:49:52.389,1,50850,66733259,0,actual_torque_pct,13
2026-10-09T10:49:52.389,1,50850,66733259,0,engine_rpm,949.000
2026-10-09T10:49:52.390,1,50851,66733847,39,fuel_level_pct,1.2
2026-10-09T10:49:52.400,1,50862,66742823,0,engine_load_pct,27
2026-10-09T10:49:52.400,1,50863,66743398,0,actual_torque_pct,13
2026-10-09T10:49:52.400,1,50863,66743398,0,engine_rpm,949.000
2026-10-09T10:49:52.409,1,50868,66752639,0,actual_torque_pct,13
2026-10-09T10:49:52.409,1,50868,66752639,0,engine_rpm,949.000
2026-10-09T10:49:52.419,1,50873,66762691,0,actual_torque_pct,13
2026-10-09T10:49:52.419,1,50873,66762691,0,engine_rpm,949.000
2026-10-09T10:49:52.427,1,50876,66770540,0,actual_torque_pct,13
2026-10-09T10:49:52.427,1,50876,66770540,0,engine_rpm,950.000
2026-10-09T10:49:52.440,1,50888,66783320,0,actual_torque_pct,13
2026-10-09T10:49:52.440,1,50888,66783320,0,engine_rpm,950.000
2026-10-09T10:49:52.441,1,50890,66784473,39,vehicle_speed_kmh,0.000
2026-10-09T10:49:52.449,1,50898,66792751,0,engine_load_pct,27
2026-10-09T10:49:52.449,1,50899,66793305,0,actual_torque_pct,13
2026-10-09T10:49:52.449,1,50899,66793305,0,engine_rpm,950.000
2026-10-09T10:49:52.459,1,50905,66802652,0,actual_torque_pct,13
2026-10-09T10:49:52.459,1,50905,66802652,0,engine_rpm,950.000
2026-10-09T10:49:52.460,1,50906,66803243,0,fuel_rate_lph,5.85
2026-10-09T10:49:52.460,1,50906,66803243,0,fuel_econ_inst_kmpl,0.000
2026-10-09T10:49:52.469,1,50911,66812675,0,actual_torque_pct,13
2026-10-09T10:49:52.469,1,50911,66812675,0,engine_rpm,951.000
2026-10-09T10:49:52.477,1,50914,66820470,0,actual_torque_pct,13
2026-10-09T10:49:52.477,1,50914,66820470,0,engine_rpm,952.000
2026-10-09T10:49:52.488,1,50923,66830956,0,actual_torque_pct,13
2026-10-09T10:49:52.488,1,50923,66830956,0,engine_rpm,951.000
2026-10-09T10:49:52.488,1,50924,66831542,39,fuel_level_pct,1.2
2026-10-09T10:49:52.500,1,50938,66842806,0,engine_load_pct,27
2026-10-09T10:49:52.500,1,50939,66843377,0,actual_torque_pct,13
2026-10-09T10:49:52.500,1,50939,66843377,0,engine_rpm,952.000
2026-10-09T10:49:52.509,1,50944,66852639,0,actual_torque_pct,13
2026-10-09T10:49:52.509,1,50944,66852639,0,engine_rpm,952.000
2026-10-09T10:49:52.519,1,50949,66862680,0,actual_torque_pct,13
2026-10-09T10:49:52.519,1,50949,66862680,0,engine_rpm,952.000
2026-10-09T10:49:52.530,1,50956,66872917,0,actual_torque_pct,13
2026-10-09T10:49:52.530,1,50956,66872917,0,engine_rpm,952.000
2026-10-09T10:49:52.539,1,50964,66883323,0,actual_torque_pct,13
2026-10-09T10:49:52.539,1,50964,66883323,0,engine_rpm,952.000
2026-10-09T10:49:52.541,1,50966,66884468,39,vehicle_speed_kmh,0.000
2026-10-09T10:49:52.549,1,50974,66892738,0,engine_load_pct,27
2026-10-09T10:49:52.549,1,50975,66893296,0,actual_torque_pct,13
2026-10-09T10:49:52.549,1,50975,66893296,0,engine_rpm,953.000
2026-10-09T10:49:52.553,1,50978,66897161,0,boost_pressure_kpa,110
2026-10-09T10:49:52.553,1,50978,66897161,0,intake_manifold_temp_c,32
2026-10-09T10:49:52.560,1,50983,66902657,0,actual_torque_pct,13
2026-10-09T10:49:52.560,1,50983,66902657,0,engine_rpm,953.000
2026-10-09T10:49:52.561,1,50986,66904397,0,fuel_rate_lph,5.85
2026-10-09T10:49:52.561,1,50986,66904397,0,fuel_econ_inst_kmpl,0.000
2026-10-09T10:49:52.569,1,50991,66912676,0,actual_torque_pct,13
2026-10-09T10:49:52.569,1,50991,66912676,0,engine_rpm,954.000
2026-10-09T10:49:52.577,1,50994,66920441,0,actual_torque_pct,13
2026-10-09T10:49:52.577,1,50994,66920441,0,engine_rpm,954.000
2026-10-09T10:49:52.590,1,51007,66933271,0,actual_torque_pct,13
2026-10-09T10:49:52.590,1,51007,66933271,0,engine_rpm,954.000
2026-10-09T10:49:52.591,1,51008,66933841,39,fuel_level_pct,1.2
2026-10-09T10:49:52.597,1,51014,66940433,0,actual_torque_pct,13
2026-10-09T10:49:52.597,1,51014,66940433,0,engine_rpm,955.000
2026-10-09T10:49:52.599,1,51019,66943315,0,engine_load_pct,27
2026-10-09T10:49:52.609,1,51025,66952636,0,actual_torque_pct,13
2026-10-09T10:49:52.609,1,51025,66952636,0,engine_rpm,956.000
2026-10-09T10:49:52.619,1,51030,66962695,0,actual_torque_pct,13
2026-10-09T10:49:52.619,1,51030,66962695,0,engine_rpm,955.000
2026-10-09T10:49:52.627,1,51033,66970438,0,actual_torque_pct,13
2026-10-09T10:49:52.627,1,51033,66970438,0,engine_rpm,956.000
2026-10-09T10:49:52.637,1,51040,66980419,0,actual_torque_pct,13
2026-10-09T10:49:52.637,1,51040,66980419,0,engine_rpm,957.000
2026-10-09T10:49:52.641,1,51047,66984455,39,vehicle_speed_kmh,0.000
2026-10-09T10:49:52.647,1,51051,66990397,0,actual_torque_pct,13
2026-10-09T10:49:52.647,1,51051,66990397,0,engine_rpm,957.000
2026-10-09T10:49:52.649,1,51056,66993287,0,engine_load_pct,27
2026-10-09T10:49:52.653,1,51058,66996416,0,oil_pressure_kpa,596
2026-10-09T10:49:52.659,1,51063,67002658,0,actual_torque_pct,13
2026-10-09T10:49:52.659,1,51063,67002658,0,engine_rpm,957.000
2026-10-09T10:49:52.661,1,51066,67004396,0,fuel_rate_lph,5.90
2026-10-09T10:49:52.661,1,51066,67004396,0,fuel_econ_inst_kmpl,0.000
2026-10-09T10:49:52.669,1,51071,67012664,0,actual_torque_pct,13
2026-10-09T10:49:52.669,1,51071,67012664,0,engine_rpm,957.000
2026-10-09T10:49:52.677,1,51074,67020377,0,actual_torque_pct,13
2026-10-09T10:49:52.677,1,51074,67020377,0,engine_rpm,957.000
2026-10-09T10:49:52.686,1,51082,67030356,0,actual_torque_pct,13
2026-10-09T10:49:52.686,1,51082,67030356,0,engine_rpm,958.000
2026-10-09T10:49:52.688,1,51083,67030957,39,fuel_level_pct,1.2
2026-10-09T10:49:52.696,1,51095,67040371,0,actual_torque_pct,13
2026-10-09T10:49:52.696,1,51095,67040371,0,engine_rpm,958.000
2026-10-09T10:49:52.699,1,51100,67043243,0,engine_load_pct,27
2026-10-09T10:49:52.709,1,51106,67052640,0,actual_torque_pct,13
2026-10-09T10:49:52.709,1,51106,67052640,0,engine_rpm,958.000
2026-10-09T10:49:52.719,1,51113,67062705,0,actual_torque_pct,13
2026-10-09T10:49:52.719,1,51113,67062705,0,engine_rpm,959.000
2026-10-09T10:49:52.730,1,51120,67073074,0,actual_torque_pct,13
2026-10-09T10:49:52.730,1,51120,67073074,0,engine_rpm,960.000
2026-10-09T10:49:52.740,1,51128,67083337,0,actual_torque_pct,13
2026-10-09T10:49:52.740,1,51128,67083337,0,engine_rpm,959.000
2026-10-09T10:49:52.741,1,51130,67084484,39,vehicle_speed_kmh,0.000
2026-10-09T10:49:52.749,1,51138,67092720,0,engine_load_pct,27
2026-10-09T10:49:52.750,1,51139,67093290,0,actual_torque_pct,13
2026-10-09T10:49:52.750,1,51139,67093290,0,engine_rpm,959.000
2026-10-09T10:49:52.753,1,51141,67096551,0,coolant_temp_c,33
2026-10-09T10:49:52.753,1,51141,67096551,0,fuel_temp_c,32
2026-10-09T10:49:52.753,1,51141,67096551,0,oil_temp_c,33.50
2026-10-09T10:49:52.759,1,51146,67102678,0,actual_torque_pct,13
2026-10-09T10:49:52.759,1,51146,67102678,0,engine_rpm,959.000
2026-10-09T10:49:52.760,1,51149,67104378,0,fuel_rate_lph,5.95
2026-10-09T10:49:52.760,1,51149,67104378,0,fuel_econ_inst_kmpl,0.000
2026-10-09T10:49:52.769,1,51154,67112779,0,actual_torque_pct,13
2026-10-09T10:49:52.769,1,51154,67112779,0,engine_rpm,960.000
2026-10-09T10:49:52.780,1,51161,67122884,0,actual_torque_pct,13
2026-10-09T10:49:52.780,1,51161,67122884,0,engine_rpm,961.000
2026-10-09T10:49:52.786,1,51165,67130345,0,actual_torque_pct,13
2026-10-09T10:49:52.786,1,51165,67130345,0,engine_rpm,961.000
2026-10-09T10:49:52.790,1,51170,67133250,39,fuel_level_pct,1.2
2026-10-09T10:49:52.797,1,51177,67140310,0,actual_torque_pct,13
2026-10-09T10:49:52.797,1,51177,67140310,0,engine_rpm,961.000
2026-10-09T10:49:52.800,1,51182,67143202,0,engine_load_pct,27
2026-10-09T10:49:52.806,1,51184,67150308,0,actual_torque_pct,13
2026-10-09T10:49:52.806,1,51184,67150308,0,engine_rpm,961.000
2026-10-09T10:49:52.817,1,51191,67160307,0,actual_torque_pct,13
2026-10-09T10:49:52.817,1,51191,67160307,0,engine_rpm,962.000
2026-10-09T10:49:52.826,1,51198,67170328,0,actual_torque_pct,13
2026-10-09T10:49:52.826,1,51198,67170328,0,engine_rpm,962.000
2026-10-09T10:49:52.837,1,51205,67180297,0,actual_torque_pct,13
2026-10-09T10:49:52.837,1,51205,67180297,0,engine_rpm,962.000
2026-10-09T10:49:52.840,1,51212,67184320,39,vehicle_speed_kmh,0.000
2026-10-09T10:49:52.847,1,51216,67190287,0,actual_torque_pct,13
2026-10-09T10:49:52.847,1,51216,67190287,0,engine_rpm,963.000
2026-10-09T10:49:52.849,1,51221,67193175,0,engine_load_pct,27
2026-10-09T10:49:52.856,1,51224,67200357,0,actual_torque_pct,13
2026-10-09T10:49:52.856,1,51224,67200357,0,engine_rpm,964.000
2026-10-09T10:49:52.861,1,51231,67204208,0,fuel_rate_lph,5.95
2026-10-09T10:49:52.861,1,51231,67204208,0,fuel_econ_inst_kmpl,0.000
2026-10-09T10:49:52.867,1,51232,67210309,0,actual_torque_pct,13
2026-10-09T10:49:52.867,1,51232,67210309,0,engine_rpm,964.000
2026-10-09T10:49:52.870,1,51238,67213750,0,engine_hours,40.25
2026-10-09T10:49:52.877,1,51240,67220261,0,actual_torque_pct,13
2026-10-09T10:49:52.877,1,51240,67220261,0,engine_rpm,964.000
2026-10-09T10:49:52.888,1,51248,67230251,0,actual_torque_pct,13
2026-10-09T10:49:52.888,1,51248,67230251,0,engine_rpm,965.000
2026-10-09T10:49:52.889,1,51253,67233157,39,fuel_level_pct,1.2
2026-10-09T10:49:52.896,1,51260,67240299,0,actual_torque_pct,13
2026-10-09T10:49:52.896,1,51260,67240299,0,engine_rpm,964.000
2026-10-09T10:49:52.899,1,51265,67243175,0,engine_load_pct,27
2026-10-09T10:49:52.906,1,51266,67250281,0,actual_torque_pct,13
2026-10-09T10:49:52.906,1,51266,67250281,0,engine_rpm,964.000
2026-10-09T10:49:52.916,1,51271,67260248,0,actual_torque_pct,12
2026-10-09T10:49:52.916,1,51271,67260248,0,engine_rpm,965.000
2026-10-09T10:49:52.927,1,51278,67270627,0,actual_torque_pct,12
2026-10-09T10:49:52.927,1,51278,67270627,0,engine_rpm,965.000
2026-10-09T10:49:52.937,1,51285,67280264,0,actual_torque_pct,12
2026-10-09T10:49:52.937,1,51285,67280264,0,engine_rpm,965.000
2026-10-09T10:49:52.940,1,51292,67284283,39,vehicle_speed_kmh,0.000
2026-10-09T10:49:52.946,1,51296,67290266,0,actual_torque_pct,12
2026-10-09T10:49:52.946,1,51296,67290266,0,engine_rpm,965.000
2026-10-09T10:49:52.949,1,51301,67293149,0,engine_load_pct,25
2026-10-09T10:49:52.956,1,51303,67300219,0,actual_torque_pct,12
2026-10-09T10:49:52.956,1,51303,67300219,0,engine_rpm,965.000
2026-10-09T10:49:52.960,1,51308,67303095,0,fuel_rate_lph,5.65
2026-10-09T10:49:52.960,1,51308,67303095,0,fuel_econ_inst_kmpl,0.000
2026-10-09T10:49:52.966,1,51309,67310217,0,actual_torque_pct,12
2026-10-09T10:49:52.966,1,51309,67310217,0,engine_rpm,966.000
2026-10-09T10:49:52.976,1,51316,67320241,0,actual_torque_pct,12
2026-10-09T10:49:52.976,1,51316,67320241,0,engine_rpm,966.000
2026-10-09T10:49:52.989,1,51329,67333267,0,actual_torque_pct,12
2026-10-09T10:49:52.989,1,51329,67333267,0,engine_rpm,965.000
2026-10-09T10:49:52.991,1,51330,67333840,39,fuel_level_pct,1.2
2026-10-09T10:49:52.999,1,51340,67342794,0,engine_load_pct,25
2026-10-09T10:49:52.999,1,51341,67343364,0,actual_torque_pct,12
2026-10-09T10:49:52.999,1,51341,67343364,0,engine_rpm,966.000
2026-10-09T10:49:53.009,1,51346,67352655,0,actual_torque_pct,12
2026-10-09T10:49:53.009,1,51346,67352655,0,engine_rpm,966.000
2026-10-09T10:49:53.020,1,51351,67362702,0,actual_torque_pct,12
2026-10-09T10:49:53.020,1,51351,67362702,0,engine_rpm,966.000
2026-10-09T10:49:53.029,1,51359,67373296,0,actual_torque_pct,12
2026-10-09T10:49:53.029,1,51359,67373296,0,engine_rpm,966.000
2026-10-09T10:49:53.040,1,51368,67383391,0,actual_torque_pct,12
2026-10-09T10:49:53.040,1,51368,67383391,0,engine_rpm,966.000
2026-10-09T10:49:53.041,1,51370,67384533,39,vehicle_speed_kmh,0.000
2026-10-09T10:49:53.049,1,51378,67392714,0,engine_load_pct,25
2026-10-09T10:49:53.049,1,51379,67393292,0,actual_torque_pct,12
2026-10-09T10:49:53.049,1,51379,67393292,0,engine_rpm,966.000
2026-10-09T10:49:53.053,1,51381,67396797,0,boost_pressure_kpa,110
2026-10-09T10:49:53.053,1,51381,67396797,0,intake_manifold_temp_c,32
2026-10-09T10:49:53.059,1,51386,67402657,0,actual_torque_pct,12
2026-10-09T10:49:53.059,1,51386,67402657,0,engine_rpm,966.000
2026-10-09T10:49:53.060,1,51388,67403820,0,fuel_rate_lph,5.65
2026-10-09T10:49:53.060,1,51388,67403820,0,fuel_econ_inst_kmpl,0.000
2026-10-09T10:49:53.069,1,51393,67412674,0,actual_torque_pct,12
2026-10-09T10:49:53.069,1,51393,67412674,0,engine_rpm,966.000
2026-10-09T10:49:53.076,1,51396,67420171,0,actual_torque_pct,12
2026-10-09T10:49:53.076,1,51396,67420171,0,engine_rpm,965.000
2026-10-09T10:49:53.087,1,51404,67430141,0,actual_torque_pct,12
2026-10-09T10:49:53.087,1,51404,67430141,0,engine_rpm,965.000
2026-10-09T10:49:53.090,1,51410,67433594,39,fuel_level_pct,1.2
2026-10-09T10:49:53.096,1,51416,67440169,0,actual_torque_pct,12
2026-10-09T10:49:53.096,1,51416,67440169,0,engine_rpm,965.000
2026-10-09T10:49:53.099,1,51421,67443053,0,engine_load_pct,25
2026-10-09T10:49:53.106,1,51422,67450172,0,actual_torque_pct,13
2026-10-09T10:49:53.106,1,51422,67450172,0,engine_rpm,965.000
2026-10-09T10:49:53.117,1,51427,67460190,0,actual_torque_pct,13
2026-10-09T10:49:53.117,1,51427,67460190,0,engine_rpm,965.000
2026-10-09T10:49:53.127,1,51434,67470446,0,actual_torque_pct,12
2026-10-09T10:49:53.127,1,51434,67470446,0,engine_rpm,965.000
2026-10-09T10:49:53.136,1,51441,67480158,0,actual_torque_pct,12
2026-10-09T10:49:53.136,1,51441,67480158,0,engine_rpm,965.000
2026-10-09T10:49:53.141,1,51448,67484167,39,vehicle_speed_kmh,0.000
2026-10-09T10:49:53.146,1,51452,67490170,0,actual_torque_pct,12
2026-10-09T10:49:53.146,1,51452,67490170,0,engine_rpm,964.000
2026-10-09T10:49:53.149,1,51457,67493042,0,engine_load_pct,25
2026-10-09T10:49:53.153,1,51459,67496156,0,oil_pressure_kpa,596
2026-10-09T10:49:53.157,1,51460,67500118,0,actual_torque_pct,12
2026-10-09T10:49:53.157,1,51460,67500118,0,engine_rpm,964.000
2026-10-09T10:49:53.160,1,51465,67503007,0,fuel_rate_lph,5.65
2026-10-09T10:49:53.160,1,51465,67503007,0,fuel_econ_inst_kmpl,0.000
2026-10-09T10:49:53.167,1,51466,67510109,0,actual_torque_pct,12
2026-10-09T10:49:53.167,1,51466,67510109,0,engine_rpm,965.000
2026-10-09T10:49:53.176,1,51473,67520142,0,actual_torque_pct,12
2026-10-09T10:49:53.176,1,51473,67520142,0,engine_rpm,965.000
2026-10-09T10:49:53.187,1,51481,67530130,0,actual_torque_pct,12
2026-10-09T10:49:53.187,1,51481,67530130,0,engine_rpm,965.000
2026-10-09T10:49:53.192,1,51491,67536013,39,fuel_level_pct,1.2
2026-10-09T10:49:53.196,1,51493,67540090,0,actual_torque_pct,12
2026-10-09T10:49:53.196,1,51493,67540090,0,engine_rpm,964.000
2026-10-09T10:49:53.199,1,51498,67542982,0,engine_load_pct,25
2026-10-09T10:49:53.206,1,51499,67550051,0,actual_torque_pct,12
2026-10-09T10:49:53.206,1,51499,67550051,0,engine_rpm,964.000
2026-10-09T10:49:53.216,1,51504,67560083,0,actual_torque_pct,12
2026-10-09T10:49:53.216,1,51504,67560083,0,engine_rpm,964.000
2026-10-09T10:49:53.227,1,51511,67570461,0,actual_torque_pct,12
2026-10-09T10:49:53.227,1,51511,67570461,0,engine_rpm,964.000
2026-10-09T10:49:53.237,1,51518,67580094,0,actual_torque_pct,12
2026-10-09T10:49:53.237,1,51518,67580094,0,engine_rpm,964.000
2026-10-09T10:49:53.240,1,51525,67584111,39,vehicle_speed_kmh,0.000
2026-10-09T10:49:53.247,1,51529,67590146,0,actual_torque_pct,12
2026-10-09T10:49:53.247,1,51529,67590146,0,engine_rpm,964.000
2026-10-09T10:49:53.249,1,51534,67593018,0,engine_load_pct,25
2026-10-09T10:49:53.256,1,51536,67600065,0,actual_torque_pct,12
2026-10-09T10:49:53.256,1,51536,67600065,0,engine_rpm,964.000
2026-10-09T10:49:53.259,1,51541,67602950,0,fuel_rate_lph,5.65
2026-10-09T10:49:53.259,1,51541,67602950,0,fuel_econ_inst_kmpl,0.000
2026-10-09T10:49:53.267,1,51542,67610338,0,actual_torque_pct,12
2026-10-09T10:49:53.267,1,51542,67610338,0,engine_rpm,963.000
2026-10-09T10:49:53.276,1,51549,67620497,0,actual_torque_pct,12
2026-10-09T10:49:53.276,1,51549,67620497,0,engine_rpm,964.000
2026-10-09T10:49:53.290,1,51562,67633318,0,actual_torque_pct,12
2026-10-09T10:49:53.290,1,51562,67633318,0,engine_rpm,964.000
2026-10-09T10:49:53.291,1,51563,67633919,39,fuel_level_pct,1.2
2026-10-09T10:49:53.299,1,51573,67642809,0,engine_load_pct,25
2026-10-09T10:49:53.299,1,51574,67643379,0,actual_torque_pct,12
2026-10-09T10:49:53.299,1,51574,67643379,0,engine_rpm,964.000
2026-10-09T10:49:53.309,1,51579,67652631,0,actual_torque_pct,12
2026-10-09T10:49:53.309,1,51579,67652631,0,engine_rpm,964.000
2026-10-09T10:49:53.319,1,51585,67662714,0,actual_torque_pct,12
2026-10-09T10:49:53.319,1,51585,67662714,0,engine_rpm,964.000
2026-10-09T10:49:53.329,1,51592,67672909,0,actual_torque_pct,12
2026-10-09T10:49:53.329,1,51592,67672909,0,engine_rpm,964.000
2026-10-09T10:49:53.339,1,51600,67683343,0,actual_torque_pct,12
2026-10-09T10:49:53.339,1,51600,67683343,0,engine_rpm,963.000
2026-10-09T10:49:53.341,1,51602,67684465,39,vehicle_speed_kmh,0.000
2026-10-09T10:49:53.349,1,51610,67692736,0,engine_load_pct,25
2026-10-09T10:49:53.349,1,51611,67693311,0,actual_torque_pct,12
2026-10-09T10:49:53.349,1,51611,67693311,0,engine_rpm,963.000
2026-10-09T10:49:53.356,1,51613,67700006,0,actual_torque_pct,12
2026-10-09T10:49:53.356,1,51613,67700006,0,engine_rpm,962.000
2026-10-09T10:49:53.360,1,51619,67703284,0,fuel_rate_lph,5.60
2026-10-09T10:49:53.360,1,51619,67703284,0,fuel_econ_inst_kmpl,0.000
2026-10-09T10:49:53.366,1,51621,67709999,0,actual_torque_pct,12
2026-10-09T10:49:53.366,1,51621,67709999,0,engine_rpm,962.000
2026-10-09T10:49:53.376,1,51629,67720015,0,actual_torque_pct,12
2026-10-09T10:49:53.376,1,51629,67720015,0,engine_rpm,962.000
2026-10-09T10:49:53.386,1,51637,67730028,0,actual_torque_pct,12
2026-10-09T10:49:53.386,1,51637,67730028,0,engine_rpm,962.000
2026-10-09T10:49:53.390,1,51643,67733494,39,fuel_level_pct,1.2
2026-10-09T10:49:53.399,1,51654,67742868,0,engine_load_pct,25
2026-10-09T10:49:53.399,1,51655,67743443,0,actual_torque_pct,12
2026-10-09T10:49:53.399,1,51655,67743443,0,engine_rpm,962.000
2026-10-09T10:49:53.406,1,51656,67750046,0,actual_torque_pct,12
2026-10-09T10:49:53.406,1,51656,67750046,0,engine_rpm,961.000
2026-10-09T10:49:53.416,1,51661,67759984,0,actual_torque_pct,12
2026-10-09T10:49:53.416,1,51661,67759984,0,engine_rpm,961.000
2026-10-09T10:49:53.426,1,51667,67769997,0,actual_torque_pct,12
2026-10-09T10:49:53.426,1,51667,67769997,0,engine_rpm,961.000
2026-10-09T10:49:53.436,1,51675,67779978,0,actual_torque_pct,12
2026-10-09T10:49:53.436,1,51675,67779978,0,engine_rpm,961.000
2026-10-09T10:49:53.440,1,51682,67784019,39,vehicle_speed_kmh,0.000
2026-10-09T10:49:53.447,1,51686,67789970,0,actual_torque_pct,12
2026-10-09T10:49:53.447,1,51686,67789970,0,engine_rpm,961.000
2026-10-09T10:49:53.449,1,51691,67792841,0,engine_load_pct,25
2026-10-09T10:49:53.457,1,51693,67799970,0,actual_torque_pct,12
2026-10-09T10:49:53.457,1,51693,67799970,0,engine_rpm,961.000
2026-10-09T10:49:53.460,1,51698,67802847,0,fuel_rate_lph,5.60
2026-10-09T10:49:53.460,1,51698,67802847,0,fuel_econ_inst_kmpl,0.000
2026-10-09T10:49:53.466,1,51699,67809984,0,actual_torque_pct,12
2026-10-09T10:49:53.466,1,51699,67809984,0,engine_rpm,962.000
2026-10-09T10:49:53.476,1,51706,67819953,0,actual_torque_pct,12
2026-10-09T10:49:53.476,1,51706,67819953,0,engine_rpm,962.000
2026-10-09T10:49:53.486,1,51714,67829944,0,actual_torque_pct,12
2026-10-09T10:49:53.486,1,51714,67829944,0,engine_rpm,962.000
2026-10-09T10:49:53.491,1,51721,67833983,39,fuel_level_pct,1.2
2026-10-09T10:49:53.496,1,51726,67839967,0,actual_torque_pct,13
2026-10-09T10:49:53.496,1,51726,67839967,0,engine_rpm,963.000
2026-10-09T10:49:53.499,1,51731,67842837,0,engine_load_pct,27
2026-10-09T10:49:53.506,1,51732,67849941,0,actual_torque_pct,13
2026-10-09T10:49:53.506,1,51732,67849941,0,engine_rpm,963.000
2026-10-09T10:49:53.516,1,51737,67859936,0,actual_torque_pct,13
2026-10-09T10:49:53.516,1,51737,67859936,0,engine_rpm,962.000
2026-10-09T10:49:53.526,1,51744,67870467,0,actual_torque_pct,13
2026-10-09T10:49:53.526,1,51744,67870467,0,engine_rpm,962.000
2026-10-09T10:49:53.537,1,51751,67880258,0,actual_torque_pct,12
2026-10-09T10:49:53.537,1,51751,67880258,0,engine_rpm,962.000
2026-10-09T10:49:53.541,1,51758,67884282,39,vehicle_speed_kmh,0.000
2026-10-09T10:49:53.549,1,51766,67892718,0,engine_load_pct,25
2026-10-09T10:49:53.549,1,51767,67893286,0,actual_torque_pct,12
2026-10-09T10:49:53.549,1,51767,67893286,0,engine_rpm,963.000
2026-10-09T10:49:53.551,1,51770,67895891,0,boost_pressure_kpa,110
2026-10-09T10:49:53.551,1,51770,67895891,0,intake_manifold_temp_c,32
2026-10-09T10:49:53.559,1,51775,67902648,0,actual_torque_pct,12
2026-10-09T10:49:53.559,1,51775,67902648,0,engine_rpm,963.000
2026-10-09T10:49:53.560,1,51778,67904367,0,fuel_rate_lph,5.60
2026-10-09T10:49:53.560,1,51778,67904367,0,fuel_econ_inst_kmpl,0.000
2026-10-09T10:49:53.569,1,51783,67912659,0,actual_torque_pct,12
2026-10-09T10:49:53.569,1,51783,67912659,0,engine_rpm,963.000
2026-10-09T10:49:53.579,1,51790,67922882,0,actual_torque_pct,12
2026-10-09T10:49:53.579,1,51790,67922882,0,engine_rpm,963.000
2026-10-09T10:49:53.589,1,51799,67933262,0,actual_torque_pct,12
2026-10-09T10:49:53.589,1,51799,67933262,0,engine_rpm,963.000
2026-10-09T10:49:53.590,1,51800,67933845,39,fuel_level_pct,1.2
2026-10-09T10:49:53.599,1,51810,67942799,0,engine_load_pct,25
2026-10-09T10:49:53.599,1,51811,67943361,0,actual_torque_pct,12
2026-10-09T10:49:53.599,1,51811,67943361,0,engine_rpm,964.000
2026-10-09T10:49:53.609,1,51817,67952627,0,actual_torque_pct,12
2026-10-09T10:49:53.609,1,51817,67952627,0,engine_rpm,964.000
2026-10-09T10:49:53.619,1,51822,67962703,0,actual_torque_pct,12
2026-10-09T10:49:53.619,1,51822,67962703,0,engine_rpm,964.000
2026-10-09T10:49:53.625,1,51824,67969892,0,actual_torque_pct,12
2026-10-09T10:49:53.625,1,51824,67969892,0,engine_rpm,965.000
2026-10-09T10:49:53.636,1,51832,67979892,0,actual_torque_pct,12
2026-10-09T10:49:53.636,1,51832,67979892,0,engine_rpm,965.000
2026-10-09T10:49:53.640,1,51839,67983981,39,vehicle_speed_kmh,0.000
2026-10-09T10:49:53.645,1,51843,67989865,0,actual_torque_pct,12
2026-10-09T10:49:53.645,1,51843,67989865,0,engine_rpm,965.000
2026-10-09T10:49:53.649,1,51848,67992755,0,engine_load_pct,25
2026-10-09T10:49:53.651,1,51850,67995865,0,oil_pressure_kpa,592
2026-10-09T10:49:53.655,1,51851,67999880,0,actual_torque_pct,12
2026-10-09T10:49:53.655,1,51851,67999880,0,engine_rpm,965.000
2026-10-09T10:49:53.660,1,51858,68003896,0,fuel_rate_lph,5.65
2026-10-09T10:49:53.660,1,51858,68003896,0,fuel_econ_inst_kmpl,0.000
2026-10-09T10:49:53.665,1,51859,68009867,0,actual_torque_pct,12
2026-10-09T10:49:53.665,1,51859,68009867,0,engine_rpm,965.000
2026-10-09T10:49:53.676,1,51866,68019933,0,actual_torque_pct,12
2026-10-09T10:49:53.676,1,51866,68019933,0,engine_rpm,965.000
2026-10-09T10:49:53.685,1,51874,68029852,0,actual_torque_pct,12
2026-10-09T10:49:53.685,1,51874,68029852,0,engine_rpm,965.000
2026-10-09T10:49:53.686,1,51875,68030431,39,fuel_level_pct,1.2
2026-10-09T10:49:53.695,1,51887,68039831,0,actual_torque_pct,12
2026-10-09T10:49:53.695,1,51887,68039831,0,engine_rpm,965.000
2026-10-09T10:49:53.696,1,51888,68040416,0,engine_load_pct,25
2026-10-09T10:49:53.705,1,51894,68049852,0,actual_torque_pct,12
2026-10-09T10:49:53.705,1,51894,68049852,0,engine_rpm,965.000
2026-10-09T10:49:53.715,1,51901,68059828,0,actual_torque_pct,12
2026-10-09T10:49:53.715,1,51901,68059828,0,engine_rpm,966.000
2026-10-09T10:49:53.725,1,51907,68069812,0,actual_torque_pct,12
2026-10-09T10:49:53.725,1,51907,68069812,0,engine_rpm,966.000
2026-10-09T10:49:53.735,1,51915,68079827,0,actual_torque_pct,12
2026-10-09T10:49:53.735,1,51915,68079827,0,engine_rpm,965.000
2026-10-09T10:49:53.740,1,51922,68083983,39,vehicle_speed_kmh,0.000
2026-10-09T10:49:53.745,1,51926,68089858,0,actual_torque_pct,12
2026-10-09T10:49:53.745,1,51926,68089858,0,engine_rpm,966.000
2026-10-09T10:49:53.746,1,51927,68090438,0,engine_load_pct,25
2026-10-09T10:49:53.751,1,51933,68095762,0,coolant_temp_c,33
2026-10-09T10:49:53.751,1,51933,68095762,0,fuel_temp_c,32
2026-10-09T10:49:53.751,1,51933,68095762,0,oil_temp_c,33.59
2026-10-09T10:49:53.755,1,51934,68099803,0,actual_torque_pct,12
2026-10-09T10:49:53.755,1,51934,68099803,0,engine_rpm,966.000
2026-10-09T10:49:53.760,1,51941,68103827,0,fuel_rate_lph,5.65
2026-10-09T10:49:53.760,1,51941,68103827,0,fuel_econ_inst_kmpl,0.000
2026-10-09T10:49:53.765,1,51942,68109787,0,actual_torque_pct,12
2026-10-09T10:49:53.765,1,51942,68109787,0,engine_rpm,965.000
2026-10-09T10:49:53.776,1,51949,68119926,0,actual_torque_pct,12
2026-10-09T10:49:53.776,1,51949,68119926,0,engine_rpm,965.000
2026-10-09T10:49:53.786,1,51957,68129805,0,actual_torque_pct,12
2026-10-09T10:49:53.786,1,51957,68129805,0,engine_rpm,965.000
2026-10-09T10:49:53.789,1,51962,68132841,39,fuel_level_pct,1.2
2026-10-09T10:49:53.796,1,51969,68139781,0,actual_torque_pct,12
2026-10-09T10:49:53.796,1,51969,68139781,0,engine_rpm,965.000
2026-10-09T10:49:53.797,1,51970,68140366,0,engine_load_pct,25
2026-10-09T10:49:53.806,1,51976,68149766,0,actual_torque_pct,12
2026-10-09T10:49:53.806,1,51976,68149766,0,engine_rpm,965.000
2026-10-09T10:49:53.816,1,51983,68159775,0,actual_torque_pct,12
2026-10-09T10:49:53.816,1,51983,68159775,0,engine_rpm,965.000
2026-10-09T10:49:53.827,1,51990,68170486,0,actual_torque_pct,12
2026-10-09T10:49:53.827,1,51990,68170486,0,engine_rpm,965.000
2026-10-09T10:49:53.836,1,51997,68180375,0,actual_torque_pct,12
2026-10-09T10:49:53.836,1,51997,68180375,0,engine_rpm,965.000
2026-10-09T10:49:53.841,1,52004,68184399,39,vehicle_speed_kmh,0.000
2026-10-09T10:49:53.849,1,52012,68192733,0,engine_load_pct,25
2026-10-09T10:49:53.849,1,52013,68193310,0,actual_torque_pct,12
2026-10-09T10:49:53.849,1,52013,68193310,0,engine_rpm,966.000
2026-10-09T10:49:53.860,1,52020,68202666,0,actual_torque_pct,12
2026-10-09T10:49:53.860,1,52020,68202666,0,engine_rpm,966.000
2026-10-09T10:49:53.861,1,52023,68204205,0,fuel_rate_lph,5.65
2026-10-09T10:49:53.861,1,52023,68204205,0,fuel_econ_inst_kmpl,0.000
2026-10-09T10:49:53.870,1,52028,68212814,0,actual_torque_pct,12
2026-10-09T10:49:53.870,1,52028,68212814,0,engine_rpm,966.000
2026-10-09T10:49:53.871,1,52030,68213937,0,engine_hours,40.25
2026-10-09T10:49:53.879,1,52036,68222888,0,actual_torque_pct,12
2026-10-09T10:49:53.879,1,52036,68222888,0,engine_rpm,967.000
2026-10-09T10:49:53.889,1,52045,68233253,0,actual_torque_pct,12
2026-10-09T10:49:53.889,1,52045,68233253,0,engine_rpm,966.000
2026-10-09T10:49:53.890,1,52046,68233854,39,fuel_level_pct,1.2
2026-10-09T10:49:53.899,1,52056,68242745,0,engine_load_pct,25
2026-10-09T10:49:53.899,1,52057,68243318,0,actual_torque_pct,12
2026-10-09T10:49:53.899,1,52057,68243318,0,engine_rpm,966.000
2026-10-09T10:49:53.909,1,52062,68252628,0,actual_torque_pct,12
2026-10-09T10:49:53.909,1,52062,68252628,0,engine_rpm,966.000
2026-10-09T10:49:53.916,1,52063,68259711,0,actual_torque_pct,12
2026-10-09T10:49:53.916,1,52063,68259711,0,engine_rpm,965.000
2026-10-09T10:49:53.926,1,52069,68269694,0,actual_torque_pct,12
2026-10-09T10:49:53.926,1,52069,68269694,0,engine_rpm,965.000
2026-10-09T10:49:53.936,1,52077,68279723,0,actual_torque_pct,12
2026-10-09T10:49:53.936,1,52077,68279723,0,engine_rpm,965.000
2026-10-09T10:49:53.941,1,52084,68283969,39,vehicle_speed_kmh,0.000
2026-10-09T10:49:53.947,1,52088,68289738,0,actual_torque_pct,12
2026-10-09T10:49:53.947,1,52088,68289738,0,engine_rpm,965.000
2026-10-09T10:49:53.947,1,52089,68290325,0,engine_load_pct,25
2026-10-09T10:49:53.956,1,52095,68299699,0,actual_torque_pct,12
2026-10-09T10:49:53.956,1,52095,68299699,0,engine_rpm,964.000
2026-10-09T10:49:53.957,1,52096,68300277,0,fuel_rate_lph,5.65
2026-10-09T10:49:53.957,1,52096,68300277,0,fuel_econ_inst_kmpl,0.000
2026-10-09T10:49:53.966,1,52101,68309680,0,actual_torque_pct,12
2026-10-09T10:49:53.966,1,52101,68309680,0,engine_rpm,965.000
2026-10-09T10:49:53.977,1,52108,68319946,0,actual_torque_pct,12
2026-10-09T10:49:53.977,1,52108,68319946,0,engine_rpm,964.000
2026-10-09T10:49:53.986,1,52116,68329691,0,actual_torque_pct,12
2026-10-09T10:49:53.986,1,52116,68329691,0,engine_rpm,964.000
2026-10-09T10:49:53.990,1,52122,68333352,39,fuel_level_pct,1.2
2026-10-09T10:49:53.996,1,52128,68339676,0,actual_torque_pct,12
2026-10-09T10:49:53.996,1,52128,68339676,0,engine_rpm,964.000
2026-10-09T10:49:53.998,1,52129,68340254,0,engine_load_pct,25
2026-10-09T10:49:54.006,1,52134,68349645,0,actual_torque_pct,12
2026-10-09T10:49:54.006,1,52134,68349645,0,engine_rpm,964.000
2026-10-09T10:49:54.016,1,52139,68359674,0,actual_torque_pct,12
2026-10-09T10:49:54.016,1,52139,68359674,0,engine_rpm,964.000
2026-10-09T10:49:54.026,1,52145,68369870,0,actual_torque_pct,12
2026-10-09T10:49:54.026,1,52145,68369870,0,engine_rpm,964.000
2026-10-09T10:49:54.036,1,52155,68379644,0,actual_torque_pct,12
2026-10-09T10:49:54.036,1,52155,68379644,0,engine_rpm,964.000
2026-10-09T10:49:54.041,1,52162,68383976,39,vehicle_speed_kmh,0.000
2026-10-09T10:49:54.045,1,52166,68389660,0,actual_torque_pct,12
2026-10-09T10:49:54.045,1,52166,68389660,0,engine_rpm,964.000
2026-10-09T10:49:54.047,1,52167,68390228,0,engine_load_pct,25
2026-10-09T10:49:54.050,1,52173,68394399,0,boost_pressure_kpa,110
2026-10-09T10:49:54.050,1,52173,68394399,0,intake_manifold_temp_c,32
2026-10-09T10:49:54.056,1,52174,68399676,0,actual_torque_pct,12
2026-10-09T10:49:54.056,1,52174,68399676,0,engine_rpm,964.000
2026-10-09T10:49:54.060,1,52180,68403140,0,fuel_rate_lph,5.65
2026-10-09T10:49:54.060,1,52180,68403140,0,fuel_econ_inst_kmpl,0.000
2026-10-09T10:49:54.066,1,52181,68409664,0,actual_torque_pct,12
2026-10-09T10:49:54.066,1,52181,68409664,0,engine_rpm,963.000
2026-10-09T10:49:54.077,1,52188,68419961,0,actual_torque_pct,12
2026-10-09T10:49:54.077,1,52188,68419961,0,engine_rpm,963.000
2026-10-09T10:49:54.086,1,52196,68429606,0,actual_torque_pct,12
2026-10-09T10:49:54.086,1,52196,68429606,0,engine_rpm,964.000
2026-10-09T10:49:54.089,1,52202,68433336,39,fuel_level_pct,1.2
2026-10-09T10:49:54.096,1,52208,68439632,0,actual_torque_pct,12
2026-10-09T10:49:54.096,1,52208,68439632,0,engine_rpm,964.000
2026-10-09T10:49:54.097,1,52209,68440213,0,engine_load_pct,25
2026-10-09T10:49:54.106,1,52214,68449678,0,actual_torque_pct,12
2026-10-09T10:49:54.106,1,52214,68449678,0,engine_rpm,964.000
2026-10-09T10:49:54.117,1,52219,68460241,0,actual_torque_pct,12
2026-10-09T10:49:54.117,1,52219,68460241,0,engine_rpm,964.000
2026-10-09T10:49:54.127,1,52225,68470516,0,actual_torque_pct,12
2026-10-09T10:49:54.127,1,52225,68470516,0,engine_rpm,964.000
2026-10-09T10:49:54.139,1,52238,68483387,0,actual_torque_pct,12
2026-10-09T10:49:54.139,1,52238,68483387,0,engine_rpm,963.000
2026-10-09T10:49:54.141,1,52240,68484531,39,vehicle_speed_kmh,0.000
2026-10-09T10:49:54.149,1,52248,68492728,0,engine_load_pct,25
2026-10-09T10:49:54.150,1,52249,68493276,0,actual_torque_pct,12
2026-10-09T10:49:54.150,1,52249,68493276,0,engine_rpm,963.000
2026-10-09T10:49:54.152,1,52251,68495605,0,oil_pressure_kpa,592
2026-10-09T10:49:54.159,1,52256,68502652,0,actual_torque_pct,12
2026-10-09T10:49:54.159,1,52256,68502652,0,engine_rpm,963.000
2026-10-09T10:49:54.160,1,52257,68503252,0,fuel_rate_lph,5.60
2026-10-09T10:49:54.160,1,52257,68503252,0,fuel_econ_inst_kmpl,0.000
2026-10-09T10:49:54.169,1,52262,68512674,0,actual_torque_pct,12
2026-10-09T10:49:54.169,1,52262,68512674,0,engine_rpm,963.000
2026-10-09T10:49:54.180,1,52269,68522877,0,actual_torque_pct,12
2026-10-09T10:49:54.180,1,52269,68522877,0,engine_rpm,963.000
2026-10-09T10:49:54.189,1,52278,68533307,0,actual_torque_pct,12
2026-10-09T10:49:54.189,1,52278,68533307,0,engine_rpm,963.000
2026-10-09T10:49:54.192,1,52283,68536181,39,fuel_level_pct,1.2
2026-10-09T10:49:54.195,1,52285,68539573,0,actual_torque_pct,12
2026-10-09T10:49:54.195,1,52285,68539573,0,engine_rpm,963.000
2026-10-09T10:49:54.197,1,52286,68540143,0,engine_load_pct,25
2026-10-09T10:49:54.205,1,52291,68549594,0,actual_torque_pct,12
2026-10-09T10:49:54.205,1,52291,68549594,0,engine_rpm,963.000
2026-10-09T10:49:54.215,1,52296,68559559,0,actual_torque_pct,12
2026-10-09T10:49:54.215,1,52296,68559559,0,engine_rpm,963.000
2026-10-09T10:49:54.226,1,52302,68569562,0,actual_torque_pct,12
2026-10-09T10:49:54.226,1,52302,68569562,0,engine_rpm,963.000
2026-10-09T10:49:54.235,1,52310,68579535,0,actual_torque_pct,12
2026-10-09T10:49:54.235,1,52310,68579535,0,engine_rpm,963.000
2026-10-09T10:49:54.240,1,52317,68583972,39,vehicle_speed_kmh,0.000
2026-10-09T10:49:54.247,1,52321,68589535,0,actual_torque_pct,12
2026-10-09T10:49:54.247,1,52321,68589535,0,engine_rpm,963.000
2026-10-09T10:49:54.247,1,52322,68590120,0,engine_load_pct,25
2026-10-09T10:49:54.255,1,52328,68599541,0,actual_torque_pct,12
2026-10-09T10:49:54.255,1,52328,68599541,0,engine_rpm,963.000
2026-10-09T10:49:54.256,1,52329,68600122,0,fuel_rate_lph,5.60
2026-10-09T10:49:54.256,1,52329,68600122,0,fuel_econ_inst_kmpl,0.000
2026-10-09T10:49:54.266,1,52334,68609568,0,actual_torque_pct,12
2026-10-09T10:49:54.266,1,52334,68609568,0,engine_rpm,963.000
2026-10-09T10:49:54.277,1,52341,68619974,0,actual_torque_pct,12
2026-10-09T10:49:54.277,1,52341,68619974,0,engine_rpm,963.000
2026-10-09T10:49:54.286,1,52349,68629494,0,actual_torque_pct,12
2026-10-09T10:49:54.286,1,52349,68629494,0,engine_rpm,963.000
2026-10-09T10:49:54.289,1,52355,68633342,39,fuel_level_pct,1.2
2026-10-09T10:49:54.296,1,52361,68639565,0,engine_load_pct,25
2026-10-09T10:49:54.297,1,52362,68640139,0,actual_torque_pct,12
2026-10-09T10:49:54.297,1,52362,68640139,0,engine_rpm,963.000
2026-10-09T10:49:54.306,1,52367,68649525,0,actual_torque_pct,12
2026-10-09T10:49:54.306,1,52367,68649525,0,engine_rpm,963.000
2026-10-09T10:49:54.316,1,52373,68659493,0,actual_torque_pct,12
2026-10-09T10:49:54.316,1,52373,68659493,0,engine_rpm,963.000
2026-10-09T10:49:54.325,1,52379,68669484,0,actual_torque_pct,12
2026-10-09T10:49:54.325,1,52379,68669484,0,engine_rpm,963.000
2026-10-09T10:49:54.336,1,52387,68679514,0,actual_torque_pct,12
2026-10-09T10:49:54.336,1,52387,68679514,0,engine_rpm,963.000
2026-10-09T10:49:54.341,1,52394,68683982,39,vehicle_speed_kmh,0.000
2026-10-09T10:49:54.346,1,52398,68689519,0,actual_torque_pct,12
2026-10-09T10:49:54.346,1,52398,68689519,0,engine_rpm,963.000
2026-10-09T10:49:54.347,1,52399,68690104,0,engine_load_pct,25
2026-10-09T10:49:54.356,1,52405,68699477,0,actual_torque_pct,12
2026-10-09T10:49:54.356,1,52405,68699477,0,engine_rpm,963.000
2026-10-09T10:49:54.356,1,52406,68700058,0,fuel_rate_lph,5.60
2026-10-09T10:49:54.356,1,52406,68700058,0,fuel_econ_inst_kmpl,0.000
2026-10-09T10:49:54.366,1,52413,68709464,0,actual_torque_pct,12
2026-10-09T10:49:54.366,1,52413,68709464,0,engine_rpm,963.000
2026-10-09T10:49:54.377,1,52421,68719992,0,actual_torque_pct,12
2026-10-09T10:49:54.377,1,52421,68719992,0,engine_rpm,963.000
2026-10-09T10:49:54.387,1,52429,68730118,0,actual_torque_pct,12
2026-10-09T10:49:54.387,1,52429,68730118,0,engine_rpm,962.000
2026-10-09T10:49:54.390,1,52435,68733573,39,fuel_level_pct,1.2
2026-10-09T10:49:54.400,1,52446,68742940,0,engine_load_pct,25
2026-10-09T10:49:54.400,1,52447,68743505,0,actual_torque_pct,12
2026-10-09T10:49:54.400,1,52447,68743505,0,engine_rpm,962.000
2026-10-09T10:49:54.409,1,52452,68752643,0,actual_torque_pct,12
2026-10-09T10:49:54.409,1,52452,68752643,0,engine_rpm,962.000
2026-10-09T10:49:54.420,1,52457,68762706,0,actual_torque_pct,12
2026-10-09T10:49:54.420,1,52457,68762706,0,engine_rpm,962.000
2026-10-09T10:49:54.430,1,52464,68772935,0,actual_torque_pct,12
2026-10-09T10:49:54.430,1,52464,68772935,0,engine_rpm,962.000
2026-10-09T10:49:54.440,1,52472,68783343,0,actual_torque_pct,12
2026-10-09T10:49:54.440,1,52472,68783343,0,engine_rpm,962.000
2026-10-09T10:49:54.440,1,52474,68784494,39,vehicle_speed_kmh,0.000
2026-10-09T10:49:54.450,1,52482,68792816,0,engine_load_pct,25
2026-10-09T10:49:54.450,1,52483,68793394,0,actual_torque_pct,12
2026-10-09T10:49:54.450,1,52483,68793394,0,engine_rpm,962.000
2026-10-09T10:49:54.459,1,52489,68802678,0,actual_torque_pct,12
2026-10-09T10:49:54.459,1,52489,68802678,0,engine_rpm,962.000
2026-10-09T10:49:54.460,1,52490,68803246,0,fuel_rate_lph,5.60
2026-10-09T10:49:54.460,1,52490,68803246,0,fuel_econ_inst_kmpl,0.000
2026-10-09T10:49:54.466,1,52491,68809453,0,actual_torque_pct,12
2026-10-09T10:49:54.466,1,52491,68809453,0,engine_rpm,962.000
2026-10-09T10:49:54.476,1,52497,68819408,0,actual_torque_pct,12
2026-10-09T10:49:54.476,1,52497,68819408,0,engine_rpm,962.000
2026-10-09T10:49:54.486,1,52506,68829396,0,actual_torque_pct,12
2026-10-09T10:49:54.486,1,52506,68829396,0,engine_rpm,962.000
2026-10-09T10:49:54.490,1,52512,68833353,39,fuel_level_pct,1.2
2026-10-09T10:49:54.496,1,52518,68839617,0,engine_load_pct,25
2026-10-09T10:49:54.496,1,52519,68840175,0,actual_torque_pct,12
2026-10-09T10:49:54.496,1,52519,68840175,0,engine_rpm,962.000
2026-10-09T10:49:54.506,1,52524,68849403,0,actual_torque_pct,12
2026-10-09T10:49:54.506,1,52524,68849403,0,engine_rpm,962.000
2026-10-09T10:49:54.516,1,52529,68859408,0,actual_torque_pct,12
2026-10-09T10:49:54.516,1,52529,68859408,0,engine_rpm,962.000
2026-10-09T10:49:54.526,1,52535,68869387,0,actual_torque_pct,12
2026-10-09T10:49:54.526,1,52535,68869387,0,engine_rpm,962.000
2026-10-09T10:49:54.536,1,52543,68879403,0,actual_torque_pct,12
2026-10-09T10:49:54.536,1,52543,68879403,0,engine_rpm,962.000
2026-10-09T10:49:54.541,1,52550,68883978,39,vehicle_speed_kmh,0.000
2026-10-09T10:49:54.546,1,52554,68889457,0,actual_torque_pct,12
2026-10-09T10:49:54.546,1,52554,68889457,0,engine_rpm,962.000
2026-10-09T10:49:54.546,1,52555,68890036,0,engine_load_pct,25
2026-10-09T10:49:54.552,1,52562,68895614,0,boost_pressure_kpa,110
2026-10-09T10:49:54.552,1,52562,68895614,0,intake_manifold_temp_c,32
2026-10-09T10:49:54.556,1,52563,68899442,0,actual_torque_pct,12
2026-10-09T10:49:54.556,1,52563,68899442,0,engine_rpm,962.000
2026-10-09T10:49:54.560,1,52570,68903445,0,fuel_rate_lph,5.60
2026-10-09T10:49:54.560,1,52570,68903445,0,fuel_econ_inst_kmpl,0.000
2026-10-09T10:49:54.566,1,52571,68909364,0,actual_torque_pct,12
2026-10-09T10:49:54.566,1,52571,68909364,0,engine_rpm,962.000
2026-10-09T10:49:54.576,1,52577,68919390,0,actual_torque_pct,12
2026-10-09T10:49:54.576,1,52577,68919390,0,engine_rpm,962.000
2026-10-09T10:49:54.586,1,52586,68929375,0,actual_torque_pct,12
2026-10-09T10:49:54.586,1,52586,68929375,0,engine_rpm,963.000
2026-10-09T10:49:54.589,1,52592,68933343,39,fuel_level_pct,1.2
2026-10-09T10:49:54.596,1,52598,68939908,0,engine_load_pct,27
2026-10-09T10:49:54.597,1,52599,68940482,0,actual_torque_pct,13
2026-10-09T10:49:54.597,1,52599,68940482,0,engine_rpm,963.000
2026-10-09T10:49:54.606,1,52605,68949400,0,actual_torque_pct,13
2026-10-09T10:49:54.606,1,52605,68949400,0,engine_rpm,963.000
2026-10-09T10:49:54.616,1,52610,68959353,0,actual_torque_pct,13
2026-10-09T10:49:54.616,1,52610,68959353,0,engine_rpm,963.000
2026-10-09T10:49:54.626,1,52616,68969358,0,actual_torque_pct,13
2026-10-09T10:49:54.626,1,52616,68969358,0,engine_rpm,963.000
2026-10-09T10:49:54.636,1,52624,68979342,0,actual_torque_pct,12
2026-10-09T10:49:54.636,1,52624,68979342,0,engine_rpm,962.000
2026-10-09T10:49:54.641,1,52631,68983979,39,vehicle_speed_kmh,0.000
2026-10-09T10:49:54.646,1,52635,68989413,0,actual_torque_pct,12
2026-10-09T10:49:54.646,1,52635,68989413,0,engine_rpm,963.000
2026-10-09T10:49:54.647,1,52636,68989979,0,engine_load_pct,25
2026-10-09T10:49:54.651,1,52642,68994223,0,oil_pressure_kpa,584
2026-10-09T10:49:54.657,1,52643,69000001,0,actual_torque_pct,12
2026-10-09T10:49:54.657,1,52643,69000001,0,engine_rpm,963.000
2026-10-09T10:49:54.661,1,52650,69004011,0,fuel_rate_lph,5.60
2026-10-09T10:49:54.661,1,52650,69004011,0,fuel_econ_inst_kmpl,0.000
2026-10-09T10:49:54.669,1,52655,69012672,0,actual_torque_pct,12
2026-10-09T10:49:54.669,1,52655,69012672,0,engine_rpm,963.000
2026-10-09T10:49:54.680,1,52662,69022894,0,actual_torque_pct,13
2026-10-09T10:49:54.680,1,52662,69022894,0,engine_rpm,963.000
2026-10-09T10:49:54.690,1,52672,69033270,0,actual_torque_pct,13
2026-10-09T10:49:54.690,1,52672,69033270,0,engine_rpm,963.000
2026-10-09T10:49:54.691,1,52673,69033860,39,fuel_level_pct,1.2
2026-10-09T10:49:54.700,1,52683,69042824,0,engine_load_pct,27
2026-10-09T10:49:54.700,1,52684,69043394,0,actual_torque_pct,13
2026-10-09T10:49:54.700,1,52684,69043394,0,engine_rpm,963.000
2026-10-09T10:49:54.709,1,52690,69052652,0,actual_torque_pct,13
2026-10-09T10:49:54.709,1,52690,69052652,0,engine_rpm,963.000
2026-10-09T10:49:54.719,1,52697,69062702,0,actual_torque_pct,13
2026-10-09T10:49:54.719,1,52697,69062702,0,engine_rpm,963.000
2026-10-09T10:49:54.726,1,52699,69069259,0,actual_torque_pct,13
2026-10-09T10:49:54.726,1,52699,69069259,0,engine_rpm,963.000
2026-10-09T10:49:54.736,1,52707,69079292,0,actual_torque_pct,13
2026-10-09T10:49:54.736,1,52707,69079292,0,engine_rpm,963.000
2026-10-09T10:49:54.740,1,52714,69083976,39,vehicle_speed_kmh,0.000
2026-10-09T10:49:54.746,1,52718,69089292,0,actual_torque_pct,14
2026-10-09T10:49:54.746,1,52718,69089292,0,engine_rpm,964.000
2026-10-09T10:49:54.747,1,52719,69089877,0,engine_load_pct,29
2026-10-09T10:49:54.752,1,52725,69095235,0,coolant_temp_c,33
2026-10-09T10:49:54.752,1,52725,69095235,0,fuel_temp_c,32
2026-10-09T10:49:54.752,1,52725,69095235,0,oil_temp_c,33.69
2026-10-09T10:49:54.756,1,52726,69099276,0,actual_torque_pct,14
2026-10-09T10:49:54.756,1,52726,69099276,0,engine_rpm,965.000
2026-10-09T10:49:54.759,1,52733,69103278,0,fuel_rate_lph,6.00
2026-10-09T10:49:54.759,1,52733,69103278,0,fuel_econ_inst_kmpl,0.000
2026-10-09T10:49:54.766,1,52734,69109246,0,actual_torque_pct,14
2026-10-09T10:49:54.766,1,52734,69109246,0,engine_rpm,965.000
2026-10-09T10:49:54.776,1,52740,69119270,0,actual_torque_pct,14
2026-10-09T10:49:54.776,1,52740,69119270,0,engine_rpm,965.000
2026-10-09T10:49:54.786,1,52749,69129275,0,actual_torque_pct,14
2026-10-09T10:49:54.786,1,52749,69129275,0,engine_rpm,966.000
2026-10-09T10:49:54.790,1,52755,69133357,39,fuel_level_pct,1.2
2026-10-09T10:49:54.796,1,52760,69139250,0,actual_torque_pct,14
2026-10-09T10:49:54.796,1,52760,69139250,0,engine_rpm,966.000
2026-10-09T10:49:54.796,1,52761,69139834,0,engine_load_pct,29
2026-10-09T10:49:54.806,1,52768,69149236,0,actual_torque_pct,14
2026-10-09T10:49:54.806,1,52768,69149236,0,engine_rpm,967.000
2026-10-09T10:49:54.816,1,52775,69159255,0,actual_torque_pct,14
2026-10-09T10:49:54.816,1,52775,69159255,0,engine_rpm,967.000
2026-10-09T10:49:54.826,1,52781,69169235,0,actual_torque_pct,14
2026-10-09T10:49:54.826,1,52781,69169235,0,engine_rpm,968.000
2026-10-09T10:49:54.836,1,52789,69179273,0,actual_torque_pct,14
2026-10-09T10:49:54.836,1,52789,69179273,0,engine_rpm,969.000
2026-10-09T10:49:54.841,1,52796,69184004,39,vehicle_speed_kmh,0.000
2026-10-09T10:49:54.846,1,52800,69189225,0,actual_torque_pct,14
2026-10-09T10:49:54.846,1,52800,69189225,0,engine_rpm,970.000
2026-10-09T10:49:54.846,1,52801,69189811,0,engine_load_pct,29
2026-10-09T10:49:54.856,1,52808,69199228,0,actual_torque_pct,14
2026-10-09T10:49:54.856,1,52808,69199228,0,engine_rpm,970.000
2026-10-09T10:49:54.856,1,52810,69200384,0,fuel_rate_lph,6.35
2026-10-09T10:49:54.856,1,52810,69200384,0,fuel_econ_inst_kmpl,0.000
2026-10-09T10:49:54.866,1,52816,69209256,0,actual_torque_pct,14
2026-10-09T10:49:54.866,1,52816,69209256,0,engine_rpm,971.000
2026-10-09T10:49:54.867,1,52818,69210393,0,engine_hours,40.25
2026-10-09T10:49:54.876,1,52823,69219187,0,actual_torque_pct,14
2026-10-09T10:49:54.876,1,52823,69219187,0,engine_rpm,973.000
2026-10-09T10:49:54.885,1,52832,69229170,0,actual_torque_pct,14
2026-10-09T10:49:54.885,1,52832,69229170,0,engine_rpm,974.000
2026-10-09T10:49:54.890,1,52838,69233330,39,fuel_level_pct,1.2
2026-10-09T10:49:54.896,1,52844,69239388,0,engine_load_pct,29
2026-10-09T10:49:54.897,1,52845,69239960,0,actual_torque_pct,14
2026-10-09T10:49:54.897,1,52845,69239960,0,engine_rpm,974.000
2026-10-09T10:49:54.906,1,52850,69249190,0,actual_torque_pct,14
2026-10-09T10:49:54.906,1,52850,69249190,0,engine_rpm,974.000
2026-10-09T10:49:54.916,1,52855,69259176,0,actual_torque_pct,14
2026-10-09T10:49:54.916,1,52855,69259176,0,engine_rpm,974.000
2026-10-09T10:49:54.926,1,52861,69269150,0,actual_torque_pct,14
2026-10-09T10:49:54.926,1,52861,69269150,0,engine_rpm,975.000
2026-10-09T10:49:54.935,1,52869,69279202,0,actual_torque_pct,14
2026-10-09T10:49:54.935,1,52869,69279202,0,engine_rpm,976.000
2026-10-09T10:49:54.940,1,52876,69283949,39,vehicle_speed_kmh,0.000
2026-10-09T10:49:54.946,1,52880,69289250,0,actual_torque_pct,14
2026-10-09T10:49:54.946,1,52880,69289250,0,engine_rpm,976.000
2026-10-09T10:49:54.946,1,52881,69289831,0,engine_load_pct,29
2026-10-09T10:49:54.957,1,52887,69299147,0,actual_torque_pct,14
2026-10-09T10:49:54.957,1,52887,69299147,0,engine_rpm,977.000
2026-10-09T10:49:54.957,1,52888,69299734,0,fuel_rate_lph,6.40
2026-10-09T10:49:54.957,1,52888,69299734,0,fuel_econ_inst_kmpl,0.000
2026-10-09T10:49:54.966,1,52893,69309197,0,actual_torque_pct,14
2026-10-09T10:49:54.966,1,52893,69309197,0,engine_rpm,978.000
2026-10-09T10:49:54.976,1,52899,69319333,0,actual_torque_pct,14
2026-10-09T10:49:54.976,1,52899,69319333,0,engine_rpm,977.000
2026-10-09T10:49:54.987,1,52908,69329763,0,actual_torque_pct,14
2026-10-09T10:49:54.987,1,52908,69329763,0,engine_rpm,979.000
2026-10-09T10:49:54.990,1,52914,69333352,39,fuel_level_pct,1.2
2026-10-09T10:49:54.996,1,52920,69339734,0,actual_torque_pct,14
2026-10-09T10:49:54.996,1,52920,69339734,0,engine_rpm,981.000
2026-10-09T10:49:54.997,1,52921,69340315,0,engine_load_pct,29
2026-10-09T10:49:55.007,1,52926,69350133,0,actual_torque_pct,14
2026-10-09T10:49:55.007,1,52926,69350133,0,engine_rpm,982.000
2026-10-09T10:49:55.017,1,52931,69360120,0,actual_torque_pct,14
2026-10-09T10:49:55.017,1,52931,69360120,0,engine_rpm,982.000
2026-10-09T10:49:55.027,1,52938,69370597,0,actual_torque_pct,14
2026-10-09T10:49:55.027,1,52938,69370597,0,engine_rpm,983.000
2026-10-09T10:49:55.040,1,52952,69383332,0,actual_torque_pct,14
2026-10-09T10:49:55.040,1,52952,69383332,0,engine_rpm,983.000
2026-10-09T10:49:55.041,1,52954,69384485,39,vehicle_speed_kmh,0.000
2026-10-09T10:49:55.049,1,52962,69392796,0,engine_load_pct,29
2026-10-09T10:49:55.050,1,52963,69393352,0,actual_torque_pct,14
2026-10-09T10:49:55.050,1,52963,69393352,0,engine_rpm,983.000
2026-10-09T10:49:55.051,1,52965,69395120,0,boost_pressure_kpa,110
2026-10-09T10:49:55.051,1,52965,69395120,0,intake_manifold_temp_c,32
2026-10-09T10:49:55.057,1,52966,69400324,0,actual_torque_pct,14
2026-10-09T10:49:55.057,1,52966,69400324,0,engine_rpm,984.000
2026-10-09T10:49:55.060,1,52972,69403770,0,fuel_rate_lph,6.45
2026-10-09T10:49:55.060,1,52972,69403770,0,fuel_econ_inst_kmpl,0.000
2026-10-09T10:49:55.069,1,52977,69412688,0,actual_torque_pct,14
2026-10-09T10:49:55.069,1,52977,69412688,0,engine_rpm,984.000
2026-10-09T10:49:55.077,1,52980,69420311,0,actual_torque_pct,14
2026-10-09T10:49:55.077,1,52980,69420311,0,engine_rpm,984.000
2026-10-09T10:49:55.090,1,52993,69433262,0,actual_torque_pct,14
2026-10-09T10:49:55.090,1,52993,69433262,0,engine_rpm,985.000
2026-10-09T10:49:55.090,1,52994,69433842,39,fuel_level_pct,1.2
2026-10-09T10:49:55.097,1,53000,69440338,0,actual_torque_pct,14
2026-10-09T10:49:55.097,1,53000,69440338,0,engine_rpm,986.000
2026-10-09T10:49:55.100,1,53005,69443222,0,engine_load_pct,29
2026-10-09T10:49:55.110,1,53010,69452638,0,actual_torque_pct,14
2026-10-09T10:49:55.110,1,53010,69452638,0,engine_rpm,986.000
2026-10-09T10:49:55.117,1,53011,69460305,0,actual_torque_pct,14
2026-10-09T10:49:55.117,1,53011,69460305,0,engine_rpm,986.000
2026-10-09T10:49:55.127,1,53018,69470568,0,actual_torque_pct,14
2026-10-09T10:49:55.127,1,53018,69470568,0,engine_rpm,987.000
2026-10-09T10:49:55.137,1,53025,69480342,0,actual_torque_pct,14
2026-10-09T10:49:55.137,1,53025,69480342,0,engine_rpm,988.000
2026-10-09T10:49:55.141,1,53032,69484380,39,vehicle_speed_kmh,0.000
2026-10-09T10:49:55.149,1,53040,69492744,0,engine_load_pct,29
2026-10-09T10:49:55.150,1,53041,69493319,0,actual_torque_pct,14
2026-10-09T10:49:55.150,1,53041,69493319,0,engine_rpm,988.000
2026-10-09T10:49:55.152,1,53043,69495351,0,oil_pressure_kpa,588
2026-10-09T10:49:55.159,1,53048,69502680,0,actual_torque_pct,14
2026-10-09T10:49:55.159,1,53048,69502680,0,engine_rpm,989.000
2026-10-09T10:49:55.160,1,53049,69503272,0,fuel_rate_lph,6.50
2026-10-09T10:49:55.160,1,53049,69503272,0,fuel_econ_inst_kmpl,0.000
2026-10-09T10:49:55.169,1,53054,69512686,0,actual_torque_pct,14
2026-10-09T10:49:55.169,1,53054,69512686,0,engine_rpm,989.000
2026-10-09T10:49:55.177,1,53057,69520259,0,actual_torque_pct,14
2026-10-09T10:49:55.177,1,53057,69520259,0,engine_rpm,990.000
2026-10-09T10:49:55.190,1,53070,69533269,0,actual_torque_pct,14
2026-10-09T10:49:55.190,1,53070,69533269,0,engine_rpm,991.000
2026-10-09T10:49:55.192,1,53075,69536146,39,fuel_level_pct,1.2
2026-10-09T10:49:55.195,1,53077,69539594,0,engine_load_pct,29
2026-10-09T10:49:55.196,1,53078,69540167,0,actual_torque_pct,14
2026-10-09T10:49:55.196,1,53078,69540167,0,engine_rpm,991.000
2026-10-09T10:49:55.205,1,53083,69549023,0,actual_torque_pct,14
2026-10-09T10:49:55.205,1,53083,69549023,0,engine_rpm,992.000
2026-10-09T10:49:55.215,1,53088,69559031,0,actual_torque_pct,14
2026-10-09T10:49:55.215,1,53088,69559031,0,engine_rpm,993.000
2026-10-09T10:49:55.226,1,53094,69569027,0,actual_torque_pct,14
2026-10-09T10:49:55.226,1,53094,69569027,0,engine_rpm,993.000
2026-10-09T10:49:55.235,1,53102,69579068,0,actual_torque_pct,14
2026-10-09T10:49:55.235,1,53102,69579068,0,engine_rpm,994.000
2026-10-09T10:49:55.241,1,53109,69583924,39,vehicle_speed_kmh,0.000
2026-10-09T10:49:55.246,1,53113,69589010,0,actual_torque_pct,14
2026-10-09T10:49:55.246,1,53113,69589010,0,engine_rpm,995.000
2026-10-09T10:49:55.246,1,53114,69589590,0,engine_load_pct,29
2026-10-09T10:49:55.256,1,53120,69599065,0,actual_torque_pct,14
2026-10-09T10:49:55.256,1,53120,69599065,0,engine_rpm,995.000
2026-10-09T10:49:55.256,1,53121,69599649,0,fuel_rate_lph,6.55
2026-10-09T10:49:55.256,1,53121,69599649,0,fuel_econ_inst_kmpl,0.000
2026-10-09T10:49:55.266,1,53126,69609008,0,actual_torque_pct,14
2026-10-09T10:49:55.266,1,53126,69609008,0,engine_rpm,995.000
2026-10-09T10:49:55.275,1,53132,69618987,0,actual_torque_pct,14
2026-10-09T10:49:55.275,1,53132,69618987,0,engine_rpm,996.000
2026-10-09T10:49:55.285,1,53141,69628963,0,actual_torque_pct,14
2026-10-09T10:49:55.285,1,53141,69628963,0,engine_rpm,997.000
2026-10-09T10:49:55.289,1,53147,69633308,39,fuel_level_pct,1.2
2026-10-09T10:49:55.296,1,53153,69639393,0,engine_load_pct,29
2026-10-09T10:49:55.296,1,53154,69639950,0,actual_torque_pct,14
2026-10-09T10:49:55.296,1,53154,69639950,0,engine_rpm,997.000
2026-10-09T10:49:55.306,1,53159,69648981,0,actual_torque_pct,14
2026-10-09T10:49:55.306,1,53159,69648981,0,engine_rpm,997.000
2026-10-09T10:49:55.316,1,53165,69658953,0,actual_torque_pct,14
2026-10-09T10:49:55.316,1,53165,69658953,0,engine_rpm,997.000
2026-10-09T10:49:55.326,1,53171,69668948,0,actual_torque_pct,13
2026-10-09T10:49:55.326,1,53171,69668948,0,engine_rpm,999.000
2026-10-09T10:49:55.336,1,53179,69678981,0,actual_torque_pct,13
2026-10-09T10:49:55.336,1,53179,69678981,0,engine_rpm,1000.000
2026-10-09T10:49:55.341,1,53186,69683943,39,vehicle_speed_kmh,0.000
2026-10-09T10:49:55.346,1,53190,69688981,0,actual_torque_pct,13
2026-10-09T10:49:55.346,1,53190,69688981,0,engine_rpm,1000.000
2026-10-09T10:49:55.346,1,53191,69689562,0,engine_load_pct,27
2026-10-09T10:49:55.356,1,53197,69698965,0,actual_torque_pct,13
2026-10-09T10:49:55.356,1,53197,69698965,0,engine_rpm,1001.000
2026-10-09T10:49:55.356,1,53198,69699551,0,fuel_rate_lph,6.25
2026-10-09T10:49:55.356,1,53198,69699551,0,fuel_econ_inst_kmpl,0.000
2026-10-09T10:49:55.366,1,53205,69708947,0,actual_torque_pct,13
2026-10-09T10:49:55.366,1,53205,69708947,0,engine_rpm,1001.000
2026-10-09T10:49:55.376,1,53212,69718944,0,actual_torque_pct,13
2026-10-09T10:49:55.376,1,53212,69718944,0,engine_rpm,1001.000
2026-10-09T10:49:55.386,1,53221,69728962,0,actual_torque_pct,13
2026-10-09T10:49:55.386,1,53221,69728962,0,engine_rpm,1001.000
2026-10-09T10:49:55.390,1,53227,69733304,39,fuel_level_pct,1.2
2026-10-09T10:49:55.396,1,53233,69739396,0,engine_load_pct,26
2026-10-09T10:49:55.397,1,53234,69739954,0,actual_torque_pct,13
2026-10-09T10:49:55.397,1,53234,69739954,0,engine_rpm,1002.000
2026-10-09T10:49:55.406,1,53240,69748966,0,actual_torque_pct,13
2026-10-09T10:49:55.406,1,53240,69748966,0,engine_rpm,1002.000
2026-10-09T10:49:55.416,1,53245,69758938,0,actual_torque_pct,13
2026-10-09T10:49:55.416,1,53245,69758938,0,engine_rpm,1002.000
2026-10-09T10:49:55.426,1,53251,69768957,0,actual_torque_pct,13
2026-10-09T10:49:55.426,1,53251,69768957,0,engine_rpm,1002.000
2026-10-09T10:49:55.435,1,53259,69778916,0,actual_torque_pct,13
2026-10-09T10:49:55.435,1,53259,69778916,0,engine_rpm,1003.000
2026-10-09T10:49:55.441,1,53266,69783936,39,vehicle_speed_kmh,0.000
2026-10-09T10:49:55.445,1,53270,69788912,0,actual_torque_pct,13
2026-10-09T10:49:55.445,1,53270,69788912,0,engine_rpm,1003.000
2026-10-09T10:49:55.446,1,53271,69789499,0,engine_load_pct,26
2026-10-09T10:49:55.456,1,53277,69798949,0,actual_torque_pct,13
2026-10-09T10:49:55.456,1,53277,69798949,0,engine_rpm,1004.000
2026-10-09T10:49:55.456,1,53278,69799529,0,fuel_rate_lph,6.25
2026-10-09T10:49:55.456,1,53278,69799529,0,fuel_econ_inst_kmpl,0.000
2026-10-09T10:49:55.465,1,53283,69808915,0,actual_torque_pct,13
2026-10-09T10:49:55.465,1,53283,69808915,0,engine_rpm,1004.000
2026-10-09T10:49:55.475,1,53289,69818885,0,actual_torque_pct,13
2026-10-09T10:49:55.475,1,53289,69818885,0,engine_rpm,1004.000
2026-10-09T10:49:55.485,1,53298,69828884,0,actual_torque_pct,13
2026-10-09T10:49:55.485,1,53298,69828884,0,engine_rpm,1005.000
2026-10-09T10:49:55.488,1,53300,69830993,39,fuel_level_pct,1.2
2026-10-09T10:49:55.495,1,53309,69838886,0,actual_torque_pct,13
2026-10-09T10:49:55.495,1,53309,69838886,0,engine_rpm,1004.000
2026-10-09T10:49:55.496,1,53310,69839486,0,engine_load_pct,26
2026-10-09T10:49:55.509,1,53320,69852665,0,actual_torque_pct,13
2026-10-09T10:49:55.509,1,53320,69852665,0,engine_rpm,1004.000
2026-10-09T10:49:55.519,1,53325,69862716,0,actual_torque_pct,13
2026-10-09T10:49:55.519,1,53325,69862716,0,engine_rpm,1004.000
2026-10-09T10:49:55.527,1,53328,69870633,0,actual_torque_pct,13
2026-10-09T10:49:55.527,1,53328,69870633,0,engine_rpm,1005.000
2026-10-09T10:49:55.537,1,53335,69880075,0,actual_torque_pct,13
2026-10-09T10:49:55.537,1,53335,69880075,0,engine_rpm,1005.000
2026-10-09T10:49:55.541,1,53342,69884100,39,vehicle_speed_kmh,0.000
2026-10-09T10:49:55.547,1,53346,69890380,0,actual_torque_pct,13
2026-10-09T10:49:55.547,1,53346,69890380,0,engine_rpm,1005.000
2026-10-09T10:49:55.550,1,53351,69893284,0,engine_load_pct,26
2026-10-09T10:49:55.552,1,53354,69895177,0,boost_pressure_kpa,110
2026-10-09T10:49:55.552,1,53354,69895177,0,intake_manifold_temp_c,32
2026-10-09T10:49:55.557,1,53355,69900198,0,actual_torque_pct,13
2026-10-09T10:49:55.557,1,53355,69900198,0,engine_rpm,1005.000
2026-10-09T10:49:55.561,1,53362,69904217,0,fuel_rate_lph,6.25
2026-10-09T10:49:55.561,1,53362,69904217,0,fuel_econ_inst_kmpl,0.000
2026-10-09T10:49:55.567,1,53363,69910256,0,actual_torque_pct,13
2026-10-09T10:49:55.567,1,53363,69910256,0,engine_rpm,1005.000
2026-10-09T10:49:55.577,1,53370,69920111,0,actual_torque_pct,13
2026-10-09T10:49:55.577,1,53370,69920111,0,engine_rpm,1006.000
2026-10-09T10:49:55.587,1,53378,69930303,0,actual_torque_pct,13
2026-10-09T10:49:55.587,1,53378,69930303,0,engine_rpm,1006.000
2026-10-09T10:49:55.590,1,53384,69933772,39,fuel_level_pct,1.2
2026-10-09T10:49:55.597,1,53390,69940050,0,actual_torque_pct,13
2026-10-09T10:49:55.597,1,53390,69940050,0,engine_rpm,1007.000
2026-10-09T10:49:55.600,1,53395,69942937,0,engine_load_pct,26
2026-10-09T10:49:55.607,1,53397,69950257,0,actual_torque_pct,13
2026-10-09T10:49:55.607,1,53397,69950257,0,engine_rpm,1007.000
2026-10-09T10:49:55.617,1,53402,69960072,0,actual_torque_pct,13
2026-10-09T10:49:55.617,1,53402,69960072,0,engine_rpm,1007.000
2026-10-09T10:49:55.627,1,53409,69970636,0,actual_torque_pct,13
2026-10-09T10:49:55.627,1,53409,69970636,0,engine_rpm,1007.000
2026-10-09T10:49:55.640,1,53421,69983357,0,actual_torque_pct,13
2026-10-09T10:49:55.640,1,53421,69983357,0,engine_rpm,1008.000
2026-10-09T10:49:55.641,1,53423,69984494,39,vehicle_speed_kmh,0.000
2026-10-09T10:49:55.647,1,53427,69990227,0,actual_torque_pct,13
2026-10-09T10:49:55.647,1,53427,69990227,0,engine_rpm,1008.000
2026-10-09T10:49:55.650,1,53432,69993103,0,engine_load_pct,26
2026-10-09T10:49:55.651,1,53434,69994897,0,oil_pressure_kpa,596
2026-10-09T10:49:55.657,1,53435,70000065,0,actual_torque_pct,13
2026-10-09T10:49:55.657,1,53435,70000065,0,engine_rpm,1008.000
2026-10-09T10:49:55.661,1,53442,70004101,0,fuel_rate_lph,6.30
2026-10-09T10:49:55.661,1,53442,70004101,0,fuel_econ_inst_kmpl,0.000
2026-10-09T10:49:55.667,1,53443,70010223,0,actual_torque_pct,13
2026-10-09T10:49:55.667,1,53443,70010223,0,engine_rpm,1008.000
2026-10-09T10:49:55.677,1,53450,70020121,0,actual_torque_pct,13
2026-10-09T10:49:55.677,1,53450,70020121,0,engine_rpm,1008.000
2026-10-09T10:49:55.687,1,53458,70030200,0,actual_torque_pct,13
2026-10-09T10:49:55.687,1,53458,70030200,0,engine_rpm,1009.000
2026-10-09T10:49:55.691,1,53465,70033658,39,fuel_level_pct,1.2
2026-10-09T10:49:55.697,1,53471,70039991,0,actual_torque_pct,13
2026-10-09T10:49:55.697,1,53471,70039991,0,engine_rpm,1010.000
2026-10-09T10:49:55.700,1,53476,70042884,0,engine_load_pct,26
2026-10-09T10:49:55.707,1,53478,70050221,0,actual_torque_pct,13
2026-10-09T10:49:55.707,1,53478,70050221,0,engine_rpm,1010.000
2026-10-09T10:49:55.717,1,53485,70059994,0,actual_torque_pct,13
2026-10-09T10:49:55.717,1,53485,70059994,0,engine_rpm,1011.000
2026-10-09T10:49:55.730,1,53496,70072946,0,actual_torque_pct,13
2026-10-09T10:49:55.730,1,53496,70072946,0,engine_rpm,1011.000
2026-10-09T10:49:55.737,1,53499,70080054,0,actual_torque_pct,13
2026-10-09T10:49:55.737,1,53499,70080054,0,engine_rpm,1011.000
2026-10-09T10:49:55.741,1,53506,70084083,39,vehicle_speed_kmh,0.000
2026-10-09T10:49:55.747,1,53510,70090195,0,actual_torque_pct,13
2026-10-09T10:49:55.747,1,53510,70090195,0,engine_rpm,1011.000
2026-10-09T10:49:55.750,1,53515,70093056,0,engine_load_pct,26
2026-10-09T10:49:55.751,1,53517,70094815,0,coolant_temp_c,33
2026-10-09T10:49:55.751,1,53517,70094815,0,fuel_temp_c,32
2026-10-09T10:49:55.751,1,53517,70094815,0,oil_temp_c,33.78
2026-10-09T10:49:55.760,1,53522,70102688,0,actual_torque_pct,13
2026-10-09T10:49:55.760,1,53522,70102688,0,engine_rpm,1012.000
2026-10-09T10:49:55.761,1,53525,70104414,0,fuel_rate_lph,6.30
2026-10-09T10:49:55.761,1,53525,70104414,0,fuel_econ_inst_kmpl,0.000
2026-10-09T10:49:55.766,1,53526,70109845,0,actual_torque_pct,13
2026-10-09T10:49:55.766,1,53526,70109845,0,engine_rpm,1012.000
2026-10-09T10:49:55.776,1,53532,70119531,0,actual_torque_pct,13
2026-10-09T10:49:55.776,1,53532,70119531,0,engine_rpm,1012.000
2026-10-09T10:49:55.786,1,53541,70129643,0,actual_torque_pct,13
2026-10-09T10:49:55.786,1,53541,70129643,0,engine_rpm,1012.000
2026-10-09T10:49:55.790,1,53547,70133400,39,fuel_level_pct,1.2
2026-10-09T10:49:55.796,1,53553,70139391,0,engine_load_pct,26
2026-10-09T10:49:55.797,1,53554,70139971,0,actual_torque_pct,13
2026-10-09T10:49:55.797,1,53554,70139971,0,engine_rpm,1013.000
2026-10-09T10:49:55.806,1,53560,70149346,0,actual_torque_pct,13
2026-10-09T10:49:55.806,1,53560,70149346,0,engine_rpm,1013.000
2026-10-09T10:49:55.816,1,53567,70159002,0,actual_torque_pct,13
2026-10-09T10:49:55.816,1,53567,70159002,0,engine_rpm,1013.000
2026-10-09T10:49:55.826,1,53573,70169111,0,actual_torque_pct,13
2026-10-09T10:49:55.826,1,53573,70169111,0,engine_rpm,1014.000
2026-10-09T10:49:55.835,1,53581,70178705,0,actual_torque_pct,13
2026-10-09T10:49:55.835,1,53581,70178705,0,engine_rpm,1014.000
2026-10-09T10:49:55.841,1,53588,70183947,39,vehicle_speed_kmh,0.000
2026-10-09T10:49:55.846,1,53592,70188724,0,actual_torque_pct,13
2026-10-09T10:49:55.846,1,53592,70188724,0,engine_rpm,1013.000
2026-10-09T10:49:55.846,1,53593,70189304,0,engine_load_pct,26
2026-10-09T10:49:55.855,1,53600,70198719,0,actual_torque_pct,13
2026-10-09T10:49:55.855,1,53600,70198719,0,engine_rpm,1014.000
2026-10-09T10:49:55.857,1,53602,70199885,0,fuel_rate_lph,6.30
2026-10-09T10:49:55.857,1,53602,70199885,0,fuel_econ_inst_kmpl,0.000
2026-10-09T10:49:55.865,1,53608,70208746,0,actual_torque_pct,13
2026-10-09T10:49:55.865,1,53608,70208746,0,engine_rpm,1014.000
2026-10-09T10:49:55.867,1,53610,70209872,0,engine_hours,40.25
2026-10-09T10:49:55.875,1,53615,70218717,0,actual_torque_pct,13
2026-10-09T10:49:55.875,1,53615,70218717,0,engine_rpm,1014.000
2026-10-09T10:49:55.885,1,53624,70228705,0,actual_torque_pct,13
2026-10-09T10:49:55.885,1,53624,70228705,0,engine_rpm,1015.000
2026-10-09T10:49:55.890,1,53630,70233316,39,fuel_level_pct,1.2
2026-10-09T10:49:55.895,1,53635,70238697,0,actual_torque_pct,13
2026-10-09T10:49:55.895,1,53635,70238697,0,engine_rpm,1015.000
2026-10-09T10:49:55.896,1,53636,70239283,0,engine_load_pct,26
2026-10-09T10:49:55.904,1,53642,70248673,0,actual_torque_pct,13
2026-10-09T10:49:55.904,1,53642,70248673,0,engine_rpm,1015.000
2026-10-09T10:49:55.915,1,53647,70258649,0,actual_torque_pct,13
2026-10-09T10:49:55.915,1,53647,70258649,0,engine_rpm,1016.000
2026-10-09T10:49:55.925,1,53653,70268650,0,actual_torque_pct,13
2026-10-09T10:49:55.925,1,53653,70268650,0,engine_rpm,1016.000
2026-10-09T10:49:55.935,1,53661,70278661,0,actual_torque_pct,13
2026-10-09T10:49:55.935,1,53661,70278661,0,engine_rpm,1016.000
2026-10-09T10:49:55.940,1,53668,70283934,39,vehicle_speed_kmh,0.000
2026-10-09T10:49:55.945,1,53672,70288674,0,actual_torque_pct,13
2026-10-09T10:49:55.945,1,53672,70288674,0,engine_rpm,1017.000
2026-10-09T10:49:55.946,1,53673,70289262,0,engine_load_pct,26
2026-10-09T10:49:55.956,1,53679,70298953,0,actual_torque_pct,13
2026-10-09T10:49:55.956,1,53679,70298953,0,engine_rpm,1018.000
2026-10-09T10:49:55.956,1,53680,70299553,0,fuel_rate_lph,6.30
2026-10-09T10:49:55.956,1,53680,70299553,0,fuel_econ_inst_kmpl,0.000
2026-10-09T10:49:55.965,1,53685,70308615,0,actual_torque_pct,13
2026-10-09T10:49:55.965,1,53685,70308615,0,engine_rpm,1018.000
2026-10-09T10:49:55.975,1,53691,70318622,0,actual_torque_pct,13
2026-10-09T10:49:55.975,1,53691,70318622,0,engine_rpm,1018.000
2026-10-09T10:49:55.986,1,53700,70328674,0,actual_torque_pct,13
2026-10-09T10:49:55.986,1,53700,70328674,0,engine_rpm,1018.000
2026-10-09T10:49:55.990,1,53706,70333292,39,fuel_level_pct,1.2
2026-10-09T10:49:55.995,1,53711,70338607,0,actual_torque_pct,13
2026-10-09T10:49:55.995,1,53711,70338607,0,engine_rpm,1018.000
2026-10-09T10:49:55.996,1,53712,70339188,0,engine_load_pct,26
2026-10-09T10:49:56.005,1,53718,70348602,0,actual_torque_pct,13
2026-10-09T10:49:56.005,1,53718,70348602,0,engine_rpm,1018.000
2026-10-09T10:49:56.015,1,53723,70358645,0,actual_torque_pct,13
2026-10-09T10:49:56.015,1,53723,70358645,0,engine_rpm,1018.000
2026-10-09T10:49:56.025,1,53729,70368621,0,actual_torque_pct,13
2026-10-09T10:49:56.025,1,53729,70368621,0,engine_rpm,1018.000
2026-10-09T10:49:56.035,1,53739,70378596,0,actual_torque_pct,13
2026-10-09T10:49:56.035,1,53739,70378596,0,engine_rpm,1018.000
2026-10-09T10:49:56.041,1,53746,70383924,39,vehicle_speed_kmh,0.000
2026-10-09T10:49:56.045,1,53750,70388590,0,actual_torque_pct,13
2026-10-09T10:49:56.045,1,53750,70388590,0,engine_rpm,1019.000
2026-10-09T10:49:56.046,1,53751,70389158,0,engine_load_pct,26
2026-10-09T10:49:56.051,1,53757,70394504,0,boost_pressure_kpa,112
2026-10-09T10:49:56.051,1,53757,70394504,0,intake_manifold_temp_c,32
2026-10-09T10:49:56.055,1,53758,70398587,0,actual_torque_pct,13
2026-10-09T10:49:56.055,1,53758,70398587,0,engine_rpm,1019.000
2026-10-09T10:49:56.056,1,53760,70399750,0,fuel_rate_lph,6.30
2026-10-09T10:49:56.056,1,53760,70399750,0,fuel_econ_inst_kmpl,0.000
2026-10-09T10:49:56.065,1,53765,70408611,0,actual_torque_pct,13
2026-10-09T10:49:56.065,1,53765,70408611,0,engine_rpm,1020.000
2026-10-09T10:49:56.075,1,53771,70418585,0,actual_torque_pct,13
2026-10-09T10:49:56.075,1,53771,70418585,0,engine_rpm,1021.000
2026-10-09T10:49:56.085,1,53780,70428526,0,actual_torque_pct,13
2026-10-09T10:49:56.085,1,53780,70428526,0,engine_rpm,1020.000
2026-10-09T10:49:56.090,1,53786,70433282,39,fuel_level_pct,1.2
2026-10-09T10:49:56.095,1,53791,70438577,0,actual_torque_pct,13
2026-10-09T10:49:56.095,1,53791,70438577,0,engine_rpm,1020.000
2026-10-09T10:49:56.096,1,53792,70439163,0,engine_load_pct,26
2026-10-09T10:49:56.105,1,53798,70448604,0,actual_torque_pct,12
2026-10-09T10:49:56.105,1,53798,70448604,0,engine_rpm,1021.000
2026-10-09T10:49:56.115,1,53803,70458575,0,actual_torque_pct,12
2026-10-09T10:49:56.115,1,53803,70458575,0,engine_rpm,1021.000
2026-10-09T10:49:56.126,1,53809,70468598,0,actual_torque_pct,12
2026-10-09T10:49:56.126,1,53809,70468598,0,engine_rpm,1021.000
2026-10-09T10:49:56.135,1,53817,70478564,0,actual_torque_pct,12
2026-10-09T10:49:56.135,1,53817,70478564,0,engine_rpm,1021.000
2026-10-09T10:49:56.141,1,53824,70483929,39,vehicle_speed_kmh,0.000
2026-10-09T10:49:56.145,1,53828,70488579,0,actual_torque_pct,12
2026-10-09T10:49:56.145,1,53828,70488579,0,engine_rpm,1020.000
2026-10-09T10:49:56.146,1,53829,70489165,0,engine_load_pct,24
2026-10-09T10:49:56.151,1,53835,70494491,0,oil_pressure_kpa,592
2026-10-09T10:49:56.155,1,53836,70498835,0,actual_torque_pct,12
2026-10-09T10:49:56.155,1,53836,70498835,0,engine_rpm,1020.000
2026-10-09T10:49:56.156,1,53837,70499421,0,fuel_rate_lph,5.95
2026-10-09T10:49:56.156,1,53837,70499421,0,fuel_econ_inst_kmpl,0.000
2026-10-09T10:49:56.165,1,53842,70508500,0,actual_torque_pct,12
2026-10-09T10:49:56.165,1,53842,70508500,0,engine_rpm,1020.000
2026-10-09T10:49:56.175,1,53848,70518519,0,actual_torque_pct,12
2026-10-09T10:49:56.175,1,53848,70518519,0,engine_rpm,1019.000
2026-10-09T10:49:56.185,1,53857,70528524,0,actual_torque_pct,12
2026-10-09T10:49:56.185,1,53857,70528524,0,engine_rpm,1019.000
2026-10-09T10:49:56.192,1,53867,70536201,39,fuel_level_pct,1.2
2026-10-09T10:49:56.195,1,53868,70538509,0,actual_torque_pct,12
2026-10-09T10:49:56.195,1,53868,70538509,0,engine_rpm,1020.000
2026-10-09T10:49:56.195,1,53869,70539080,0,engine_load_pct,24
2026-10-09T10:49:56.205,1,53875,70548476,0,actual_torque_pct,12
2026-10-09T10:49:56.205,1,53875,70548476,0,engine_rpm,1020.000
2026-10-09T10:49:56.216,1,53880,70559910,0,actual_torque_pct,12
2026-10-09T10:49:56.216,1,53880,70559910,0,engine_rpm,1020.000
2026-10-09T10:49:56.230,1,53891,70573088,0,actual_torque_pct,12
2026-10-09T10:49:56.230,1,53891,70573088,0,engine_rpm,1020.000
2026-10-09T10:49:56.236,1,53894,70579847,0,actual_torque_pct,12
2026-10-09T10:49:56.236,1,53894,70579847,0,engine_rpm,1020.000
2026-10-09T10:49:56.240,1,53901,70584068,39,vehicle_speed_kmh,0.000
2026-10-09T10:49:56.247,1,53905,70589709,0,actual_torque_pct,12
2026-10-09T10:49:56.247,1,53905,70589709,0,engine_rpm,1020.000
2026-10-09T10:49:56.247,1,53906,70590295,0,engine_load_pct,24
2026-10-09T10:49:56.257,1,53912,70600083,0,actual_torque_pct,12
2026-10-09T10:49:56.257,1,53912,70600083,0,engine_rpm,1019.000
2026-10-09T10:49:56.259,1,53917,70602952,0,fuel_rate_lph,5.95
2026-10-09T10:49:56.259,1,53917,70602952,0,fuel_econ_inst_kmpl,0.000
2026-10-09T10:49:56.267,1,53918,70609746,0,actual_torque_pct,12
2026-10-09T10:49:56.267,1,53918,70609746,0,engine_rpm,1019.000
2026-10-09T10:49:56.277,1,53925,70620173,0,actual_torque_pct,12
2026-10-09T10:49:56.277,1,53925,70620173,0,engine_rpm,1019.000
2026-10-09T10:49:56.286,1,53933,70629698,0,actual_torque_pct,12
2026-10-09T10:49:56.286,1,53933,70629698,0,engine_rpm,1019.000
2026-10-09T10:49:56.290,1,53939,70633351,39,fuel_level_pct,1.2
2026-10-09T10:49:56.296,1,53945,70639863,0,actual_torque_pct,12
2026-10-09T10:49:56.296,1,53945,70639863,0,engine_rpm,1019.000
2026-10-09T10:49:56.297,1,53946,70640453,0,engine_load_pct,24
2026-10-09T10:49:56.306,1,53951,70649720,0,actual_torque_pct,12
2026-10-09T10:49:56.306,1,53951,70649720,0,engine_rpm,1021.000
2026-10-09T10:49:56.316,1,53957,70659672,0,actual_torque_pct,12
2026-10-09T10:49:56.316,1,53957,70659672,0,engine_rpm,1020.000
2026-10-09T10:49:56.326,1,53963,70669347,0,actual_torque_pct,12
2026-10-09T10:49:56.326,1,53963,70669347,0,engine_rpm,1020.000
2026-10-09T10:49:56.336,1,53971,70679275,0,actual_torque_pct,12
2026-10-09T10:49:56.336,1,53971,70679275,0,engine_rpm,1020.000
2026-10-09T10:49:56.341,1,53978,70684070,39,vehicle_speed_kmh,0.000
2026-10-09T10:49:56.346,1,53982,70689587,0,actual_torque_pct,12
2026-10-09T10:49:56.346,1,53982,70689587,0,engine_rpm,1020.000
2026-10-09T10:49:56.347,1,53983,70690184,0,engine_load_pct,24
2026-10-09T10:49:56.355,1,53989,70698798,0,actual_torque_pct,12
2026-10-09T10:49:56.355,1,53989,70698798,0,engine_rpm,1020.000
2026-10-09T10:49:56.356,1,53990,70699379,0,fuel_rate_lph,5.95
2026-10-09T10:49:56.356,1,53990,70699379,0,fuel_econ_inst_kmpl,0.000
2026-10-09T10:49:56.365,1,53997,70708400,0,actual_torque_pct,12
2026-10-09T10:49:56.365,1,53997,70708400,0,engine_rpm,1020.000
2026-10-09T10:49:56.375,1,54004,70718399,0,actual_torque_pct,12
2026-10-09T10:49:56.375,1,54004,70718399,0,engine_rpm,1019.000
2026-10-09T10:49:56.385,1,54013,70728424,0,actual_torque_pct,12
2026-10-09T10:49:56.385,1,54013,70728424,0,engine_rpm,1019.000
2026-10-09T10:49:56.390,1,54019,70733300,39,fuel_level_pct,1.2
2026-10-09T10:49:56.395,1,54024,70738397,0,actual_torque_pct,12
2026-10-09T10:49:56.395,1,54024,70738397,0,engine_rpm,1020.000
2026-10-09T10:49:56.396,1,54025,70738964,0,engine_load_pct,24
2026-10-09T10:49:56.405,1,54032,70748426,0,actual_torque_pct,12
2026-10-09T10:49:56.405,1,54032,70748426,0,engine_rpm,1020.000
2026-10-09T10:49:56.415,1,54037,70758385,0,actual_torque_pct,12
2026-10-09T10:49:56.415,1,54037,70758385,0,engine_rpm,1020.000
2026-10-09T10:49:56.425,1,54043,70768396,0,actual_torque_pct,12
2026-10-09T10:49:56.425,1,54043,70768396,0,engine_rpm,1021.000
2026-10-09T10:49:56.435,1,54051,70778406,0,actual_torque_pct,12
2026-10-09T10:49:56.435,1,54051,70778406,0,engine_rpm,1020.000
2026-10-09T10:49:56.441,1,54058,70783941,39,vehicle_speed_kmh,0.000
2026-10-09T10:49:56.445,1,54062,70788368,0,actual_torque_pct,12
2026-10-09T10:49:56.445,1,54062,70788368,0,engine_rpm,1020.000
2026-10-09T10:49:56.446,1,54063,70788966,0,engine_load_pct,24
2026-10-09T10:49:56.455,1,54069,70798532,0,actual_torque_pct,12
2026-10-09T10:49:56.455,1,54069,70798532,0,engine_rpm,1021.000
2026-10-09T10:49:56.456,1,54070,70799099,0,fuel_rate_lph,5.95
2026-10-09T10:49:56.456,1,54070,70799099,0,fuel_econ_inst_kmpl,0.000
2026-10-09T10:49:56.465,1,54075,70808372,0,actual_torque_pct,12
2026-10-09T10:49:56.465,1,54075,70808372,0,engine_rpm,1020.000
2026-10-09T10:49:56.475,1,54081,70818332,0,actual_torque_pct,12
2026-10-09T10:49:56.475,1,54081,70818332,0,engine_rpm,1020.000
2026-10-09T10:49:56.485,1,54090,70828368,0,actual_torque_pct,12
2026-10-09T10:49:56.485,1,54090,70828368,0,engine_rpm,1020.000
2026-10-09T10:49:56.491,1,54096,70833350,39,fuel_level_pct,1.2
2026-10-09T10:49:56.495,1,54101,70838353,0,actual_torque_pct,12
2026-10-09T10:49:56.495,1,54101,70838353,0,engine_rpm,1019.000
2026-10-09T10:49:56.495,1,54102,70838938,0,engine_load_pct,24
2026-10-09T10:49:56.505,1,54108,70848346,0,actual_torque_pct,12
2026-10-09T10:49:56.505,1,54108,70848346,0,engine_rpm,1019.000
2026-10-09T10:49:56.515,1,54113,70858350,0,actual_torque_pct,12
2026-10-09T10:49:56.515,1,54113,70858350,0,engine_rpm,1019.000
2026-10-09T10:49:56.525,1,54119,70868309,0,actual_torque_pct,12
2026-10-09T10:49:56.525,1,54119,70868309,0,engine_rpm,1019.000
2026-10-09T10:49:56.535,1,54127,70878349,0,actual_torque_pct,12
2026-10-09T10:49:56.535,1,54127,70878349,0,engine_rpm,1019.000
2026-10-09T10:49:56.541,1,54134,70883942,39,vehicle_speed_kmh,0.000
2026-10-09T10:49:56.545,1,54138,70888390,0,actual_torque_pct,12
2026-10-09T10:49:56.545,1,54138,70888390,0,engine_rpm,1020.000
2026-10-09T10:49:56.546,1,54139,70888975,0,engine_load_pct,24
2026-10-09T10:49:56.552,1,54146,70894594,0,boost_pressure_kpa,112
2026-10-09T10:49:56.552,1,54146,70894594,0,intake_manifold_temp_c,32
2026-10-09T10:49:56.555,1,54147,70898414,0,actual_torque_pct,12
2026-10-09T10:49:56.555,1,54147,70898414,0,engine_rpm,1019.000
2026-10-09T10:49:56.557,1,54150,70900116,0,fuel_rate_lph,5.95
2026-10-09T10:49:56.557,1,54150,70900116,0,fuel_econ_inst_kmpl,0.000
2026-10-09T10:49:56.565,1,54155,70908312,0,actual_torque_pct,12
2026-10-09T10:49:56.565,1,54155,70908312,0,engine_rpm,1020.000
2026-10-09T10:49:56.575,1,54161,70918297,0,actual_torque_pct,12
2026-10-09T10:49:56.575,1,54161,70918297,0,engine_rpm,1020.000
2026-10-09T10:49:56.585,1,54170,70928306,0,actual_torque_pct,12
2026-10-09T10:49:56.585,1,54170,70928306,0,engine_rpm,1020.000
2026-10-09T10:49:56.590,1,54176,70933332,39,fuel_level_pct,1.2
2026-10-09T10:49:56.595,1,54181,70938291,0,actual_torque_pct,12
2026-10-09T10:49:56.595,1,54181,70938291,0,engine_rpm,1020.000
2026-10-09T10:49:56.595,1,54182,70938869,0,engine_load_pct,24
2026-10-09T10:49:56.605,1,54189,70948270,0,actual_torque_pct,12
2026-10-09T10:49:56.605,1,54189,70948270,0,engine_rpm,1019.000
2026-10-09T10:49:56.615,1,54194,70958284,0,actual_torque_pct,12
2026-10-09T10:49:56.615,1,54194,70958284,0,engine_rpm,1019.000
2026-10-09T10:49:56.625,1,54200,70968299,0,actual_torque_pct,12
2026-10-09T10:49:56.625,1,54200,70968299,0,engine_rpm,1019.000
2026-10-09T10:49:56.635,1,54208,70978278,0,actual_torque_pct,12
2026-10-09T10:49:56.635,1,54208,70978278,0,engine_rpm,1020.000
2026-10-09T10:49:56.641,1,54215,70983922,39,vehicle_speed_kmh,0.000
2026-10-09T10:49:56.645,1,54219,70988253,0,actual_torque_pct,12
2026-10-09T10:49:56.645,1,54219,70988253,0,engine_rpm,1020.000
2026-10-09T10:49:56.645,1,54220,70988847,0,engine_load_pct,24
2026-10-09T10:49:56.651,1,54226,70994361,0,oil_pressure_kpa,588
2026-10-09T10:49:56.655,1,54227,70998323,0,actual_torque_pct,12
2026-10-09T10:49:56.655,1,54227,70998323,0,engine_rpm,1020.000
2026-10-09T10:49:56.657,1,54230,71000038,0,fuel_rate_lph,5.95
2026-10-09T10:49:56.657,1,54230,71000038,0,fuel_econ_inst_kmpl,0.000
2026-10-09T10:49:56.665,1,54235,71008252,0,actual_torque_pct,12
2026-10-09T10:49:56.665,1,54235,71008252,0,engine_rpm,1020.000
2026-10-09T10:49:56.675,1,54241,71018230,0,actual_torque_pct,12
2026-10-09T10:49:56.675,1,54241,71018230,0,engine_rpm,1020.000
2026-10-09T10:49:56.685,1,54250,71028213,0,actual_torque_pct,12
2026-10-09T10:49:56.685,1,54250,71028213,0,engine_rpm,1020.000
2026-10-09T10:49:56.691,1,54257,71033381,39,fuel_level_pct,1.2
2026-10-09T10:49:56.695,1,54262,71038237,0,actual_torque_pct,12
2026-10-09T10:49:56.695,1,54262,71038237,0,engine_rpm,1020.000
2026-10-09T10:49:56.695,1,54263,71038823,0,engine_load_pct,24
2026-10-09T10:49:56.705,1,54270,71048255,0,actual_torque_pct,12
2026-10-09T10:49:56.705,1,54270,71048255,0,engine_rpm,1020.000
2026-10-09T10:49:56.716,1,54277,71059411,0,actual_torque_pct,12
2026-10-09T10:49:56.716,1,54277,71059411,0,engine_rpm,1019.000
2026-10-09T10:49:56.726,1,54283,71069615,0,actual_torque_pct,13
2026-10-09T10:49:56.726,1,54283,71069615,0,engine_rpm,1019.000
2026-10-09T10:49:56.736,1,54291,71079437,0,actual_torque_pct,13
2026-10-09T10:49:56.736,1,54291,71079437,0,engine_rpm,1019.000
2026-10-09T10:49:56.741,1,54298,71084005,39,vehicle_speed_kmh,0.000
2026-10-09T10:49:56.746,1,54302,71089660,0,actual_torque_pct,13
2026-10-09T10:49:56.746,1,54302,71089660,0,engine_rpm,1019.000
2026-10-09T10:49:56.747,1,54303,71090251,0,engine_load_pct,26
2026-10-09T10:49:56.751,1,54309,71094421,0,coolant_temp_c,33
2026-10-09T10:49:56.751,1,54309,71094421,0,fuel_temp_c,32
2026-10-09T10:49:56.751,1,54309,71094421,0,oil_temp_c,33.78
2026-10-09T10:49:56.756,1,54310,71099475,0,actual_torque_pct,13
2026-10-09T10:49:56.756,1,54310,71099475,0,engine_rpm,1019.000
2026-10-09T10:49:56.760,1,54317,71103493,0,fuel_rate_lph,6.30
2026-10-09T10:49:56.760,1,54317,71103493,0,fuel_econ_inst_kmpl,0.000
2026-10-09T10:49:56.766,1,54318,71109617,0,actual_torque_pct,12
2026-10-09T10:49:56.766,1,54318,71109617,0,engine_rpm,1019.000
2026-10-09T10:49:56.776,1,54324,71119410,0,actual_torque_pct,12
2026-10-09T10:49:56.776,1,54324,71119410,0,engine_rpm,1020.000
2026-10-09T10:49:56.786,1,54333,71129656,0,actual_torque_pct,12
2026-10-09T10:49:56.786,1,54333,71129656,0,engine_rpm,1021.000
2026-10-09T10:49:56.790,1,54339,71133419,39,fuel_level_pct,1.2
2026-10-09T10:49:56.796,1,54345,71139470,0,actual_torque_pct,12
2026-10-09T10:49:56.796,1,54345,71139470,0,engine_rpm,1021.000
2026-10-09T10:49:56.797,1,54346,71140048,0,engine_load_pct,24
2026-10-09T10:49:56.807,1,54352,71149627,0,actual_torque_pct,12
2026-10-09T10:49:56.807,1,54352,71149627,0,engine_rpm,1021.000
2026-10-09T10:49:56.816,1,54359,71159840,0,actual_torque_pct,12
2026-10-09T10:49:56.816,1,54359,71159840,0,engine_rpm,1021.000
2026-10-09T10:49:56.826,1,54365,71169204,0,actual_torque_pct,12
2026-10-09T10:49:56.826,1,54365,71169204,0,engine_rpm,1021.000
2026-10-09T10:49:56.835,1,54373,71178759,0,actual_torque_pct,12
2026-10-09T10:49:56.835,1,54373,71178759,0,engine_rpm,1021.000
2026-10-09T10:49:56.841,1,54380,71183966,39,vehicle_speed_kmh,0.000
2026-10-09T10:49:56.845,1,54384,71188783,0,actual_torque_pct,12
2026-10-09T10:49:56.845,1,54384,71188783,0,engine_rpm,1020.000
2026-10-09T10:49:56.846,1,54385,71189358,0,engine_load_pct,24
2026-10-09T10:49:56.855,1,54392,71198606,0,actual_torque_pct,12
2026-10-09T10:49:56.855,1,54392,71198606,0,engine_rpm,1020.000
2026-10-09T10:49:56.856,1,54394,71199759,0,fuel_rate_lph,5.95
2026-10-09T10:49:56.856,1,54394,71199759,0,fuel_econ_inst_kmpl,0.000
2026-10-09T10:49:56.865,1,54400,71208417,0,actual_torque_pct,12
2026-10-09T10:49:56.865,1,54400,71208417,0,engine_rpm,1020.000
2026-10-09T10:49:56.866,1,54402,71209556,0,engine_hours,40.25
2026-10-09T10:49:56.875,1,54407,71218121,0,actual_torque_pct,12
2026-10-09T10:49:56.875,1,54407,71218121,0,engine_rpm,1020.000
2026-10-09T10:49:56.885,1,54416,71228118,0,actual_torque_pct,12
2026-10-09T10:49:56.885,1,54416,71228118,0,engine_rpm,1021.000
2026-10-09T10:49:56.890,1,54422,71233361,39,fuel_level_pct,1.2
2026-10-09T10:49:56.895,1,54427,71238118,0,actual_torque_pct,12
2026-10-09T10:49:56.895,1,54427,71238118,0,engine_rpm,1021.000
2026-10-09T10:49:56.895,1,54428,71238715,0,engine_load_pct,24
2026-10-09T10:49:56.905,1,54434,71248138,0,actual_torque_pct,12
2026-10-09T10:49:56.905,1,54434,71248138,0,engine_rpm,1021.000
2026-10-09T10:49:56.915,1,54439,71258112,0,actual_torque_pct,12
2026-10-09T10:49:56.915,1,54439,71258112,0,engine_rpm,1021.000
2026-10-09T10:49:56.925,1,54445,71268088,0,actual_torque_pct,12
2026-10-09T10:49:56.925,1,54445,71268088,0,engine_rpm,1021.000
2026-10-09T10:49:56.935,1,54453,71278137,0,actual_torque_pct,12
2026-10-09T10:49:56.935,1,54453,71278137,0,engine_rpm,1021.000
2026-10-09T10:49:56.941,1,54460,71283948,39,vehicle_speed_kmh,0.000
2026-10-09T10:49:56.945,1,54464,71288134,0,actual_torque_pct,12
2026-10-09T10:49:56.945,1,54464,71288134,0,engine_rpm,1021.000
2026-10-09T10:49:56.946,1,54465,71288713,0,engine_load_pct,24
2026-10-09T10:49:56.955,1,54471,71298367,0,actual_torque_pct,12
2026-10-09T10:49:56.955,1,54471,71298367,0,engine_rpm,1021.000
2026-10-09T10:49:56.956,1,54472,71298951,0,fuel_rate_lph,5.95
2026-10-09T10:49:56.956,1,54472,71298951,0,fuel_econ_inst_kmpl,0.000
2026-10-09T10:49:56.965,1,54477,71308072,0,actual_torque_pct,12
2026-10-09T10:49:56.965,1,54477,71308072,0,engine_rpm,1020.000
2026-10-09T10:49:56.975,1,54483,71318084,0,actual_torque_pct,12
2026-10-09T10:49:56.975,1,54483,71318084,0,engine_rpm,1020.000
2026-10-09T10:49:56.985,1,54492,71328154,0,actual_torque_pct,12
2026-10-09T10:49:56.985,1,54492,71328154,0,engine_rpm,1020.000
2026-10-09T10:49:56.990,1,54498,71333309,39,fuel_level_pct,1.2
2026-10-09T10:49:56.995,1,54503,71338091,0,actual_torque_pct,12
2026-10-09T10:49:56.995,1,54503,71338091,0,engine_rpm,1020.000
2026-10-09T10:49:56.995,1,54504,71338676,0,engine_load_pct,24
2026-10-09T10:49:57.005,1,54510,71348051,0,actual_torque_pct,12
2026-10-09T10:49:57.005,1,54510,71348051,0,engine_rpm,1021.000
2026-10-09T10:49:57.015,1,54515,71358073,0,actual_torque_pct,12
2026-10-09T10:49:57.015,1,54515,71358073,0,engine_rpm,1021.000
2026-10-09T10:49:57.025,1,54521,71368070,0,actual_torque_pct,12
2026-10-09T10:49:57.025,1,54521,71368070,0,engine_rpm,1021.000
2026-10-09T10:49:57.035,1,54531,71378075,0,actual_torque_pct,12
2026-10-09T10:49:57.035,1,54531,71378075,0,engine_rpm,1021.000
2026-10-09T10:49:57.041,1,54538,71383960,39,vehicle_speed_kmh,0.000
2026-10-09T10:49:57.045,1,54542,71388017,0,actual_torque_pct,12
2026-10-09T10:49:57.045,1,54542,71388017,0,engine_rpm,1021.000
2026-10-09T10:49:57.045,1,54543,71388597,0,engine_load_pct,24
2026-10-09T10:49:57.051,1,54549,71394619,0,boost_pressure_kpa,112
2026-10-09T10:49:57.051,1,54549,71394619,0,intake_manifold_temp_c,32
2026-10-09T10:49:57.055,1,54550,71398060,0,actual_torque_pct,12
2026-10-09T10:49:57.055,1,54550,71398060,0,engine_rpm,1021.000
2026-10-09T10:49:57.056,1,54552,71399224,0,fuel_rate_lph,5.95
2026-10-09T10:49:57.056,1,54552,71399224,0,fuel_econ_inst_kmpl,0.000
2026-10-09T10:49:57.065,1,54557,71408052,0,actual_torque_pct,12
2026-10-09T10:49:57.065,1,54557,71408052,0,engine_rpm,1021.000
2026-10-09T10:49:57.075,1,54563,71418030,0,actual_torque_pct,12
2026-10-09T10:49:57.075,1,54563,71418030,0,engine_rpm,1021.000
2026-10-09T10:49:57.085,1,54572,71428075,0,actual_torque_pct,12
2026-10-09T10:49:57.085,1,54572,71428075,0,engine_rpm,1021.000
2026-10-09T10:49:57.090,1,54578,71433285,39,fuel_level_pct,1.2
2026-10-09T10:49:57.095,1,54583,71438038,0,actual_torque_pct,12
2026-10-09T10:49:57.095,1,54583,71438038,0,engine_rpm,1021.000
2026-10-09T10:49:57.095,1,54584,71438617,0,engine_load_pct,24
2026-10-09T10:49:57.105,1,54590,71448009,0,actual_torque_pct,12
2026-10-09T10:49:57.105,1,54590,71448009,0,engine_rpm,1021.000
2026-10-09T10:49:57.115,1,54595,71457998,0,actual_torque_pct,12
2026-10-09T10:49:57.115,1,54595,71457998,0,engine_rpm,1021.000
2026-10-09T10:49:57.125,1,54601,71467992,0,actual_torque_pct,12
2026-10-09T10:49:57.125,1,54601,71467992,0,engine_rpm,1022.000
2026-10-09T10:49:57.135,1,54609,71478032,0,actual_torque_pct,12
2026-10-09T10:49:57.135,1,54609,71478032,0,engine_rpm,1023.000
2026-10-09T10:49:57.141,1,54616,71483930,39,vehicle_speed_kmh,0.000
2026-10-09T10:49:57.145,1,54620,71488041,0,actual_torque_pct,12
2026-10-09T10:49:57.145,1,54620,71488041,0,engine_rpm,1023.000
2026-10-09T10:49:57.145,1,54621,71488621,0,engine_load_pct,24
2026-10-09T10:49:57.151,1,54627,71494005,0,oil_pressure_kpa,584
2026-10-09T10:49:57.155,1,54628,71498004,0,actual_torque_pct,12
2026-10-09T10:49:57.155,1,54628,71498004,0,engine_rpm,1023.000
2026-10-09T10:49:57.156,1,54629,71498583,0,fuel_rate_lph,6.00
2026-10-09T10:49:57.156,1,54629,71498583,0,fuel_econ_inst_kmpl,0.000
2026-10-09T10:49:57.165,1,54634,71507981,0,actual_torque_pct,12
2026-10-09T10:49:57.165,1,54634,71507981,0,engine_rpm,1023.000
2026-10-09T10:49:57.175,1,54640,71518005,0,actual_torque_pct,12
2026-10-09T10:49:57.175,1,54640,71518005,0,engine_rpm,1023.000
2026-10-09T10:49:57.187,1,54649,71529243,0,actual_torque_pct,12
2026-10-09T10:49:57.187,1,54649,71529243,0,engine_rpm,1023.000
2026-10-09T10:49:57.193,1,54659,71536683,39,fuel_level_pct,1.2
2026-10-09T10:49:57.196,1,54660,71539339,0,actual_torque_pct,12
2026-10-09T10:49:57.196,1,54660,71539339,0,engine_rpm,1023.000
2026-10-09T10:49:57.197,1,54661,71539917,0,engine_load_pct,24
2026-10-09T10:49:57.206,1,54667,71549200,0,actual_torque_pct,12
2026-10-09T10:49:57.206,1,54667,71549200,0,engine_rpm,1022.000
2026-10-09T10:49:57.216,1,54672,71559348,0,actual_torque_pct,12
2026-10-09T10:49:57.216,1,54672,71559348,0,engine_rpm,1023.000
2026-10-09T10:49:57.226,1,54678,71569249,0,actual_torque_pct,12
2026-10-09T10:49:57.226,1,54678,71569249,0,engine_rpm,1023.000
2026-10-09T10:49:57.236,1,54686,71579355,0,actual_torque_pct,12
2026-10-09T10:49:57.236,1,54686,71579355,0,engine_rpm,1022.000
2026-10-09T10:49:57.241,1,54693,71583987,39,vehicle_speed_kmh,0.000
2026-10-09T10:49:57.246,1,54697,71589244,0,actual_torque_pct,12
2026-10-09T10:49:57.246,1,54697,71589244,0,engine_rpm,1023.000
2026-10-09T10:49:57.246,1,54698,71589846,0,engine_load_pct,24
2026-10-09T10:49:57.256,1,54704,71599347,0,actual_torque_pct,12
2026-10-09T10:49:57.256,1,54704,71599347,0,engine_rpm,1024.000
2026-10-09T10:49:57.257,1,54705,71599932,0,fuel_rate_lph,6.00
2026-10-09T10:49:57.257,1,54705,71599932,0,fuel_econ_inst_kmpl,0.000
2026-10-09T10:49:57.267,1,54710,71609282,0,actual_torque_pct,12
2026-10-09T10:49:57.267,1,54710,71609282,0,engine_rpm,1024.000
2026-10-09T10:49:57.276,1,54716,71619157,0,actual_torque_pct,12
2026-10-09T10:49:57.276,1,54716,71619157,0,engine_rpm,1024.000
2026-10-09T10:49:57.286,1,54725,71629421,0,actual_torque_pct,12
2026-10-09T10:49:57.286,1,54725,71629421,0,engine_rpm,1024.000
2026-10-09T10:49:57.291,1,54731,71633423,39,fuel_level_pct,1.2
2026-10-09T10:49:57.295,1,54736,71638655,0,actual_torque_pct,12
2026-10-09T10:49:57.295,1,54736,71638655,0,engine_rpm,1024.000
2026-10-09T10:49:57.296,1,54737,71639242,0,engine_load_pct,24
2026-10-09T10:49:57.305,1,54743,71648306,0,actual_torque_pct,12
2026-10-09T10:49:57.305,1,54743,71648306,0,engine_rpm,1023.000
2026-10-09T10:49:57.315,1,54749,71658201,0,actual_torque_pct,12
2026-10-09T10:49:57.315,1,54749,71658201,0,engine_rpm,1023.000
2026-10-09T10:49:57.324,1,54755,71667897,0,actual_torque_pct,12
2026-10-09T10:49:57.324,1,54755,71667897,0,engine_rpm,1023.000
2026-10-09T10:49:57.334,1,54763,71677914,0,actual_torque_pct,12
2026-10-09T10:49:57.334,1,54763,71677914,0,engine_rpm,1023.000
2026-10-09T10:49:57.341,1,54770,71683934,39,vehicle_speed_kmh,0.000
2026-10-09T10:49:57.344,1,54774,71687930,0,actual_torque_pct,12
2026-10-09T10:49:57.344,1,54774,71687930,0,engine_rpm,1023.000
2026-10-09T10:49:57.345,1,54775,71688512,0,engine_load_pct,24
2026-10-09T10:49:57.354,1,54781,71697904,0,actual_torque_pct,12
2026-10-09T10:49:57.354,1,54781,71697904,0,engine_rpm,1024.000
2026-10-09T10:49:57.355,1,54782,71698483,0,fuel_rate_lph,6.00
2026-10-09T10:49:57.355,1,54782,71698483,0,fuel_econ_inst_kmpl,0.000
2026-10-09T10:49:57.364,1,54789,71707867,0,actual_torque_pct,12
2026-10-09T10:49:57.364,1,54789,71707867,0,engine_rpm,1025.000
2026-10-09T10:49:57.374,1,54796,71717874,0,actual_torque_pct,12
2026-10-09T10:49:57.374,1,54796,71717874,0,engine_rpm,1025.000
2026-10-09T10:49:57.384,1,54805,71727916,0,actual_torque_pct,12
2026-10-09T10:49:57.384,1,54805,71727916,0,engine_rpm,1026.000
2026-10-09T10:49:57.390,1,54811,71733376,39,fuel_level_pct,1.2
2026-10-09T10:49:57.394,1,54816,71737849,0,actual_torque_pct,12
2026-10-09T10:49:57.394,1,54816,71737849,0,engine_rpm,1026.000
2026-10-09T10:49:57.395,1,54817,71738429,0,engine_load_pct,24
2026-10-09T10:49:57.404,1,54824,71747944,0,actual_torque_pct,12
2026-10-09T10:49:57.404,1,54824,71747944,0,engine_rpm,1025.000
2026-10-09T10:49:57.414,1,54829,71757856,0,actual_torque_pct,12
2026-10-09T10:49:57.414,1,54829,71757856,0,engine_rpm,1025.000
2026-10-09T10:49:57.424,1,54835,71767869,0,actual_torque_pct,12
2026-10-09T10:49:57.424,1,54835,71767869,0,engine_rpm,1025.000
2026-10-09T10:49:57.434,1,54843,71777859,0,actual_torque_pct,12
2026-10-09T10:49:57.434,1,54843,71777859,0,engine_rpm,1025.000
2026-10-09T10:49:57.441,1,54850,71783942,39,vehicle_speed_kmh,0.000
2026-10-09T10:49:57.445,1,54854,71787831,0,actual_torque_pct,12
2026-10-09T10:49:57.445,1,54854,71787831,0,engine_rpm,1025.000
2026-10-09T10:49:57.445,1,54855,71788418,0,engine_load_pct,24
2026-10-09T10:49:57.454,1,54861,71797868,0,actual_torque_pct,12
2026-10-09T10:49:57.454,1,54861,71797868,0,engine_rpm,1025.000
2026-10-09T10:49:57.455,1,54862,71798448,0,fuel_rate_lph,6.00
2026-10-09T10:49:57.455,1,54862,71798448,0,fuel_econ_inst_kmpl,0.000
2026-10-09T10:49:57.465,1,54867,71807825,0,actual_torque_pct,12
2026-10-09T10:49:57.465,1,54867,71807825,0,engine_rpm,1025.000
2026-10-09T10:49:57.475,1,54873,71817814,0,actual_torque_pct,12
2026-10-09T10:49:57.475,1,54873,71817814,0,engine_rpm,1026.000
2026-10-09T10:49:57.484,1,54882,71827798,0,actual_torque_pct,12
2026-10-09T10:49:57.484,1,54882,71827798,0,engine_rpm,1026.000
2026-10-09T10:49:57.490,1,54889,71833874,39,fuel_level_pct,1.2
2026-10-09T10:49:57.494,1,54893,71837817,0,actual_torque_pct,12
2026-10-09T10:49:57.494,1,54893,71837817,0,engine_rpm,1026.000
2026-10-09T10:49:57.495,1,54894,71838396,0,engine_load_pct,24
2026-10-09T10:49:57.504,1,54900,71847812,0,actual_torque_pct,12
2026-10-09T10:49:57.504,1,54900,71847812,0,engine_rpm,1026.000
2026-10-09T10:49:57.515,1,54905,71857806,0,actual_torque_pct,12
2026-10-09T10:49:57.515,1,54905,71857806,0,engine_rpm,1026.000
2026-10-09T10:49:57.524,1,54911,71867777,0,actual_torque_pct,12
2026-10-09T10:49:57.524,1,54911,71867777,0,engine_rpm,1025.000
2026-10-09T10:49:57.534,1,54919,71877803,0,actual_torque_pct,12
2026-10-09T10:49:57.534,1,54919,71877803,0,engine_rpm,1025.000
2026-10-09T10:49:57.541,1,54926,71883934,39,vehicle_speed_kmh,0.000
2026-10-09T10:49:57.544,1,54930,71887848,0,actual_torque_pct,12
2026-10-09T10:49:57.544,1,54930,71887848,0,engine_rpm,1025.000
2026-10-09T10:49:57.545,1,54931,71888428,0,engine_load_pct,24
2026-10-09T10:49:57.551,1,54938,71894067,0,boost_pressure_kpa,112
2026-10-09T10:49:57.551,1,54938,71894067,0,intake_manifold_temp_c,32
2026-10-09T10:49:57.554,1,54939,71897945,0,actual_torque_pct,12
2026-10-09T10:49:57.554,1,54939,71897945,0,engine_rpm,1024.000
2026-10-09T10:49:57.556,1,54942,71899663,0,fuel_rate_lph,6.00
2026-10-09T10:49:57.556,1,54942,71899663,0,fuel_econ_inst_kmpl,0.000
2026-10-09T10:49:57.564,1,54947,71907783,0,actual_torque_pct,12
2026-10-09T10:49:57.564,1,54947,71907783,0,engine_rpm,1025.000
2026-10-09T10:49:57.574,1,54953,71917777,0,actual_torque_pct,12
2026-10-09T10:49:57.574,1,54953,71917777,0,engine_rpm,1025.000
2026-10-09T10:49:57.584,1,54962,71927780,0,actual_torque_pct,12
2026-10-09T10:49:57.584,1,54962,71927780,0,engine_rpm,1025.000
2026-10-09T10:49:57.590,1,54969,71933885,39,fuel_level_pct,1.2
2026-10-09T10:49:57.596,1,54973,71938977,0,actual_torque_pct,12
2026-10-09T10:49:57.596,1,54973,71938977,0,engine_rpm,1025.000
2026-10-09T10:49:57.596,1,54974,71939563,0,engine_load_pct,24
2026-10-09T10:49:57.606,1,54981,71949183,0,actual_torque_pct,12
2026-10-09T10:49:57.606,1,54981,71949183,0,engine_rpm,1026.000
2026-10-09T10:49:57.616,1,54986,71958993,0,actual_torque_pct,12
2026-10-09T10:49:57.616,1,54986,71958993,0,engine_rpm,1025.000
2026-10-09T10:49:57.626,1,54992,71969205,0,actual_torque_pct,12
2026-10-09T10:49:57.626,1,54992,71969205,0,engine_rpm,1025.000
2026-10-09T10:49:57.636,1,55000,71979587,0,actual_torque_pct,12
2026-10-09T10:49:57.636,1,55000,71979587,0,engine_rpm,1025.000
2026-10-09T10:49:57.641,1,55007,71984007,39,vehicle_speed_kmh,0.000
2026-10-09T10:49:57.646,1,55011,71989148,0,actual_torque_pct,12
2026-10-09T10:49:57.646,1,55011,71989148,0,engine_rpm,1025.000
2026-10-09T10:49:57.646,1,55012,71989728,0,engine_load_pct,24
2026-10-09T10:49:57.651,1,55018,71993824,0,oil_pressure_kpa,584
2026-10-09T10:49:57.656,1,55019,71998983,0,actual_torque_pct,12
2026-10-09T10:49:57.656,1,55019,71998983,0,engine_rpm,1025.000
2026-10-09T10:49:57.660,1,55026,72003014,0,fuel_rate_lph,6.00
2026-10-09T10:49:57.660,1,55026,72003014,0,fuel_econ_inst_kmpl,0.000
2026-10-09T10:49:57.666,1,55027,72009155,0,actual_torque_pct,12
2026-10-09T10:49:57.666,1,55027,72009155,0,engine_rpm,1025.000
2026-10-09T10:49:57.676,1,55033,72018787,0,actual_torque_pct,12
2026-10-09T10:49:57.676,1,55033,72018787,0,engine_rpm,1024.000
2026-10-09T10:49:57.685,1,55042,72028779,0,actual_torque_pct,12
2026-10-09T10:49:57.685,1,55042,72028779,0,engine_rpm,1024.000
2026-10-09T10:49:57.692,1,55050,72033947,39,fuel_level_pct,1.2
2026-10-09T10:49:57.695,1,55054,72038326,0,actual_torque_pct,12
2026-10-09T10:49:57.695,1,55054,72038326,0,engine_rpm,1024.000
2026-10-09T10:49:57.696,1,55055,72038906,0,engine_load_pct,24
2026-10-09T10:49:57.705,1,55062,72048302,0,actual_torque_pct,12
2026-10-09T10:49:57.705,1,55062,72048302,0,engine_rpm,1025.000
2026-10-09T10:49:57.714,1,55069,72057763,0,actual_torque_pct,12
2026-10-09T10:49:57.714,1,55069,72057763,0,engine_rpm,1026.000
2026-10-09T10:49:57.724,1,55075,72067667,0,actual_torque_pct,12
2026-10-09T10:49:57.724,1,55075,72067667,0,engine_rpm,1026.000
2026-10-09T10:49:57.734,1,55083,72077703,0,actual_torque_pct,12
2026-10-09T10:49:57.734,1,55083,72077703,0,engine_rpm,1026.000
2026-10-09T10:49:57.741,1,55090,72083951,39,vehicle_speed_kmh,0.000
2026-10-09T10:49:57.744,1,55094,72087708,0,actual_torque_pct,12
2026-10-09T10:49:57.744,1,55094,72087708,0,engine_rpm,1026.000
2026-10-09T10:49:57.745,1,55095,72088289,0,engine_load_pct,24
2026-10-09T10:49:57.749,1,55101,72092792,0,coolant_temp_c,33
2026-10-09T10:49:57.749,1,55101,72092792,0,fuel_temp_c,32
2026-10-09T10:49:57.749,1,55101,72092792,0,oil_temp_c,33.88
2026-10-09T10:49:57.754,1,55102,72097720,0,actual_torque_pct,12
2026-10-09T10:49:57.754,1,55102,72097720,0,engine_rpm,1025.000
2026-10-09T10:49:57.756,1,55105,72099422,0,fuel_rate_lph,6.00
2026-10-09T10:49:57.756,1,55105,72099422,0,fuel_econ_inst_kmpl,0.000
2026-10-09T10:49:57.764,1,55110,72107657,0,actual_torque_pct,12
2026-10-09T10:49:57.764,1,55110,72107657,0,engine_rpm,1025.000
2026-10-09T10:49:57.774,1,55116,72117677,0,actual_torque_pct,12
2026-10-09T10:49:57.774,1,55116,72117677,0,engine_rpm,1025.000
2026-10-09T10:49:57.784,1,55125,72127687,0,actual_torque_pct,12
2026-10-09T10:49:57.784,1,55125,72127687,0,engine_rpm,1024.000
2026-10-09T10:49:57.791,1,55132,72133938,39,fuel_level_pct,1.2
2026-10-09T10:49:57.795,1,55136,72137657,0,actual_torque_pct,12
2026-10-09T10:49:57.795,1,55136,72137657,0,engine_rpm,1024.000
2026-10-09T10:49:57.795,1,55137,72138237,0,engine_load_pct,24
2026-10-09T10:49:57.804,1,55144,72147687,0,actual_torque_pct,12
2026-10-09T10:49:57.804,1,55144,72147687,0,engine_rpm,1024.000
2026-10-09T10:49:57.814,1,55151,72157687,0,actual_torque_pct,12
2026-10-09T10:49:57.814,1,55151,72157687,0,engine_rpm,1024.000
2026-10-09T10:49:57.825,1,55157,72167660,0,actual_torque_pct,12
2026-10-09T10:49:57.825,1,55157,72167660,0,engine_rpm,1024.000
2026-10-09T10:49:57.834,1,55165,72177629,0,actual_torque_pct,12
2026-10-09T10:49:57.834,1,55165,72177629,0,engine_rpm,1025.000
2026-10-09T10:49:57.841,1,55172,72183960,39,vehicle_speed_kmh,0.000
2026-10-09T10:49:57.844,1,55176,72187618,0,actual_torque_pct,12
2026-10-09T10:49:57.844,1,55176,72187618,0,engine_rpm,1024.000
2026-10-09T10:49:57.845,1,55177,72188201,0,engine_load_pct,24
2026-10-09T10:49:57.854,1,55184,72197642,0,actual_torque_pct,12
2026-10-09T10:49:57.854,1,55184,72197642,0,engine_rpm,1025.000
2026-10-09T10:49:57.855,1,55186,72198808,0,fuel_rate_lph,6.00
2026-10-09T10:49:57.855,1,55186,72198808,0,fuel_econ_inst_kmpl,0.000
2026-10-09T10:49:57.864,1,55192,72207645,0,actual_torque_pct,12
2026-10-09T10:49:57.864,1,55192,72207645,0,engine_rpm,1026.000
2026-10-09T10:49:57.865,1,55194,72208770,0,engine_hours,40.25
2026-10-09T10:49:57.874,1,55199,72217611,0,actual_torque_pct,12
2026-10-09T10:49:57.874,1,55199,72217611,0,engine_rpm,1026.000
2026-10-09T10:49:57.884,1,55208,72227583,0,actual_torque_pct,12
2026-10-09T10:49:57.884,1,55208,72227583,0,engine_rpm,1026.000
2026-10-09T10:49:57.890,1,55214,72233373,39,fuel_level_pct,1.2
2026-10-09T10:49:57.894,1,55219,72237602,0,actual_torque_pct,12
2026-10-09T10:49:57.894,1,55219,72237602,0,engine_rpm,1025.000
2026-10-09T10:49:57.895,1,55220,72238180,0,engine_load_pct,24
2026-10-09T10:49:57.904,1,55226,72247606,0,actual_torque_pct,12
2026-10-09T10:49:57.904,1,55226,72247606,0,engine_rpm,1025.000
2026-10-09T10:49:57.914,1,55231,72257593,0,actual_torque_pct,12
2026-10-09T10:49:57.914,1,55231,72257593,0,engine_rpm,1025.000
2026-10-09T10:49:57.924,1,55237,72267546,0,actual_torque_pct,12
2026-10-09T10:49:57.924,1,55237,72267546,0,engine_rpm,1026.000
2026-10-09T10:49:57.934,1,55245,72277590,0,actual_torque_pct,12
2026-10-09T10:49:57.934,1,55245,72277590,0,engine_rpm,1026.000
2026-10-09T10:49:57.941,1,55252,72283957,39,vehicle_speed_kmh,0.000
2026-10-09T10:49:57.944,1,55256,72287593,0,actual_torque_pct,12
2026-10-09T10:49:57.944,1,55256,72287593,0,engine_rpm,1026.000
2026-10-09T10:49:57.945,1,55257,72288181,0,engine_load_pct,24
2026-10-09T10:49:57.954,1,55263,72297560,0,actual_torque_pct,12
2026-10-09T10:49:57.954,1,55263,72297560,0,engine_rpm,1026.000
2026-10-09T10:49:57.955,1,55264,72298141,0,fuel_rate_lph,6.00
2026-10-09T10:49:57.955,1,55264,72298141,0,fuel_econ_inst_kmpl,0.000
2026-10-09T10:49:57.964,1,55269,72307531,0,actual_torque_pct,12
2026-10-09T10:49:57.964,1,55269,72307531,0,engine_rpm,1026.000
2026-10-09T10:49:57.974,1,55275,72317570,0,actual_torque_pct,12
2026-10-09T10:49:57.974,1,55275,72317570,0,engine_rpm,1027.000
2026-10-09T10:49:57.987,1,55284,72329492,0,actual_torque_pct,12
2026-10-09T10:49:57.987,1,55284,72329492,0,engine_rpm,1027.000
2026-10-09T10:49:57.990,1,55290,72333395,39,fuel_level_pct,1.2
2026-10-09T10:49:57.996,1,55296,72339456,0,engine_load_pct,24
2026-10-09T10:49:57.997,1,55297,72340029,0,actual_torque_pct,12
2026-10-09T10:49:57.997,1,55297,72340029,0,engine_rpm,1027.000
2026-10-09T10:49:58.005,1,55302,72348735,0,actual_torque_pct,12
2026-10-09T10:49:58.005,1,55302,72348735,0,engine_rpm,1027.000
2026-10-09T10:49:58.015,1,55307,72358899,0,actual_torque_pct,12
2026-10-09T10:49:58.015,1,55307,72358899,0,engine_rpm,1027.000
2026-10-09T10:49:58.025,1,55313,72368794,0,actual_torque_pct,12
2026-10-09T10:49:58.025,1,55313,72368794,0,engine_rpm,1026.000
2026-10-09T10:49:58.035,1,55323,72378913,0,actual_torque_pct,12
2026-10-09T10:49:58.035,1,55323,72378913,0,engine_rpm,1027.000
2026-10-09T10:49:58.041,1,55330,72383941,39,vehicle_speed_kmh,0.000
2026-10-09T10:49:58.045,1,55334,72388844,0,actual_torque_pct,12
2026-10-09T10:49:58.045,1,55334,72388844,0,engine_rpm,1027.000
2026-10-09T10:49:58.046,1,55335,72389411,0,engine_load_pct,24
2026-10-09T10:49:58.050,1,55341,72393485,0,boost_pressure_kpa,112
2026-10-09T10:49:58.050,1,55341,72393485,0,intake_manifold_temp_c,32
2026-10-09T10:49:58.055,1,55342,72398940,0,actual_torque_pct,12
2026-10-09T10:49:58.055,1,55342,72398940,0,engine_rpm,1028.000
2026-10-09T10:49:58.057,1,55344,72400107,0,fuel_rate_lph,6.00
2026-10-09T10:49:58.057,1,55344,72400107,0,fuel_econ_inst_kmpl,0.000
2026-10-09T10:49:58.065,1,55349,72408628,0,actual_torque_pct,12
2026-10-09T10:49:58.065,1,55349,72408628,0,engine_rpm,1028.000
2026-10-09T10:49:58.075,1,55355,72418449,0,actual_torque_pct,12
2026-10-09T10:49:58.075,1,55355,72418449,0,engine_rpm,1028.000
2026-10-09T10:49:58.085,1,55364,72428045,0,actual_torque_pct,12
2026-10-09T10:49:58.085,1,55364,72428045,0,engine_rpm,1028.000
2026-10-09T10:49:58.090,1,55370,72433375,39,fuel_level_pct,1.2
2026-10-09T10:49:58.094,1,55375,72437886,0,actual_torque_pct,12
2026-10-09T10:49:58.094,1,55375,72437886,0,engine_rpm,1028.000
2026-10-09T10:49:58.095,1,55376,72438472,0,engine_load_pct,24
2026-10-09T10:49:58.105,1,55382,72448099,0,actual_torque_pct,12
2026-10-09T10:49:58.105,1,55382,72448099,0,engine_rpm,1028.000
2026-10-09T10:49:58.114,1,55387,72457467,0,actual_torque_pct,12
2026-10-09T10:49:58.114,1,55387,72457467,0,engine_rpm,1028.000
2026-10-09T10:49:58.124,1,55393,72467464,0,actual_torque_pct,12
2026-10-09T10:49:58.124,1,55393,72467464,0,engine_rpm,1028.000
2026-10-09T10:49:58.134,1,55401,72477484,0,actual_torque_pct,12
2026-10-09T10:49:58.134,1,55401,72477484,0,engine_rpm,1028.000
2026-10-09T10:49:58.141,1,55408,72483950,39,vehicle_speed_kmh,0.000
2026-10-09T10:49:58.144,1,55412,72487505,0,actual_torque_pct,12
2026-10-09T10:49:58.144,1,55412,72487505,0,engine_rpm,1028.000
2026-10-09T10:49:58.145,1,55413,72488072,0,engine_load_pct,24
2026-10-09T10:49:58.149,1,55419,72492832,0,oil_pressure_kpa,580
2026-10-09T10:49:58.154,1,55420,72497448,0,actual_torque_pct,12
2026-10-09T10:49:58.154,1,55420,72497448,0,engine_rpm,1028.000
2026-10-09T10:49:58.155,1,55421,72498027,0,fuel_rate_lph,6.00
2026-10-09T10:49:58.155,1,55421,72498027,0,fuel_econ_inst_kmpl,0.000
2026-10-09T10:49:58.164,1,55426,72507437,0,actual_torque_pct,12
2026-10-09T10:49:58.164,1,55426,72507437,0,engine_rpm,1027.000
2026-10-09T10:49:58.174,1,55432,72517449,0,actual_torque_pct,12
2026-10-09T10:49:58.174,1,55432,72517449,0,engine_rpm,1028.000
2026-10-09T10:49:58.184,1,55441,72527455,0,actual_torque_pct,12
2026-10-09T10:49:58.184,1,55441,72527455,0,engine_rpm,1028.000
2026-10-09T10:49:58.193,1,55451,72536334,39,fuel_level_pct,1.2
2026-10-09T10:49:58.194,1,55452,72537447,0,actual_torque_pct,12
2026-10-09T10:49:58.194,1,55452,72537447,0,engine_rpm,1028.000
2026-10-09T10:49:58.195,1,55453,72538024,0,engine_load_pct,24
2026-10-09T10:49:58.204,1,55459,72547436,0,actual_torque_pct,12
2026-10-09T10:49:58.204,1,55459,72547436,0,engine_rpm,1029.000
2026-10-09T10:49:58.214,1,55464,72557442,0,actual_torque_pct,12
2026-10-09T10:49:58.214,1,55464,72557442,0,engine_rpm,1029.000
2026-10-09T10:49:58.224,1,55470,72567453,0,actual_torque_pct,12
2026-10-09T10:49:58.224,1,55470,72567453,0,engine_rpm,1029.000
2026-10-09T10:49:58.234,1,55478,72577411,0,actual_torque_pct,12
2026-10-09T10:49:58.234,1,55478,72577411,0,engine_rpm,1028.000
2026-10-09T10:49:58.241,1,55485,72583941,39,vehicle_speed_kmh,0.000
2026-10-09T10:49:58.245,1,55489,72587421,0,actual_torque_pct,12
2026-10-09T10:49:58.245,1,55489,72587421,0,engine_rpm,1028.000
2026-10-09T10:49:58.245,1,55490,72588008,0,engine_load_pct,24
2026-10-09T10:49:58.254,1,55496,72597420,0,actual_torque_pct,12
2026-10-09T10:49:58.254,1,55496,72597420,0,engine_rpm,1028.000
2026-10-09T10:49:58.255,1,55497,72598001,0,fuel_rate_lph,6.00
2026-10-09T10:49:58.255,1,55497,72598001,0,fuel_econ_inst_kmpl,0.000
2026-10-09T10:49:58.264,1,55502,72607416,0,actual_torque_pct,12
2026-10-09T10:49:58.264,1,55502,72607416,0,engine_rpm,1028.000
2026-10-09T10:49:58.274,1,55508,72617373,0,actual_torque_pct,12
2026-10-09T10:49:58.274,1,55508,72617373,0,engine_rpm,1028.000
2026-10-09T10:49:58.284,1,55517,72627371,0,actual_torque_pct,12
2026-10-09T10:49:58.284,1,55517,72627371,0,engine_rpm,1028.000
2026-10-09T10:49:58.290,1,55523,72633388,39,fuel_level_pct,1.2
2026-10-09T10:49:58.294,1,55528,72637397,0,actual_torque_pct,12
2026-10-09T10:49:58.294,1,55528,72637397,0,engine_rpm,1028.000
2026-10-09T10:49:58.295,1,55529,72637975,0,engine_load_pct,24
2026-10-09T10:49:58.304,1,55535,72647391,0,actual_torque_pct,12
2026-10-09T10:49:58.304,1,55535,72647391,0,engine_rpm,1028.000
2026-10-09T10:49:58.314,1,55541,72657391,0,actual_torque_pct,12
2026-10-09T10:49:58.314,1,55541,72657391,0,engine_rpm,1028.000
2026-10-09T10:49:58.324,1,55547,72667351,0,actual_torque_pct,12
2026-10-09T10:49:58.324,1,55547,72667351,0,engine_rpm,1028.000
2026-10-09T10:49:58.334,1,55555,72677370,0,actual_torque_pct,12
2026-10-09T10:49:58.334,1,55555,72677370,0,engine_rpm,1028.000
2026-10-09T10:49:58.341,1,55562,72683948,39,vehicle_speed_kmh,0.000
2026-10-09T10:49:58.345,1,55566,72688798,0,actual_torque_pct,12
2026-10-09T10:49:58.345,1,55566,72688798,0,engine_rpm,1028.000
2026-10-09T10:49:58.346,1,55567,72689374,0,engine_load_pct,24
2026-10-09T10:49:58.355,1,55573,72698563,0,actual_torque_pct,12
2026-10-09T10:49:58.355,1,55573,72698563,0,engine_rpm,1028.000
2026-10-09T10:49:58.356,1,55574,72699144,0,fuel_rate_lph,6.00
2026-10-09T10:49:58.356,1,55574,72699144,0,fuel_econ_inst_kmpl,0.000
2026-10-09T10:49:58.365,1,55581,72708753,0,actual_torque_pct,12
2026-10-09T10:49:58.365,1,55581,72708753,0,engine_rpm,1027.000
2026-10-09T10:49:58.376,1,55588,72718556,0,actual_torque_pct,12
2026-10-09T10:49:58.376,1,55588,72718556,0,engine_rpm,1027.000
2026-10-09T10:49:58.385,1,55597,72728770,0,actual_torque_pct,12
2026-10-09T10:49:58.385,1,55597,72728770,0,engine_rpm,1027.000
2026-10-09T10:49:58.390,1,55603,72733397,39,fuel_level_pct,1.2
2026-10-09T10:49:58.395,1,55608,72738542,0,actual_torque_pct,12
2026-10-09T10:49:58.395,1,55608,72738542,0,engine_rpm,1027.000
2026-10-09T10:49:58.396,1,55609,72739128,0,engine_load_pct,24
2026-10-09T10:49:58.405,1,55616,72748796,0,actual_torque_pct,12
2026-10-09T10:49:58.405,1,55616,72748796,0,engine_rpm,1027.000
2026-10-09T10:49:58.415,1,55621,72758545,0,actual_torque_pct,12
2026-10-09T10:49:58.415,1,55621,72758545,0,engine_rpm,1028.000
2026-10-09T10:49:58.425,1,55627,72768487,0,actual_torque_pct,12
2026-10-09T10:49:58.425,1,55627,72768487,0,engine_rpm,1027.000
2026-10-09T10:49:58.435,1,55635,72778008,0,actual_torque_pct,12
2026-10-09T10:49:58.435,1,55635,72778008,0,engine_rpm,1027.000
2026-10-09T10:49:58.441,1,55642,72783950,39,vehicle_speed_kmh,0.000
2026-10-09T10:49:58.444,1,55646,72787918,0,actual_torque_pct,12
2026-10-09T10:49:58.444,1,55646,72787918,0,engine_rpm,1027.000
2026-10-09T10:49:58.445,1,55647,72788500,0,engine_load_pct,24
2026-10-09T10:49:58.455,1,55653,72798064,0,actual_torque_pct,12
2026-10-09T10:49:58.455,1,55653,72798064,0,engine_rpm,1027.000
2026-10-09T10:49:58.455,1,55654,72798650,0,fuel_rate_lph,6.00
2026-10-09T10:49:58.455,1,55654,72798650,0,fuel_econ_inst_kmpl,0.000
2026-10-09T10:49:58.465,1,55659,72807301,0,actual_torque_pct,12
2026-10-09T10:49:58.465,1,55659,72807301,0,engine_rpm,1027.000
2026-10-09T10:49:58.474,1,55665,72817276,0,actual_torque_pct,12
2026-10-09T10:49:58.474,1,55665,72817276,0,engine_rpm,1026.000
2026-10-09T10:49:58.484,1,55674,72827250,0,actual_torque_pct,12
2026-10-09T10:49:58.484,1,55674,72827250,0,engine_rpm,1026.000
2026-10-09T10:49:58.491,1,55681,72833949,39,fuel_level_pct,1.2
2026-10-09T10:49:58.494,1,55685,72837281,0,actual_torque_pct,12
2026-10-09T10:49:58.494,1,55685,72837281,0,engine_rpm,1026.000
2026-10-09T10:49:58.494,1,55686,72837866,0,engine_load_pct,24
2026-10-09T10:49:58.504,1,55692,72847276,0,actual_torque_pct,12
2026-10-09T10:49:58.504,1,55692,72847276,0,engine_rpm,1026.000
2026-10-09T10:49:58.514,1,55697,72857254,0,actual_torque_pct,12
2026-10-09T10:49:58.514,1,55697,72857254,0,engine_rpm,1026.000
2026-10-09T10:49:58.524,1,55703,72867239,0,actual_torque_pct,12
2026-10-09T10:49:58.524,1,55703,72867239,0,engine_rpm,1026.000
2026-10-09T10:49:58.534,1,55711,72877272,0,actual_torque_pct,12
2026-10-09T10:49:58.534,1,55711,72877272,0,engine_rpm,1027.000
2026-10-09T10:49:58.541,1,55718,72883950,39,vehicle_speed_kmh,0.000
2026-10-09T10:49:58.544,1,55722,72887336,0,actual_torque_pct,12
2026-10-09T10:49:58.544,1,55722,72887336,0,engine_rpm,1027.000
2026-10-09T10:49:58.544,1,55723,72887902,0,engine_load_pct,24
2026-10-09T10:49:58.550,1,55730,72893284,0,boost_pressure_kpa,112
2026-10-09T10:49:58.550,1,55730,72893284,0,intake_manifold_temp_c,32
2026-10-09T10:49:58.554,1,55731,72897238,0,actual_torque_pct,12
2026-10-09T10:49:58.554,1,55731,72897238,0,engine_rpm,1027.000
2026-10-09T10:49:58.556,1,55734,72898978,0,fuel_rate_lph,6.00
2026-10-09T10:49:58.556,1,55734,72898978,0,fuel_econ_inst_kmpl,0.000
2026-10-09T10:49:58.564,1,55739,72907207,0,actual_torque_pct,12
2026-10-09T10:49:58.564,1,55739,72907207,0,engine_rpm,1027.000
2026-10-09T10:49:58.574,1,55745,72917241,0,actual_torque_pct,12
2026-10-09T10:49:58.574,1,55745,72917241,0,engine_rpm,1026.000
2026-10-09T10:49:58.584,1,55754,72927263,0,actual_torque_pct,12
2026-10-09T10:49:58.584,1,55754,72927263,0,engine_rpm,1026.000
2026-10-09T10:49:58.591,1,55761,72933951,39,fuel_level_pct,1.2
2026-10-09T10:49:58.594,1,55765,72937218,0,actual_torque_pct,12
2026-10-09T10:49:58.594,1,55765,72937218,0,engine_rpm,1026.000
2026-10-09T10:49:58.594,1,55766,72937797,0,engine_load_pct,24
2026-10-09T10:49:58.604,1,55773,72947200,0,actual_torque_pct,12
2026-10-09T10:49:58.604,1,55773,72947200,0,engine_rpm,1026.000
2026-10-09T10:49:58.614,1,55778,72957218,0,actual_torque_pct,12
2026-10-09T10:49:58.614,1,55778,72957218,0,engine_rpm,1026.000
2026-10-09T10:49:58.624,1,55784,72967443,0,actual_torque_pct,12
2026-10-09T10:49:58.624,1,55784,72967443,0,engine_rpm,1026.000
2026-10-09T10:49:58.634,1,55792,72977202,0,actual_torque_pct,12
2026-10-09T10:49:58.634,1,55792,72977202,0,engine_rpm,1026.000
2026-10-09T10:49:58.641,1,55799,72983978,39,vehicle_speed_kmh,0.000
2026-10-09T10:49:58.644,1,55803,72987198,0,actual_torque_pct,12
2026-10-09T10:49:58.644,1,55803,72987198,0,engine_rpm,1026.000
2026-10-09T10:49:58.644,1,55804,72987775,0,engine_load_pct,24
2026-10-09T10:49:58.650,1,55810,72993134,0,oil_pressure_kpa,580
2026-10-09T10:49:58.654,1,55811,72997200,0,actual_torque_pct,12
2026-10-09T10:49:58.654,1,55811,72997200,0,engine_rpm,1027.000
2026-10-09T10:49:58.656,1,55814,72998919,0,fuel_rate_lph,6.00
2026-10-09T10:49:58.656,1,55814,72998919,0,fuel_econ_inst_kmpl,0.000
2026-10-09T10:49:58.664,1,55819,73007193,0,actual_torque_pct,12
2026-10-09T10:49:58.664,1,55819,73007193,0,engine_rpm,1027.000
2026-10-09T10:49:58.674,1,55825,73017167,0,actual_torque_pct,12
2026-10-09T10:49:58.674,1,55825,73017167,0,engine_rpm,1027.000
2026-10-09T10:49:58.684,1,55834,73027153,0,actual_torque_pct,12
2026-10-09T10:49:58.684,1,55834,73027153,0,engine_rpm,1027.000
2026-10-09T10:49:58.692,1,55842,73033942,39,fuel_level_pct,1.2
2026-10-09T10:49:58.694,1,55846,73037185,0,actual_torque_pct,12
2026-10-09T10:49:58.694,1,55846,73037185,0,engine_rpm,1027.000
2026-10-09T10:49:58.695,1,55847,73037749,0,engine_load_pct,24
2026-10-09T10:49:58.704,1,55854,73047182,0,actual_torque_pct,12
2026-10-09T10:49:58.704,1,55854,73047182,0,engine_rpm,1027.000
2026-10-09T10:49:58.714,1,55861,73057149,0,actual_torque_pct,12
2026-10-09T10:49:58.714,1,55861,73057149,0,engine_rpm,1026.000
2026-10-09T10:49:58.725,1,55867,73068373,0,actual_torque_pct,12
2026-10-09T10:49:58.725,1,55867,73068373,0,engine_rpm,1025.000
2026-10-09T10:49:58.735,1,55875,73078548,0,actual_torque_pct,12
2026-10-09T10:49:58.735,1,55875,73078548,0,engine_rpm,1025.000
2026-10-09T10:49:58.741,1,55882,73083958,39,vehicle_speed_kmh,0.000
2026-10-09T10:49:58.745,1,55886,73088454,0,actual_torque_pct,12
2026-10-09T10:49:58.745,1,55886,73088454,0,engine_rpm,1024.000
2026-10-09T10:49:58.746,1,55887,73089031,0,engine_load_pct,24
2026-10-09T10:49:58.749,1,55893,73093110,0,coolant_temp_c,33
2026-10-09T10:49:58.749,1,55893,73093110,0,fuel_temp_c,32
2026-10-09T10:49:58.749,1,55893,73093110,0,oil_temp_c,33.88
2026-10-09T10:49:58.755,1,55894,73098542,0,actual_torque_pct,12
2026-10-09T10:49:58.755,1,55894,73098542,0,engine_rpm,1024.000
2026-10-09T10:49:58.757,1,55897,73100250,0,fuel_rate_lph,6.00
2026-10-09T10:49:58.757,1,55897,73100250,0,fuel_econ_inst_kmpl,0.000
2026-10-09T10:49:58.765,1,55902,73108380,0,actual_torque_pct,12
2026-10-09T10:49:58.765,1,55902,73108380,0,engine_rpm,1025.000
2026-10-09T10:49:58.775,1,55908,73118546,0,actual_torque_pct,12
2026-10-09T10:49:58.775,1,55908,73118546,0,engine_rpm,1025.000
2026-10-09T10:49:58.785,1,55917,73128459,0,actual_torque_pct,12
2026-10-09T10:49:58.785,1,55917,73128459,0,engine_rpm,1025.000
2026-10-09T10:49:58.791,1,55924,73133948,39,fuel_level_pct,1.2
2026-10-09T10:49:58.795,1,55928,73138436,0,actual_torque_pct,12
2026-10-09T10:49:58.795,1,55928,73138436,0,engine_rpm,1026.000
2026-10-09T10:49:58.796,1,55929,73139021,0,engine_load_pct,24
2026-10-09T10:49:58.805,1,55936,73148683,0,actual_torque_pct,12
2026-10-09T10:49:58.805,1,55936,73148683,0,engine_rpm,1026.000
2026-10-09T10:49:58.814,1,55943,73157881,0,actual_torque_pct,12
2026-10-09T10:49:58.814,1,55943,73157881,0,engine_rpm,1026.000
2026-10-09T10:49:58.824,1,55949,73167554,0,actual_torque_pct,12
2026-10-09T10:49:58.824,1,55949,73167554,0,engine_rpm,1026.000
2026-10-09T10:49:58.834,1,55957,73177381,0,actual_torque_pct,12
2026-10-09T10:49:58.834,1,55957,73177381,0,engine_rpm,1025.000
2026-10-09T10:49:58.841,1,55964,73183975,39,vehicle_speed_kmh,0.000
2026-10-09T10:49:58.844,1,55968,73187079,0,actual_torque_pct,12
2026-10-09T10:49:58.844,1,55968,73187079,0,engine_rpm,1026.000
2026-10-09T10:49:58.844,1,55969,73187654,0,engine_load_pct,24
2026-10-09T10:49:58.854,1,55976,73197151,0,actual_torque_pct,12
2026-10-09T10:49:58.854,1,55976,73197151,0,engine_rpm,1026.000
2026-10-09T10:49:58.855,1,55978,73198304,0,fuel_rate_lph,6.00
2026-10-09T10:49:58.855,1,55978,73198304,0,fuel_econ_inst_kmpl,0.000
2026-10-09T10:49:58.864,1,55984,73207108,0,actual_torque_pct,12
2026-10-09T10:49:58.864,1,55984,73207108,0,engine_rpm,1026.000
2026-10-09T10:49:58.865,1,55986,73208231,0,engine_hours,40.25
2026-10-09T10:49:58.874,1,55991,73217064,0,actual_torque_pct,12
2026-10-09T10:49:58.874,1,55991,73217064,0,engine_rpm,1027.000
2026-10-09T10:49:58.884,1,56000,73227050,0,actual_torque_pct,12
2026-10-09T10:49:58.884,1,56000,73227050,0,engine_rpm,1028.000
2026-10-09T10:49:58.891,1,56007,73233952,39,fuel_level_pct,1.2
2026-10-09T10:49:58.894,1,56011,73237066,0,actual_torque_pct,12
2026-10-09T10:49:58.894,1,56011,73237066,0,engine_rpm,1027.000
2026-10-09T10:49:58.894,1,56012,73237646,0,engine_load_pct,24
2026-10-09T10:49:58.904,1,56018,73247079,0,actual_torque_pct,12
2026-10-09T10:49:58.904,1,56018,73247079,0,engine_rpm,1028.000
2026-10-09T10:49:58.914,1,56023,73257124,0,actual_torque_pct,12
2026-10-09T10:49:58.914,1,56023,73257124,0,engine_rpm,1027.000
2026-10-09T10:49:58.924,1,56029,73267017,0,actual_torque_pct,12
2026-10-09T10:49:58.924,1,56029,73267017,0,engine_rpm,1027.000
2026-10-09T10:49:58.934,1,56037,73277053,0,actual_torque_pct,12
2026-10-09T10:49:58.934,1,56037,73277053,0,engine_rpm,1027.000
2026-10-09T10:49:58.941,1,56044,73283942,39,vehicle_speed_kmh,0.000
2026-10-09T10:49:58.944,1,56048,73287057,0,actual_torque_pct,12
2026-10-09T10:49:58.944,1,56048,73287057,0,engine_rpm,1027.000
2026-10-09T10:49:58.944,1,56049,73287660,0,engine_load_pct,24
2026-10-09T10:49:58.954,1,56055,73297022,0,actual_torque_pct,12
2026-10-09T10:49:58.954,1,56055,73297022,0,engine_rpm,1026.000
2026-10-09T10:49:58.954,1,56056,73297607,0,fuel_rate_lph,6.00
2026-10-09T10:49:58.954,1,56056,73297607,0,fuel_econ_inst_kmpl,0.000
2026-10-09T10:49:58.964,1,56061,73306981,0,actual_torque_pct,12
2026-10-09T10:49:58.964,1,56061,73306981,0,engine_rpm,1026.000
2026-10-09T10:49:58.974,1,56067,73317027,0,actual_torque_pct,11
2026-10-09T10:49:58.974,1,56067,73317027,0,engine_rpm,1027.000
2026-10-09T10:49:58.984,1,56076,73327034,0,actual_torque_pct,11
2026-10-09T10:49:58.984,1,56076,73327034,0,engine_rpm,1026.000
2026-10-09T10:49:58.991,1,56083,73333943,39,fuel_level_pct,1.2
2026-10-09T10:49:58.994,1,56087,73337026,0,actual_torque_pct,11
2026-10-09T10:49:58.994,1,56087,73337026,0,engine_rpm,1027.000
2026-10-09T10:49:58.994,1,56088,73337612,0,engine_load_pct,22
2026-10-09T10:49:59.004,1,56094,73347042,0,actual_torque_pct,11
2026-10-09T10:49:59.004,1,56094,73347042,0,engine_rpm,1027.000
2026-10-09T10:49:59.014,1,56099,73357033,0,actual_torque_pct,11
2026-10-09T10:49:59.014,1,56099,73357033,0,engine_rpm,1027.000
2026-10-09T10:49:59.024,1,56105,73367022,0,actual_torque_pct,11
2026-10-09T10:49:59.024,1,56105,73367022,0,engine_rpm,1027.000
2026-10-09T10:49:59.034,1,56115,73377008,0,actual_torque_pct,11
2026-10-09T10:49:59.034,1,56115,73377008,0,engine_rpm,1027.000
2026-10-09T10:49:59.041,1,56122,73383949,39,vehicle_speed_kmh,0.000
2026-10-09T10:49:59.044,1,56126,73386988,0,actual_torque_pct,11
2026-10-09T10:49:59.044,1,56126,73386988,0,engine_rpm,1027.000
2026-10-09T10:49:59.044,1,56127,73387567,0,engine_load_pct,22
2026-10-09T10:49:59.050,1,56133,73393044,0,boost_pressure_kpa,112
2026-10-09T10:49:59.050,1,56133,73393044,0,intake_manifold_temp_c,32
2026-10-09T10:49:59.054,1,56134,73397034,0,actual_torque_pct,11
2026-10-09T10:49:59.054,1,56134,73397034,0,engine_rpm,1026.000
2026-10-09T10:49:59.055,1,56136,73398192,0,fuel_rate_lph,5.65
2026-10-09T10:49:59.055,1,56136,73398192,0,fuel_econ_inst_kmpl,0.000
2026-10-09T10:49:59.064,1,56141,73406997,0,actual_torque_pct,11
2026-10-09T10:49:59.064,1,56141,73406997,0,engine_rpm,1026.000
2026-10-09T10:49:59.074,1,56147,73417006,0,actual_torque_pct,11
2026-10-09T10:49:59.074,1,56147,73417006,0,engine_rpm,1025.000
2026-10-09T10:49:59.083,1,56156,73426953,0,actual_torque_pct,10
2026-10-09T10:49:59.083,1,56156,73426953,0,engine_rpm,1025.000
2026-10-09T10:49:59.090,1,56162,73433386,39,fuel_level_pct,1.2
2026-10-09T10:49:59.093,1,56167,73436960,0,actual_torque_pct,10
2026-10-09T10:49:59.093,1,56167,73436960,0,engine_rpm,1025.000
2026-10-09T10:49:59.094,1,56168,73437564,0,engine_load_pct,20
2026-10-09T10:49:59.105,1,56174,73448400,0,actual_torque_pct,10
2026-10-09T10:49:59.105,1,56174,73448400,0,engine_rpm,1024.000
2026-10-09T10:49:59.115,1,56179,73458172,0,actual_torque_pct,10
2026-10-09T10:49:59.115,1,56179,73458172,0,engine_rpm,1024.000
2026-10-09T10:49:59.125,1,56185,73468421,0,actual_torque_pct,9
2026-10-09T10:49:59.125,1,56185,73468421,0,engine_rpm,1023.000
2026-10-09T10:49:59.135,1,56193,73478207,0,actual_torque_pct,9
2026-10-09T10:49:59.135,1,56193,73478207,0,engine_rpm,1022.000
2026-10-09T10:49:59.141,1,56200,73483953,39,vehicle_speed_kmh,0.000
2026-10-09T10:49:59.145,1,56204,73488422,0,actual_torque_pct,9
2026-10-09T10:49:59.145,1,56204,73488422,0,engine_rpm,1022.000
2026-10-09T10:49:59.146,1,56205,73489003,0,engine_load_pct,18
2026-10-09T10:49:59.150,1,56211,73493150,0,oil_pressure_kpa,576
2026-10-09T10:49:59.155,1,56212,73498802,0,actual_torque_pct,9
2026-10-09T10:49:59.155,1,56212,73498802,0,engine_rpm,1021.000
2026-10-09T10:49:59.156,1,56213,73499382,0,fuel_rate_lph,4.85
2026-10-09T10:49:59.156,1,56213,73499382,0,fuel_econ_inst_kmpl,0.000
2026-10-09T10:49:59.165,1,56218,73508300,0,actual_torque_pct,9
2026-10-09T10:49:59.165,1,56218,73508300,0,engine_rpm,1019.000
2026-10-09T10:49:59.175,1,56224,73518113,0,actual_torque_pct,9
2026-10-09T10:49:59.175,1,56224,73518113,0,engine_rpm,1018.000
2026-10-09T10:49:59.185,1,56233,73528350,0,actual_torque_pct,8
2026-10-09T10:49:59.185,1,56233,73528350,0,engine_rpm,1017.000
2026-10-09T10:49:59.193,1,56243,73536509,39,fuel_level_pct,1.2
2026-10-09T10:49:59.195,1,56244,73538102,0,actual_torque_pct,8
2026-10-09T10:49:59.195,1,56244,73538102,0,engine_rpm,1015.000
2026-10-09T10:49:59.195,1,56245,73538700,0,engine_load_pct,16
2026-10-09T10:49:59.205,1,56251,73548224,0,actual_torque_pct,8
2026-10-09T10:49:59.205,1,56251,73548224,0,engine_rpm,1014.000
2026-10-09T10:49:59.214,1,56256,73557889,0,actual_torque_pct,8
2026-10-09T10:49:59.214,1,56256,73557889,0,engine_rpm,1013.000
2026-10-09T10:49:59.225,1,56262,73568002,0,actual_torque_pct,8
2026-10-09T10:49:59.225,1,56262,73568002,0,engine_rpm,1013.000
2026-10-09T10:49:59.234,1,56270,73577690,0,actual_torque_pct,8
2026-10-09T10:49:59.234,1,56270,73577690,0,engine_rpm,1011.000
2026-10-09T10:49:59.241,1,56277,73583947,39,vehicle_speed_kmh,0.000
2026-10-09T10:49:59.244,1,56281,73587799,0,actual_torque_pct,8
2026-10-09T10:49:59.244,1,56281,73587799,0,engine_rpm,1009.000
2026-10-09T10:49:59.245,1,56282,73588378,0,engine_load_pct,16
2026-10-09T10:49:59.255,1,56288,73597654,0,actual_torque_pct,7
2026-10-09T10:49:59.255,1,56288,73597654,0,engine_rpm,1009.000
2026-10-09T10:49:59.255,1,56289,73598239,0,fuel_rate_lph,4.45
2026-10-09T10:49:59.255,1,56289,73598239,0,fuel_econ_inst_kmpl,0.000
2026-10-09T10:49:59.264,1,56294,73607664,0,actual_torque_pct,7
2026-10-09T10:49:59.264,1,56294,73607664,0,engine_rpm,1008.000
2026-10-09T10:49:59.275,1,56300,73617971,0,actual_torque_pct,6
2026-10-09T10:49:59.275,1,56300,73617971,0,engine_rpm,1006.000
2026-10-09T10:49:59.284,1,56309,73627485,0,actual_torque_pct,6
2026-10-09T10:49:59.284,1,56309,73627485,0,engine_rpm,1005.000
2026-10-09T10:49:59.291,1,56317,73634524,39,fuel_level_pct,1.2
2026-10-09T10:49:59.294,1,56320,73637265,0,actual_torque_pct,6
2026-10-09T10:49:59.294,1,56320,73637265,0,engine_rpm,1003.000
2026-10-09T10:49:59.294,1,56321,73637853,0,engine_load_pct,12
2026-10-09T10:49:59.304,1,56327,73647446,0,actual_torque_pct,6
2026-10-09T10:49:59.304,1,56327,73647446,0,engine_rpm,1001.000
2026-10-09T10:49:59.314,1,56333,73657204,0,actual_torque_pct,5
2026-10-09T10:49:59.314,1,56333,73657204,0,engine_rpm,1000.000
2026-10-09T10:49:59.324,1,56339,73667474,0,actual_torque_pct,5
2026-10-09T10:49:59.324,1,56339,73667474,0,engine_rpm,998.000
2026-10-09T10:49:59.334,1,56347,73677321,0,actual_torque_pct,4
2026-10-09T10:49:59.334,1,56347,73677321,0,engine_rpm,996.000
2026-10-09T10:49:59.341,1,56354,73683949,39,vehicle_speed_kmh,0.000
2026-10-09T10:49:59.344,1,56358,73687633,0,actual_torque_pct,4
2026-10-09T10:49:59.344,1,56358,73687633,0,engine_rpm,995.000
2026-10-09T10:49:59.345,1,56359,73688219,0,engine_load_pct,8
2026-10-09T10:49:59.354,1,56365,73697439,0,actual_torque_pct,4
2026-10-09T10:49:59.354,1,56365,73697439,0,engine_rpm,993.000
2026-10-09T10:49:59.355,1,56366,73698018,0,fuel_rate_lph,2.15
2026-10-09T10:49:59.355,1,56366,73698018,0,fuel_econ_inst_kmpl,0.000
2026-10-09T10:49:59.364,1,56373,73707770,0,actual_torque_pct,4
2026-10-09T10:49:59.364,1,56373,73707770,0,engine_rpm,990.000
2026-10-09T10:49:59.374,1,56380,73717709,0,actual_torque_pct,4
2026-10-09T10:49:59.374,1,56380,73717709,0,engine_rpm,988.000
2026-10-09T10:49:59.385,1,56389,73728070,0,actual_torque_pct,4
2026-10-09T10:49:59.385,1,56389,73728070,0,engine_rpm,985.000
2026-10-09T10:49:59.391,1,56397,73734471,39,fuel_level_pct,1.2
2026-10-09T10:49:59.395,1,56400,73738607,0,actual_torque_pct,3
2026-10-09T10:49:59.395,1,56400,73738607,0,engine_rpm,982.000
2026-10-09T10:49:59.396,1,56401,73739211,0,engine_load_pct,6
2026-10-09T10:49:59.405,1,56408,73748193,0,actual_torque_pct,3
2026-10-09T10:49:59.405,1,56408,73748193,0,engine_rpm,982.000
2026-10-09T10:49:59.414,1,56413,73757949,0,actual_torque_pct,3
2026-10-09T10:49:59.414,1,56413,73757949,0,engine_rpm,980.000
2026-10-09T10:49:59.425,1,56419,73768220,0,actual_torque_pct,3
2026-10-09T10:49:59.425,1,56419,73768220,0,engine_rpm,977.000
2026-10-09T10:49:59.434,1,56427,73777944,0,actual_torque_pct,3
2026-10-09T10:49:59.434,1,56427,73777944,0,engine_rpm,975.000
2026-10-09T10:49:59.441,1,56434,73783957,39,vehicle_speed_kmh,0.000
2026-10-09T10:49:59.445,1,56438,73788171,0,actual_torque_pct,2
2026-10-09T10:49:59.445,1,56438,73788171,0,engine_rpm,972.000
2026-10-09T10:49:59.445,1,56439,73788749,0,engine_load_pct,4
2026-10-09T10:49:59.454,1,56445,73797965,0,actual_torque_pct,2
2026-10-09T10:49:59.454,1,56445,73797965,0,engine_rpm,969.000
2026-10-09T10:49:59.455,1,56446,73798544,0,fuel_rate_lph,1.00
2026-10-09T10:49:59.455,1,56446,73798544,0,fuel_econ_inst_kmpl,0.000
2026-10-09T10:49:59.463,1,56451,73806751,0,actual_torque_pct,2
2026-10-09T10:49:59.463,1,56451,73806751,0,engine_rpm,965.000
2026-10-09T10:49:59.473,1,56457,73816724,0,actual_torque_pct,2
2026-10-09T10:49:59.473,1,56457,73816724,0,engine_rpm,963.000
2026-10-09T10:49:59.483,1,56466,73826723,0,actual_torque_pct,2
2026-10-09T10:49:59.483,1,56466,73826723,0,engine_rpm,960.000
2026-10-09T10:49:59.491,1,56473,73833892,39,fuel_level_pct,1.2
2026-10-09T10:49:59.493,1,56477,73836751,0,actual_torque_pct,2
2026-10-09T10:49:59.493,1,56477,73836751,0,engine_rpm,956.000
2026-10-09T10:49:59.494,1,56478,73837358,0,engine_load_pct,4
2026-10-09T10:49:59.503,1,56484,73846722,0,actual_torque_pct,2
2026-10-09T10:49:59.503,1,56484,73846722,0,engine_rpm,954.000
2026-10-09T10:49:59.513,1,56489,73856700,0,actual_torque_pct,2
2026-10-09T10:49:59.513,1,56489,73856700,0,engine_rpm,951.000
2026-10-09T10:49:59.523,1,56495,73866731,0,actual_torque_pct,2
2026-10-09T10:49:59.523,1,56495,73866731,0,engine_rpm,947.000
2026-10-09T10:49:59.533,1,56503,73876719,0,actual_torque_pct,1
2026-10-09T10:49:59.533,1,56503,73876719,0,engine_rpm,944.000
2026-10-09T10:49:59.541,1,56510,73883952,39,vehicle_speed_kmh,0.000
2026-10-09T10:49:59.543,1,56514,73886914,0,actual_torque_pct,1
2026-10-09T10:49:59.543,1,56514,73886914,0,engine_rpm,941.000
2026-10-09T10:49:59.544,1,56515,73887495,0,engine_load_pct,2
2026-10-09T10:49:59.550,1,56522,73893014,0,boost_pressure_kpa,112
2026-10-09T10:49:59.550,1,56522,73893014,0,intake_manifold_temp_c,32
2026-10-09T10:49:59.553,1,56523,73896852,0,actual_torque_pct,1
2026-10-09T10:49:59.553,1,56523,73896852,0,engine_rpm,938.000
2026-10-09T10:49:59.555,1,56526,73898584,0,fuel_rate_lph,0.45
2026-10-09T10:49:59.555,1,56526,73898584,0,fuel_econ_inst_kmpl,0.000
2026-10-09T10:49:59.563,1,56531,73906654,0,actual_torque_pct,1
2026-10-09T10:49:59.563,1,56531,73906654,0,engine_rpm,935.000
2026-10-09T10:49:59.574,1,56537,73916674,0,actual_torque_pct,1
2026-10-09T10:49:59.574,1,56537,73916674,0,engine_rpm,930.000
2026-10-09T10:49:59.583,1,56546,73926916,0,actual_torque_pct,1
2026-10-09T10:49:59.583,1,56546,73926916,0,engine_rpm,923.000
2026-10-09T10:49:59.590,1,56553,73933903,39,fuel_level_pct,1.2
2026-10-09T10:49:59.594,1,56557,73937947,0,actual_torque_pct,1
2026-10-09T10:49:59.594,1,56557,73937947,0,engine_rpm,917.000
2026-10-09T10:49:59.595,1,56558,73938533,0,engine_load_pct,2
2026-10-09T10:49:59.604,1,56565,73947888,0,actual_torque_pct,1
2026-10-09T10:49:59.604,1,56565,73947888,0,engine_rpm,917.000
2026-10-09T10:49:59.613,1,56570,73956679,0,actual_torque_pct,1
2026-10-09T10:49:59.613,1,56570,73956679,0,engine_rpm,912.000
2026-10-09T10:49:59.623,1,56576,73966662,0,actual_torque_pct,1
2026-10-09T10:49:59.623,1,56576,73966662,0,engine_rpm,907.000
2026-10-09T10:49:59.633,1,56584,73976659,0,actual_torque_pct,1
2026-10-09T10:49:59.633,1,56584,73976659,0,engine_rpm,903.000
2026-10-09T10:49:59.641,1,56591,73983967,39,vehicle_speed_kmh,0.000
2026-10-09T10:49:59.644,1,56595,73986636,0,actual_torque_pct,1
2026-10-09T10:49:59.644,1,56595,73986636,0,engine_rpm,899.000
2026-10-09T10:49:59.644,1,56596,73987214,0,engine_load_pct,2
2026-10-09T10:49:59.650,1,56602,73993292,0,oil_pressure_kpa,544
2026-10-09T10:49:59.653,1,56603,73996639,0,actual_torque_pct,1
2026-10-09T10:49:59.653,1,56603,73996639,0,engine_rpm,893.000
2026-10-09T10:49:59.655,1,56606,73998383,0,fuel_rate_lph,0.45
2026-10-09T10:49:59.655,1,56606,73998383,0,fuel_econ_inst_kmpl,0.000
2026-10-09T10:49:59.663,1,56611,74006644,0,actual_torque_pct,1
2026-10-09T10:49:59.663,1,56611,74006644,0,engine_rpm,886.000
2026-10-09T10:49:59.673,1,56617,74016615,0,actual_torque_pct,1
2026-10-09T10:49:59.673,1,56617,74016615,0,engine_rpm,880.000
2026-10-09T10:49:59.684,1,56626,74027618,0,actual_torque_pct,1
2026-10-09T10:49:59.684,1,56626,74027618,0,engine_rpm,875.000
2026-10-09T10:49:59.691,1,56634,74033946,39,fuel_level_pct,1.2
2026-10-09T10:49:59.694,1,56638,74037793,0,actual_torque_pct,1
2026-10-09T10:49:59.694,1,56638,74037793,0,engine_rpm,875.000
2026-10-09T10:49:59.695,1,56639,74038374,0,engine_load_pct,2
2026-10-09T10:49:59.703,1,56646,74046621,0,actual_torque_pct,1
2026-10-09T10:49:59.703,1,56646,74046621,0,engine_rpm,869.000
2026-10-09T10:49:59.713,1,56653,74056599,0,actual_torque_pct,1
2026-10-09T10:49:59.713,1,56653,74056599,0,engine_rpm,864.000
2026-10-09T10:49:59.723,1,56659,74066575,0,actual_torque_pct,1
2026-10-09T10:49:59.723,1,56659,74066575,0,engine_rpm,858.000
2026-10-09T10:49:59.733,1,56667,74076606,0,actual_torque_pct,1
2026-10-09T10:49:59.733,1,56667,74076606,0,engine_rpm,852.000
2026-10-09T10:49:59.741,1,56674,74083948,39,vehicle_speed_kmh,0.000
2026-10-09T10:49:59.743,1,56678,74086616,0,actual_torque_pct,1
2026-10-09T10:49:59.743,1,56678,74086616,0,engine_rpm,846.000
2026-10-09T10:49:59.744,1,56679,74087206,0,engine_load_pct,2
2026-10-09T10:49:59.749,1,56685,74092766,0,coolant_temp_c,33
2026-10-09T10:49:59.749,1,56685,74092766,0,fuel_temp_c,32
2026-10-09T10:49:59.749,1,56685,74092766,0,oil_temp_c,34.00
2026-10-09T10:49:59.754,1,56686,74097979,0,actual_torque_pct,2
2026-10-09T10:49:59.754,1,56686,74097979,0,engine_rpm,840.000
2026-10-09T10:49:59.756,1,56689,74099692,0,fuel_rate_lph,0.40
2026-10-09T10:49:59.756,1,56689,74099692,0,fuel_econ_inst_kmpl,0.000
2026-10-09T10:49:59.763,1,56694,74106571,0,actual_torque_pct,2
2026-10-09T10:49:59.763,1,56694,74106571,0,engine_rpm,840.000
2026-10-09T10:49:59.773,1,56700,74116594,0,actual_torque_pct,2
2026-10-09T10:49:59.773,1,56700,74116594,0,engine_rpm,836.000
2026-10-09T10:49:59.783,1,56709,74126609,0,actual_torque_pct,2
2026-10-09T10:49:59.783,1,56709,74126609,0,engine_rpm,830.000
2026-10-09T10:49:59.790,1,56716,74133883,39,fuel_level_pct,1.2
2026-10-09T10:49:59.793,1,56720,74136566,0,actual_torque_pct,2
2026-10-09T10:49:59.793,1,56720,74136566,0,engine_rpm,824.000
2026-10-09T10:49:59.794,1,56721,74137144,0,engine_load_pct,4
2026-10-09T10:49:59.803,1,56728,74146537,0,actual_torque_pct,2
2026-10-09T10:49:59.803,1,56728,74146537,0,engine_rpm,819.000
2026-10-09T10:49:59.814,1,56735,74157718,0,actual_torque_pct,2
2026-10-09T10:49:59.814,1,56735,74157718,0,engine_rpm,819.000
2026-10-09T10:49:59.823,1,56741,74166557,0,actual_torque_pct,2
2026-10-09T10:49:59.823,1,56741,74166557,0,engine_rpm,816.000
2026-10-09T10:49:59.833,1,56749,74176534,0,actual_torque_pct,2
2026-10-09T10:49:59.833,1,56749,74176534,0,engine_rpm,812.000
2026-10-09T10:49:59.841,1,56756,74183986,39,vehicle_speed_kmh,0.000
2026-10-09T10:49:59.843,1,56760,74186519,0,actual_torque_pct,2
2026-10-09T10:49:59.843,1,56760,74186519,0,engine_rpm,808.000
2026-10-09T10:49:59.844,1,56761,74187110,0,engine_load_pct,4
2026-10-09T10:49:59.853,1,56768,74196534,0,actual_torque_pct,2
2026-10-09T10:49:59.853,1,56768,74196534,0,engine_rpm,804.000
2026-10-09T10:49:59.854,1,56770,74197680,0,fuel_rate_lph,0.85
2026-10-09T10:49:59.854,1,56770,74197680,0,fuel_econ_inst_kmpl,0.000
2026-10-09T10:49:59.865,1,56776,74207771,0,actual_torque_pct,2
2026-10-09T10:49:59.865,1,56776,74207771,0,engine_rpm,804.000
2026-10-09T10:49:59.865,1,56778,74208892,0,engine_hours,40.25
2026-10-09T10:49:59.873,1,56783,74216488,0,actual_torque_pct,2
2026-10-09T10:49:59.873,1,56783,74216488,0,engine_rpm,800.000
2026-10-09T10:49:59.883,1,56792,74226486,0,actual_torque_pct,3
2026-10-09T10:49:59.883,1,56792,74226486,0,engine_rpm,796.000
2026-10-09T10:49:59.892,1,56800,74234471,39,fuel_level_pct,1.2
2026-10-09T10:49:59.893,1,56803,74236492,0,actual_torque_pct,3
2026-10-09T10:49:59.893,1,56803,74236492,0,engine_rpm,793.000
2026-10-09T10:49:59.894,1,56804,74237092,0,engine_load_pct,6
2026-10-09T10:49:59.903,1,56810,74246494,0,actual_torque_pct,3
2026-10-09T10:49:59.903,1,56810,74246494,0,engine_rpm,789.000
2026-10-09T10:49:59.914,1,56815,74257783,0,actual_torque_pct,3
2026-10-09T10:49:59.914,1,56815,74257783,0,engine_rpm,789.000
2026-10-09T10:49:59.923,1,56821,74266424,0,actual_torque_pct,3
2026-10-09T10:49:59.923,1,56821,74266424,0,engine_rpm,786.000
2026-10-09T10:49:59.933,1,56829,74276489,0,actual_torque_pct,3
2026-10-09T10:49:59.933,1,56829,74276489,0,engine_rpm,783.000
2026-10-09T10:49:59.941,1,56836,74283963,39,vehicle_speed_kmh,0.000
2026-10-09T10:49:59.943,1,56840,74286497,0,actual_torque_pct,3
2026-10-09T10:49:59.943,1,56840,74286497,0,engine_rpm,780.000
2026-10-09T10:49:59.944,1,56841,74287088,0,engine_load_pct,6
2026-10-09T10:49:59.954,1,56847,74297586,0,actual_torque_pct,4
2026-10-09T10:49:59.954,1,56847,74297586,0,engine_rpm,776.000
2026-10-09T10:49:59.955,1,56848,74298167,0,fuel_rate_lph,1.25
2026-10-09T10:49:59.955,1,56848,74298167,0,fuel_econ_inst_kmpl,0.000
2026-10-09T10:49:59.963,1,56853,74306490,0,actual_torque_pct,4
2026-10-09T10:49:59.963,1,56853,74306490,0,engine_rpm,776.000
2026-10-09T10:49:59.973,1,56859,74316443,0,actual_torque_pct,4
2026-10-09T10:49:59.973,1,56859,74316443,0,engine_rpm,774.000
2026-10-09T10:49:59.983,1,56868,74326472,0,actual_torque_pct,4
2026-10-09T10:49:59.983,1,56868,74326472,0,engine_rpm,772.000
2026-10-09T10:49:59.990,1,56875,74333893,39,fuel_level_pct,1.2
2026-10-09T10:49:59.993,1,56879,74336454,0,engine_load_pct,8
2026-10-09T10:49:59.994,1,56880,74337036,0,actual_torque_pct,4
2026-10-09T10:49:59.994,1,56880,74337036,0,engine_rpm,768.000
2026-10-09T10:50:00.004,1,56886,74347861,0,actual_torque_pct,4
2026-10-09T10:50:00.004,1,56886,74347861,0,engine_rpm,768.000
2026-10-09T10:50:00.013,1,56891,74356419,0,actual_torque_pct,4
2026-10-09T10:50:00.013,1,56891,74356419,0,engine_rpm,765.000
2026-10-09T10:50:00.023,1,56897,74366438,0,actual_torque_pct,4
2026-10-09T10:50:00.023,1,56897,74366438,0,engine_rpm,764.000
2026-10-09T10:50:00.033,1,56907,74376430,0,actual_torque_pct,5
2026-10-09T10:50:00.033,1,56907,74376430,0,engine_rpm,763.000
2026-10-09T10:50:00.041,1,56914,74383954,39,vehicle_speed_kmh,0.000
2026-10-09T10:50:00.044,1,56918,74387785,0,actual_torque_pct,5
2026-10-09T10:50:00.044,1,56918,74387785,0,engine_rpm,763.000
2026-10-09T10:50:00.045,1,56919,74388352,0,engine_load_pct,10
2026-10-09T10:50:00.049,1,56925,74392762,0,boost_pressure_kpa,110
2026-10-09T10:50:00.049,1,56925,74392762,0,intake_manifold_temp_c,32
2026-10-09T10:50:00.053,1,56926,74396405,0,actual_torque_pct,5
2026-10-09T10:50:00.053,1,56926,74396405,0,engine_rpm,762.000
2026-10-09T10:50:00.054,1,56928,74397575,0,fuel_rate_lph,2.10
2026-10-09T10:50:00.054,1,56928,74397575,0,fuel_econ_inst_kmpl,0.000
2026-10-09T10:50:00.063,1,56933,74406416,0,actual_torque_pct,5
2026-10-09T10:50:00.063,1,56933,74406416,0,engine_rpm,760.000
2026-10-09T10:50:00.073,1,56939,74416426,0,actual_torque_pct,6
2026-10-09T10:50:00.073,1,56939,74416426,0,engine_rpm,758.000
2026-10-09T10:50:00.084,1,56948,74427854,0,actual_torque_pct,6
2026-10-09T10:50:00.084,1,56948,74427854,0,engine_rpm,758.000
2026-10-09T10:50:00.090,1,56955,74433883,39,fuel_level_pct,1.2
2026-10-09T10:50:00.093,1,56959,74436473,0,actual_torque_pct,6
2026-10-09T10:50:00.093,1,56959,74436473,0,engine_rpm,757.000
2026-10-09T10:50:00.094,1,56960,74437051,0,engine_load_pct,12
2026-10-09T10:50:00.103,1,56966,74446388,0,actual_torque_pct,8
2026-10-09T10:50:00.103,1,56966,74446388,0,engine_rpm,755.000
2026-10-09T10:50:00.113,1,56971,74456381,0,actual_torque_pct,10
2026-10-09T10:50:00.113,1,56971,74456381,0,engine_rpm,753.000
2026-10-09T10:50:00.124,1,56977,74467702,0,actual_torque_pct,10
2026-10-09T10:50:00.124,1,56977,74467702,0,engine_rpm,753.000
2026-10-09T10:50:00.133,1,56985,74476463,0,actual_torque_pct,10
2026-10-09T10:50:00.133,1,56985,74476463,0,engine_rpm,752.000
2026-10-09T10:50:00.141,1,56992,74483960,39,vehicle_speed_kmh,0.000
2026-10-09T10:50:00.143,1,56996,74486392,0,actual_torque_pct,11
2026-10-09T10:50:00.143,1,56996,74486392,0,engine_rpm,752.000
2026-10-09T10:50:00.144,1,56997,74486978,0,engine_load_pct,23
2026-10-09T10:50:00.149,1,57003,74492776,0,oil_pressure_kpa,492
2026-10-09T10:50:00.153,1,57004,74496330,0,actual_torque_pct,12
2026-10-09T10:50:00.153,1,57004,74496330,0,engine_rpm,751.000
2026-10-09T10:50:00.154,1,57005,74496926,0,fuel_rate_lph,4.15
2026-10-09T10:50:00.154,1,57005,74496926,0,fuel_econ_inst_kmpl,0.000
2026-10-09T10:50:00.165,1,57010,74508044,0,actual_torque_pct,12
2026-10-09T10:50:00.165,1,57010,74508044,0,engine_rpm,751.000
2026-10-09T10:50:00.173,1,57016,74516335,0,actual_torque_pct,12
2026-10-09T10:50:00.173,1,57016,74516335,0,engine_rpm,751.000
2026-10-09T10:50:00.184,1,57025,74526439,0,actual_torque_pct,13
2026-10-09T10:50:00.184,1,57025,74526439,0,engine_rpm,751.000
2026-10-09T10:50:00.193,1,57035,74536481,0,engine_load_pct,30
2026-10-09T10:50:00.194,1,57036,74537039,0,actual_torque_pct,14
2026-10-09T10:50:00.194,1,57036,74537039,0,engine_rpm,752.000
2026-10-09T10:50:00.194,1,57037,74537639,39,fuel_level_pct,1.2
2026-10-09T10:50:00.204,1,57043,74547686,0,actual_torque_pct,14
2026-10-09T10:50:00.204,1,57043,74547686,0,engine_rpm,752.000
2026-10-09T10:50:00.213,1,57048,74556339,0,actual_torque_pct,14
2026-10-09T10:50:00.213,1,57048,74556339,0,engine_rpm,752.000
2026-10-09T10:50:00.223,1,57054,74566339,0,actual_torque_pct,14
2026-10-09T10:50:00.223,1,57054,74566339,0,engine_rpm,753.000
2026-10-09T10:50:00.233,1,57062,74576440,0,actual_torque_pct,14
2026-10-09T10:50:00.233,1,57062,74576440,0,engine_rpm,756.000
2026-10-09T10:50:00.241,1,57069,74583970,39,vehicle_speed_kmh,0.000
2026-10-09T10:50:00.244,1,57073,74587638,0,actual_torque_pct,14
2026-10-09T10:50:00.244,1,57073,74587638,0,engine_rpm,758.000
2026-10-09T10:50:00.245,1,57074,74588216,0,engine_load_pct,30
2026-10-09T10:50:00.253,1,57080,74596287,0,actual_torque_pct,14
2026-10-09T10:50:00.253,1,57080,74596287,0,engine_rpm,758.000
2026-10-09T10:50:00.253,1,57081,74596889,0,fuel_rate_lph,5.90
2026-10-09T10:50:00.253,1,57081,74596889,0,fuel_econ_inst_kmpl,0.000
2026-10-09T10:50:00.263,1,57086,74606302,0,actual_torque_pct,15
2026-10-09T10:50:00.263,1,57086,74606302,0,engine_rpm,759.000
2026-10-09T10:50:00.273,1,57092,74616283,0,actual_torque_pct,15
2026-10-09T10:50:00.273,1,57092,74616283,0,engine_rpm,761.000
2026-10-09T10:50:00.283,1,57101,74626786,0,actual_torque_pct,15
2026-10-09T10:50:00.283,1,57101,74626786,0,engine_rpm,764.000
2026-10-09T10:50:00.291,1,57108,74633890,39,fuel_level_pct,1.2
2026-10-09T10:50:00.293,1,57112,74636496,0,engine_load_pct,32
2026-10-09T10:50:00.294,1,57113,74637055,0,actual_torque_pct,15
2026-10-09T10:50:00.294,1,57113,74637055,0,engine_rpm,764.000
2026-10-09T10:50:00.303,1,57119,74646275,0,actual_torque_pct,15
2026-10-09T10:50:00.303,1,57119,74646275,0,engine_rpm,766.000
2026-10-09T10:50:00.313,1,57125,74656271,0,actual_torque_pct,15
2026-10-09T10:50:00.313,1,57125,74656271,0,engine_rpm,769.000
2026-10-09T10:50:00.323,1,57131,74666238,0,actual_torque_pct,15
2026-10-09T10:50:00.323,1,57131,74666238,0,engine_rpm,772.000
2026-10-09T10:50:00.334,1,57139,74677578,0,actual_torque_pct,15
2026-10-09T10:50:00.334,1,57139,74677578,0,engine_rpm,772.000
2026-10-09T10:50:00.341,1,57146,74683972,39,vehicle_speed_kmh,0.000
2026-10-09T10:50:00.343,1,57150,74686446,0,engine_load_pct,32
2026-10-09T10:50:00.344,1,57151,74687032,0,actual_torque_pct,15
2026-10-09T10:50:00.344,1,57151,74687032,0,engine_rpm,776.000
2026-10-09T10:50:00.353,1,57157,74696247,0,actual_torque_pct,15
2026-10-09T10:50:00.353,1,57157,74696247,0,engine_rpm,779.000
2026-10-09T10:50:00.353,1,57158,74696832,0,fuel_rate_lph,6.45
2026-10-09T10:50:00.353,1,57158,74696832,0,fuel_econ_inst_kmpl,0.000
2026-10-09T10:50:00.363,1,57165,74706230,0,actual_torque_pct,15
2026-10-09T10:50:00.363,1,57165,74706230,0,engine_rpm,781.000
2026-10-09T10:50:00.373,1,57172,74716948,0,actual_torque_pct,14
2026-10-09T10:50:00.373,1,57172,74716948,0,engine_rpm,782.000
2026-10-09T10:50:00.383,1,57181,74726431,0,actual_torque_pct,14
2026-10-09T10:50:00.383,1,57181,74726431,0,engine_rpm,782.000
2026-10-09T10:50:00.390,1,57188,74733883,39,fuel_level_pct,1.2
2026-10-09T10:50:00.393,1,57192,74736481,0,engine_load_pct,30
2026-10-09T10:50:00.394,1,57193,74737047,0,actual_torque_pct,14
2026-10-09T10:50:00.394,1,57193,74737047,0,engine_rpm,785.000
2026-10-09T10:50:00.403,1,57200,74746270,0,actual_torque_pct,14
2026-10-09T10:50:00.403,1,57200,74746270,0,engine_rpm,788.000
2026-10-09T10:50:00.413,1,57205,74756218,0,actual_torque_pct,14
2026-10-09T10:50:00.413,1,57205,74756218,0,engine_rpm,790.000
2026-10-09T10:50:00.424,1,57211,74767519,0,actual_torque_pct,14
2026-10-09T10:50:00.424,1,57211,74767519,0,engine_rpm,792.000
2026-10-09T10:50:00.433,1,57219,74776481,0,actual_torque_pct,14
2026-10-09T10:50:00.433,1,57219,74776481,0,engine_rpm,792.000
2026-10-09T10:50:00.441,1,57226,74783937,39,vehicle_speed_kmh,0.000
2026-10-09T10:50:00.444,1,57230,74786430,0,engine_load_pct,27
2026-10-09T10:50:00.444,1,57231,74787005,0,actual_torque_pct,13
2026-10-09T10:50:00.444,1,57231,74787005,0,engine_rpm,795.000
2026-10-09T10:50:00.453,1,57237,74796204,0,actual_torque_pct,12
2026-10-09T10:50:00.453,1,57237,74796204,0,engine_rpm,797.000
2026-10-09T10:50:00.453,1,57238,74796781,0,fuel_rate_lph,5.65
2026-10-09T10:50:00.453,1,57238,74796781,0,fuel_econ_inst_kmpl,0.000
2026-10-09T10:50:00.463,1,57243,74806221,0,actual_torque_pct,12
2026-10-09T10:50:00.463,1,57243,74806221,0,engine_rpm,798.000
2026-10-09T10:50:00.474,1,57249,74817504,0,actual_torque_pct,11
2026-10-09T10:50:00.474,1,57249,74817504,0,engine_rpm,801.000
2026-10-09T10:50:00.483,1,57258,74826457,0,actual_torque_pct,11
2026-10-09T10:50:00.483,1,57258,74826457,0,engine_rpm,801.000
2026-10-09T10:50:00.490,1,57265,74833891,39,fuel_level_pct,1.2
2026-10-09T10:50:00.493,1,57269,74836510,0,engine_load_pct,23
2026-10-09T10:50:00.494,1,57270,74837069,0,actual_torque_pct,11
2026-10-09T10:50:00.494,1,57270,74837069,0,engine_rpm,805.000
2026-10-09T10:50:00.503,1,57276,74846216,0,actual_torque_pct,9
2026-10-09T10:50:00.503,1,57276,74846216,0,engine_rpm,808.000
2026-10-09T10:50:00.513,1,57281,74856180,0,actual_torque_pct,8
2026-10-09T10:50:00.513,1,57281,74856180,0,engine_rpm,809.000
2026-10-09T10:50:00.523,1,57287,74866925,0,actual_torque_pct,8
2026-10-09T10:50:00.523,1,57287,74866925,0,engine_rpm,810.000
2026-10-09T10:50:00.534,1,57295,74877521,0,actual_torque_pct,8
2026-10-09T10:50:00.534,1,57295,74877521,0,engine_rpm,810.000
2026-10-09T10:50:00.541,1,57302,74883959,39,vehicle_speed_kmh,0.000
2026-10-09T10:50:00.543,1,57306,74886470,0,engine_load_pct,15
2026-10-09T10:50:00.544,1,57307,74887025,0,actual_torque_pct,7
2026-10-09T10:50:00.544,1,57307,74887025,0,engine_rpm,811.000
2026-10-09T10:50:00.549,1,57314,74892831,0,boost_pressure_kpa,108
2026-10-09T10:50:00.549,1,57314,74892831,0,intake_manifold_temp_c,32
2026-10-09T10:50:00.553,1,57315,74896261,0,actual_torque_pct,7
2026-10-09T10:50:00.553,1,57315,74896261,0,engine_rpm,813.000
2026-10-09T10:50:00.555,1,57318,74898002,0,fuel_rate_lph,3.15
2026-10-09T10:50:00.555,1,57318,74898002,0,fuel_econ_inst_kmpl,0.000
2026-10-09T10:50:00.563,1,57323,74906138,0,actual_torque_pct,6
2026-10-09T10:50:00.563,1,57323,74906138,0,engine_rpm,812.000
2026-10-09T10:50:00.573,1,57329,74916130,0,actual_torque_pct,5
2026-10-09T10:50:00.573,1,57329,74916130,0,engine_rpm,811.000
2026-10-09T10:50:00.584,1,57338,74927503,0,actual_torque_pct,5
2026-10-09T10:50:00.584,1,57338,74927503,0,engine_rpm,811.000
2026-10-09T10:50:00.590,1,57345,74933904,39,fuel_level_pct,1.2
2026-10-09T10:50:00.593,1,57349,74936501,0,engine_load_pct,10
2026-10-09T10:50:00.594,1,57350,74937063,0,actual_torque_pct,5
2026-10-09T10:50:00.594,1,57350,74937063,0,engine_rpm,811.000
2026-10-09T10:50:00.603,1,57357,74946120,0,actual_torque_pct,4
2026-10-09T10:50:00.603,1,57357,74946120,0,engine_rpm,809.000
2026-10-09T10:50:00.613,1,57362,74956131,0,actual_torque_pct,3
2026-10-09T10:50:00.613,1,57362,74956131,0,engine_rpm,808.000
2026-10-09T10:50:00.623,1,57368,74966141,0,actual_torque_pct,3
2026-10-09T10:50:00.623,1,57368,74966141,0,engine_rpm,806.000
2026-10-09T10:50:00.634,1,57376,74977413,0,actual_torque_pct,3
2026-10-09T10:50:00.634,1,57376,74977413,0,engine_rpm,806.000
2026-10-09T10:50:00.641,1,57383,74983966,39,vehicle_speed_kmh,0.000
2026-10-09T10:50:00.643,1,57387,74986469,0,engine_load_pct,4
2026-10-09T10:50:00.644,1,57388,74987038,0,actual_torque_pct,2
2026-10-09T10:50:00.644,1,57388,74987038,0,engine_rpm,803.000
2026-10-09T10:50:00.650,1,57394,74992781,0,oil_pressure_kpa,520
2026-10-09T10:50:00.653,1,57395,74996141,0,actual_torque_pct,2
2026-10-09T10:50:00.653,1,57395,74996141,0,engine_rpm,800.000
2026-10-09T10:50:00.654,1,57398,74997855,0,fuel_rate_lph,0.85
2026-10-09T10:50:00.654,1,57398,74997855,0,fuel_econ_inst_kmpl,0.000
2026-10-09T10:50:00.663,1,57403,75006101,0,actual_torque_pct,0
2026-10-09T10:50:00.663,1,57403,75006101,0,engine_rpm,797.000
2026-10-09T10:50:00.673,1,57409,75016063,0,actual_torque_pct,0
2026-10-09T10:50:00.673,1,57409,75016063,0,engine_rpm,791.000
2026-10-09T10:50:00.684,1,57418,75027347,0,actual_torque_pct,0
2026-10-09T10:50:00.684,1,57418,75027347,0,engine_rpm,791.000
2026-10-09T10:50:00.692,1,57426,75033908,39,fuel_level_pct,1.2
2026-10-09T10:50:00.694,1,57430,75036486,0,engine_load_pct,0
2026-10-09T10:50:00.695,1,57431,75037077,0,actual_torque_pct,0
2026-10-09T10:50:00.695,1,57431,75037077,0,engine_rpm,785.000
2026-10-09T10:50:00.703,1,57438,75046061,0,actual_torque_pct,0
2026-10-09T10:50:00.703,1,57438,75046061,0,engine_rpm,778.000
2026-10-09T10:50:00.713,1,57445,75056032,0,actual_torque_pct,0
2026-10-09T10:50:00.713,1,57445,75056032,0,engine_rpm,771.000
2026-10-09T10:50:00.724,1,57451,75067282,0,actual_torque_pct,0
2026-10-09T10:50:00.724,1,57451,75067282,0,engine_rpm,771.000
2026-10-09T10:50:00.733,1,57459,75076473,0,actual_torque_pct,0
2026-10-09T10:50:00.733,1,57459,75076473,0,engine_rpm,763.000
2026-10-09T10:50:00.741,1,57466,75083955,39,vehicle_speed_kmh,0.000
2026-10-09T10:50:00.743,1,57470,75086356,0,engine_load_pct,0
2026-10-09T10:50:00.743,1,57471,75086927,0,actual_torque_pct,0
2026-10-09T10:50:00.743,1,57471,75086927,0,engine_rpm,756.000
2026-10-09T10:50:00.750,1,57477,75092776,0,coolant_temp_c,33
2026-10-09T10:50:00.750,1,57477,75092776,0,fuel_temp_c,32
2026-10-09T10:50:00.750,1,57477,75092776,0,oil_temp_c,34.00
2026-10-09T10:50:00.753,1,57478,75096287,0,actual_torque_pct,0
2026-10-09T10:50:00.753,1,57478,75096287,0,engine_rpm,749.000
2026-10-09T10:50:00.755,1,57481,75098003,0,fuel_rate_lph,0.00
2026-10-09T10:50:00.755,1,57481,75098003,0,fuel_econ_inst_kmpl,0.000
2026-10-09T10:50:00.764,1,57486,75107310,0,actual_torque_pct,0
2026-10-09T10:50:00.764,1,57486,75107310,0,engine_rpm,749.000
2026-10-09T10:50:00.773,1,57492,75115997,0,actual_torque_pct,0
2026-10-09T10:50:00.773,1,57492,75115997,0,engine_rpm,741.000
2026-10-09T10:50:00.783,1,57501,75126351,0,actual_torque_pct,0
2026-10-09T10:50:00.783,1,57501,75126351,0,engine_rpm,733.000
2026-10-09T10:50:00.790,1,57508,75133904,39,fuel_level_pct,1.2
2026-10-09T10:50:00.793,1,57512,75136501,0,engine_load_pct,0
2026-10-09T10:50:00.794,1,57513,75137047,0,actual_torque_pct,0
2026-10-09T10:50:00.794,1,57513,75137047,0,engine_rpm,726.000
2026-10-09T10:50:00.802,1,57520,75145973,0,actual_torque_pct,0
2026-10-09T10:50:00.802,1,57520,75145973,0,engine_rpm,726.000
2026-10-09T10:50:00.812,1,57527,75155976,0,actual_torque_pct,0
2026-10-09T10:50:00.812,1,57527,75155976,0,engine_rpm,718.000
2026-10-09T10:50:00.822,1,57533,75165976,0,actual_torque_pct,0
2026-10-09T10:50:00.822,1,57533,75165976,0,engine_rpm,710.000
2026-10-09T10:50:00.834,1,57541,75177233,0,actual_torque_pct,0
2026-10-09T10:50:00.834,1,57541,75177233,0,engine_rpm,710.000
2026-10-09T10:50:00.841,1,57548,75183999,39,vehicle_speed_kmh,0.000
2026-10-09T10:50:00.843,1,57552,75186442,0,engine_load_pct,0
2026-10-09T10:50:00.844,1,57553,75187009,0,actual_torque_pct,0
2026-10-09T10:50:00.844,1,57553,75187009,0,engine_rpm,702.000
2026-10-09T10:50:00.852,1,57560,75195972,0,actual_torque_pct,0
2026-10-09T10:50:00.852,1,57560,75195972,0,engine_rpm,694.000
2026-10-09T10:50:00.854,1,57562,75197137,0,fuel_rate_lph,0.00
2026-10-09T10:50:00.854,1,57562,75197137,0,fuel_econ_inst_kmpl,125.498
2026-10-09T10:50:00.863,1,57568,75206862,0,actual_torque_pct,0
2026-10-09T10:50:00.863,1,57568,75206862,0,engine_rpm,686.000
2026-10-09T10:50:00.865,1,57570,75208008,0,engine_hours,40.25
2026-10-09T10:50:00.873,1,57575,75215915,0,actual_torque_pct,0
2026-10-09T10:50:00.873,1,57575,75215915,0,engine_rpm,686.000
2026-10-09T10:50:00.883,1,57584,75226341,0,actual_torque_pct,0
2026-10-09T10:50:00.883,1,57584,75226341,0,engine_rpm,679.000
2026-10-09T10:50:00.890,1,57591,75233927,39,fuel_level_pct,1.2
2026-10-09T10:50:00.893,1,57595,75236505,0,actual_torque_pct,0
2026-10-09T10:50:00.893,1,57595,75236505,0,engine_rpm,671.000
2026-10-09T10:50:00.894,1,57596,75237090,0,engine_load_pct,0
2026-10-09T10:50:00.903,1,57602,75245932,0,actual_torque_pct,0
2026-10-09T10:50:00.903,1,57602,75245932,0,engine_rpm,671.000
2026-10-09T10:50:00.913,1,57607,75255923,0,actual_torque_pct,0
2026-10-09T10:50:00.913,1,57607,75255923,0,engine_rpm,663.000
2026-10-09T10:50:00.924,1,57613,75267162,0,actual_torque_pct,0
2026-10-09T10:50:00.924,1,57613,75267162,0,engine_rpm,654.000
2026-10-09T10:50:00.933,1,57620,75275898,0,actual_torque_pct,0
2026-10-09T10:50:00.933,1,57620,75275898,0,engine_rpm,654.000
2026-10-09T10:50:00.941,1,57628,75283965,39,vehicle_speed_kmh,0.000
2026-10-09T10:50:00.943,1,57632,75286362,0,engine_load_pct,0
2026-10-09T10:50:00.943,1,57633,75286927,0,actual_torque_pct,0
2026-10-09T10:50:00.943,1,57633,75286927,0,engine_rpm,646.000
2026-10-09T10:50:00.954,1,57639,75297122,0,actual_torque_pct,0
2026-10-09T10:50:00.954,1,57639,75297122,0,engine_rpm,646.000
2026-10-09T10:50:00.955,1,57640,75297723,0,fuel_rate_lph,0.00
2026-10-09T10:50:00.955,1,57640,75297723,0,fuel_econ_inst_kmpl,125.498
2026-10-09T10:50:00.963,1,57645,75305869,0,actual_torque_pct,0
2026-10-09T10:50:00.963,1,57645,75305869,0,engine_rpm,638.000
2026-10-09T10:50:00.973,1,57651,75315884,0,actual_torque_pct,0
2026-10-09T10:50:00.973,1,57651,75315884,0,engine_rpm,629.000
2026-10-09T10:50:00.983,1,57660,75326448,0,actual_torque_pct,0
2026-10-09T10:50:00.983,1,57660,75326448,0,engine_rpm,629.000
2026-10-09T10:50:00.991,1,57667,75333944,39,fuel_level_pct,1.2
2026-10-09T10:50:00.992,1,57670,75335891,0,actual_torque_pct,0
2026-10-09T10:50:00.992,1,57670,75335891,0,engine_rpm,621.000
2026-10-09T10:50:00.993,1,57671,75336466,0,engine_load_pct,1
2026-10-09T10:50:01.004,1,57678,75347072,0,actual_torque_pct,1
2026-10-09T10:50:01.004,1,57678,75347072,0,engine_rpm,613.000
2026-10-09T10:50:01.012,1,57683,75355877,0,actual_torque_pct,1
2026-10-09T10:50:01.012,1,57683,75355877,0,engine_rpm,613.000
2026-10-09T10:50:01.022,1,57689,75365927,0,actual_torque_pct,1
2026-10-09T10:50:01.022,1,57689,75365927,0,engine_rpm,605.000
2026-10-09T10:50:01.032,1,57698,75375865,0,actual_torque_pct,1
2026-10-09T10:50:01.032,1,57698,75375865,0,engine_rpm,605.000
2026-10-09T10:50:01.041,1,57706,75383974,39,vehicle_speed_kmh,0.000
2026-10-09T10:50:01.042,1,57709,75385871,0,actual_torque_pct,1
2026-10-09T10:50:01.042,1,57709,75385871,0,engine_rpm,596.000
2026-10-09T10:50:01.043,1,57710,75386457,0,engine_load_pct,2
2026-10-09T10:50:01.049,1,57717,75392799,0,boost_pressure_kpa,108
2026-10-09T10:50:01.049,1,57717,75392799,0,intake_manifold_temp_c,32
2026-10-09T10:50:01.054,1,57718,75397241,0,actual_torque_pct,1
2026-10-09T10:50:01.054,1,57718,75397241,0,engine_rpm,596.000
2026-10-09T10:50:01.055,1,57720,75398391,0,fuel_rate_lph,0.40
2026-10-09T10:50:01.055,1,57720,75398391,0,fuel_econ_inst_kmpl,0.000
2026-10-09T10:50:01.062,1,57725,75405856,0,actual_torque_pct,2
2026-10-09T10:50:01.062,1,57725,75405856,0,engine_rpm,588.000
2026-10-09T10:50:01.073,1,57731,75415824,0,actual_torque_pct,2
2026-10-09T10:50:01.073,1,57731,75415824,0,engine_rpm,579.000
2026-10-09T10:50:01.083,1,57739,75425817,0,actual_torque_pct,2
2026-10-09T10:50:01.083,1,57739,75425817,0,engine_rpm,579.000
2026-10-09T10:50:01.090,1,57747,75433929,39,fuel_level_pct,1.2
2026-10-09T10:50:01.092,1,57750,75435878,0,actual_torque_pct,3
2026-10-09T10:50:01.092,1,57750,75435878,0,engine_rpm,572.000
2026-10-09T10:50:01.093,1,57751,75436458,0,engine_load_pct,5
2026-10-09T10:50:01.102,1,57758,75445858,0,actual_torque_pct,3
2026-10-09T10:50:01.102,1,57758,75445858,0,engine_rpm,572.000
2026-10-09T10:50:01.113,1,57763,75455823,0,actual_torque_pct,3
2026-10-09T10:50:01.113,1,57763,75455823,0,engine_rpm,567.000
2026-10-09T10:50:01.124,1,57769,75467222,0,actual_torque_pct,3
2026-10-09T10:50:01.124,1,57769,75467222,0,engine_rpm,567.000
2026-10-09T10:50:01.133,1,57776,75475835,0,actual_torque_pct,4
2026-10-09T10:50:01.133,1,57776,75475835,0,engine_rpm,563.000
2026-10-09T10:50:01.141,1,57784,75483970,39,vehicle_speed_kmh,0.000
2026-10-09T10:50:01.142,1,57787,75485847,0,actual_torque_pct,5
2026-10-09T10:50:01.142,1,57787,75485847,0,engine_rpm,560.000
2026-10-09T10:50:01.143,1,57788,75486424,0,engine_load_pct,8
2026-10-09T10:50:01.149,1,57795,75492838,0,oil_pressure_kpa,464
2026-10-09T10:50:01.152,1,57796,75495801,0,actual_torque_pct,5
2026-10-09T10:50:01.152,1,57796,75495801,0,engine_rpm,560.000
2026-10-09T10:50:01.153,1,57797,75496388,0,fuel_rate_lph,1.45
2026-10-09T10:50:01.153,1,57797,75496388,0,fuel_econ_inst_kmpl,0.000
2026-10-09T10:50:01.163,1,57802,75505784,0,actual_torque_pct,5
2026-10-09T10:50:01.163,1,57802,75505784,0,engine_rpm,556.000
2026-10-09T10:50:01.173,1,57808,75515777,0,actual_torque_pct,5
2026-10-09T10:50:01.173,1,57808,75515777,0,engine_rpm,556.000
2026-10-09T10:50:01.183,1,57816,75525815,0,actual_torque_pct,6
2026-10-09T10:50:01.183,1,57816,75525815,0,engine_rpm,553.000
2026-10-09T10:50:01.192,1,57826,75535769,0,actual_torque_pct,6
2026-10-09T10:50:01.192,1,57826,75535769,0,engine_rpm,553.000
2026-10-09T10:50:01.193,1,57827,75536366,0,engine_load_pct,11
2026-10-09T10:50:01.194,1,57829,75537500,39,fuel_level_pct,1.2
2026-10-09T10:50:01.202,1,57835,75545749,0,actual_torque_pct,7
2026-10-09T10:50:01.202,1,57835,75545749,0,engine_rpm,552.000
2026-10-09T10:50:01.214,1,57840,75557065,0,actual_torque_pct,7
2026-10-09T10:50:01.214,1,57840,75557065,0,engine_rpm,552.000
2026-10-09T10:50:01.222,1,57846,75565786,0,actual_torque_pct,8
2026-10-09T10:50:01.222,1,57846,75565786,0,engine_rpm,551.000
2026-10-09T10:50:01.233,1,57854,75576521,0,actual_torque_pct,8
2026-10-09T10:50:01.233,1,57854,75576521,0,engine_rpm,551.000
2026-10-09T10:50:01.241,1,57861,75583955,39,vehicle_speed_kmh,0.000
2026-10-09T10:50:01.242,1,57864,75585726,0,actual_torque_pct,8
2026-10-09T10:50:01.242,1,57864,75585726,0,engine_rpm,551.000
2026-10-09T10:50:01.244,1,57865,75586315,0,engine_load_pct,14
2026-10-09T10:50:01.253,1,57872,75595749,0,actual_torque_pct,7
2026-10-09T10:50:01.253,1,57872,75595749,0,engine_rpm,553.000
2026-10-09T10:50:01.253,1,57873,75596350,0,fuel_rate_lph,2.30
2026-10-09T10:50:01.253,1,57873,75596350,0,fuel_econ_inst_kmpl,0.000
2026-10-09T10:50:01.262,1,57878,75605779,0,actual_torque_pct,7
2026-10-09T10:50:01.262,1,57878,75605779,0,engine_rpm,553.000
2026-10-09T10:50:01.273,1,57884,75615722,0,actual_torque_pct,6
2026-10-09T10:50:01.273,1,57884,75615722,0,engine_rpm,554.000
2026-10-09T10:50:01.282,1,57892,75625716,0,actual_torque_pct,6
2026-10-09T10:50:01.282,1,57892,75625716,0,engine_rpm,554.000
2026-10-09T10:50:01.290,1,57900,75633935,39,fuel_level_pct,1.2
2026-10-09T10:50:01.292,1,57903,75635743,0,actual_torque_pct,6
2026-10-09T10:50:01.292,1,57903,75635743,0,engine_rpm,556.000
2026-10-09T10:50:01.293,1,57904,75636330,0,engine_load_pct,10
2026-10-09T10:50:01.304,1,57911,75647146,0,actual_torque_pct,6
2026-10-09T10:50:01.304,1,57911,75647146,0,engine_rpm,556.000
2026-10-09T10:50:01.312,1,57917,75655701,0,actual_torque_pct,5
2026-10-09T10:50:01.312,1,57917,75655701,0,engine_rpm,557.000
2026-10-09T10:50:01.322,1,57923,75665972,0,actual_torque_pct,5
2026-10-09T10:50:01.322,1,57923,75665972,0,engine_rpm,559.000
2026-10-09T10:50:01.332,1,57930,75675721,0,actual_torque_pct,5
2026-10-09T10:50:01.332,1,57930,75675721,0,engine_rpm,559.000
2026-10-09T10:50:01.341,1,57938,75683962,39,vehicle_speed_kmh,0.000
2026-10-09T10:50:01.342,1,57941,75685774,0,actual_torque_pct,4
2026-10-09T10:50:01.342,1,57941,75685774,0,engine_rpm,560.000
2026-10-09T10:50:01.343,1,57942,75686354,0,engine_load_pct,8
2026-10-09T10:50:01.352,1,57949,75695675,0,actual_torque_pct,4
2026-10-09T10:50:01.352,1,57949,75695675,0,engine_rpm,560.000
2026-10-09T10:50:01.353,1,57950,75696275,0,fuel_rate_lph,1.45
2026-10-09T10:50:01.353,1,57950,75696275,0,fuel_econ_inst_kmpl,0.000
2026-10-09T10:50:01.362,1,57957,75705668,0,actual_torque_pct,4
2026-10-09T10:50:01.362,1,57957,75705668,0,engine_rpm,561.000
2026-10-09T10:50:01.372,1,57964,75715657,0,actual_torque_pct,4
2026-10-09T10:50:01.372,1,57964,75715657,0,engine_rpm,561.000
2026-10-09T10:50:01.382,1,57972,75725690,0,actual_torque_pct,4
2026-10-09T10:50:01.382,1,57972,75725690,0,engine_rpm,561.000
2026-10-09T10:50:01.391,1,57981,75734541,39,fuel_level_pct,1.2
2026-10-09T10:50:01.393,1,57984,75736974,0,actual_torque_pct,4
2026-10-09T10:50:01.393,1,57984,75736974,0,engine_rpm,561.000
2026-10-09T10:50:01.394,1,57985,75737555,0,engine_load_pct,7
2026-10-09T10:50:01.402,1,57992,75745701,0,actual_torque_pct,4
2026-10-09T10:50:01.402,1,57992,75745701,0,engine_rpm,560.000
2026-10-09T10:50:01.412,1,57997,75755663,0,actual_torque_pct,4
2026-10-09T10:50:01.412,1,57997,75755663,0,engine_rpm,560.000
2026-10-09T10:50:01.422,1,58003,75765708,0,actual_torque_pct,4
2026-10-09T10:50:01.422,1,58003,75765708,0,engine_rpm,560.000
2026-10-09T10:50:01.432,1,58010,75775649,0,actual_torque_pct,4
2026-10-09T10:50:01.432,1,58010,75775649,0,engine_rpm,559.000
2026-10-09T10:50:01.441,1,58018,75783974,39,vehicle_speed_kmh,0.000
2026-10-09T10:50:01.442,1,58021,75785721,0,engine_load_pct,7
2026-10-09T10:50:01.443,1,58022,75786279,0,actual_torque_pct,4
2026-10-09T10:50:01.443,1,58022,75786279,0,engine_rpm,559.000
2026-10-09T10:50:01.453,1,58029,75795657,0,actual_torque_pct,4
2026-10-09T10:50:01.453,1,58029,75795657,0,engine_rpm,557.000
2026-10-09T10:50:01.453,1,58030,75796238,0,fuel_rate_lph,1.15
2026-10-09T10:50:01.453,1,58030,75796238,0,fuel_econ_inst_kmpl,0.000
2026-10-09T10:50:01.462,1,58035,75805658,0,actual_torque_pct,4
2026-10-09T10:50:01.462,1,58035,75805658,0,engine_rpm,557.000
2026-10-09T10:50:01.472,1,58041,75815626,0,actual_torque_pct,4
2026-10-09T10:50:01.472,1,58041,75815626,0,engine_rpm,555.000
2026-10-09T10:50:01.484,1,58050,75827078,0,actual_torque_pct,5
2026-10-09T10:50:01.484,1,58050,75827078,0,engine_rpm,554.000
2026-10-09T10:50:01.491,1,58058,75834529,39,fuel_level_pct,1.2
2026-10-09T10:50:01.492,1,58060,75835706,0,engine_load_pct,9
2026-10-09T10:50:01.493,1,58061,75836258,0,actual_torque_pct,5
2026-10-09T10:50:01.493,1,58061,75836258,0,engine_rpm,554.000
2026-10-09T10:50:01.502,1,58068,75845633,0,actual_torque_pct,5
2026-10-09T10:50:01.502,1,58068,75845633,0,engine_rpm,553.000
2026-10-09T10:50:01.512,1,58073,75855600,0,actual_torque_pct,5
2026-10-09T10:50:01.512,1,58073,75855600,0,engine_rpm,553.000
2026-10-09T10:50:01.522,1,58079,75865598,0,actual_torque_pct,5
2026-10-09T10:50:01.522,1,58079,75865598,0,engine_rpm,553.000
2026-10-09T10:50:01.532,1,58086,75875589,0,actual_torque_pct,5
2026-10-09T10:50:01.532,1,58086,75875589,0,engine_rpm,553.000
2026-10-09T10:50:01.541,1,58094,75883951,39,vehicle_speed_kmh,0.000
2026-10-09T10:50:01.542,1,58097,75885677,0,actual_torque_pct,5
2026-10-09T10:50:01.542,1,58097,75885677,0,engine_rpm,554.000
2026-10-09T10:50:01.543,1,58098,75886251,0,engine_load_pct,9
2026-10-09T10:50:01.547,1,58102,75890460,0,boost_pressure_kpa,106
2026-10-09T10:50:01.547,1,58102,75890460,0,intake_manifold_temp_c,32
2026-10-09T10:50:01.552,1,58107,75895576,0,actual_torque_pct,5
2026-10-09T10:50:01.552,1,58107,75895576,0,engine_rpm,554.000
2026-10-09T10:50:01.554,1,58110,75897293,0,fuel_rate_lph,1.45
2026-10-09T10:50:01.554,1,58110,75897293,0,fuel_econ_inst_kmpl,0.000
2026-10-09T10:50:01.562,1,58115,75905560,0,actual_torque_pct,5
2026-10-09T10:50:01.562,1,58115,75905560,0,engine_rpm,554.000
2026-10-09T10:50:01.574,1,58121,75916861,0,actual_torque_pct,5
2026-10-09T10:50:01.574,1,58121,75916861,0,engine_rpm,554.000
2026-10-09T10:50:01.582,1,58129,75925586,0,actual_torque_pct,4
2026-10-09T10:50:01.582,1,58129,75925586,0,engine_rpm,555.000
2026-10-09T10:50:01.591,1,58137,75933968,39,fuel_level_pct,1.2
2026-10-09T10:50:01.592,1,58140,75935716,0,engine_load_pct,8
2026-10-09T10:50:01.593,1,58141,75936268,0,actual_torque_pct,4
2026-10-09T10:50:01.593,1,58141,75936268,0,engine_rpm,555.000
2026-10-09T10:50:01.602,1,58149,75945527,0,actual_torque_pct,4
2026-10-09T10:50:01.602,1,58149,75945527,0,engine_rpm,555.000
2026-10-09T10:50:01.612,1,58154,75955551,0,actual_torque_pct,4
2026-10-09T10:50:01.612,1,58154,75955551,0,engine_rpm,554.000
2026-10-09T10:50:01.622,1,58160,75965553,0,actual_torque_pct,4
2026-10-09T10:50:01.622,1,58160,75965553,0,engine_rpm,554.000
2026-10-09T10:50:01.632,1,58167,75975544,0,actual_torque_pct,4
2026-10-09T10:50:01.632,1,58167,75975544,0,engine_rpm,554.000
2026-10-09T10:50:01.641,1,58175,75983961,39,vehicle_speed_kmh,0.000
2026-10-09T10:50:01.642,1,58178,75985700,0,engine_load_pct,8
2026-10-09T10:50:01.643,1,58179,75986271,0,actual_torque_pct,4
2026-10-09T10:50:01.643,1,58179,75986271,0,engine_rpm,554.000
2026-10-09T10:50:01.649,1,58186,75992835,0,oil_pressure_kpa,416
2026-10-09T10:50:01.652,1,58187,75995544,0,actual_torque_pct,4
2026-10-09T10:50:01.652,1,58187,75995544,0,engine_rpm,554.000
2026-10-09T10:50:01.654,1,58190,75997272,0,fuel_rate_lph,1.25
2026-10-09T10:50:01.654,1,58190,75997272,0,fuel_econ_inst_kmpl,0.000
2026-10-09T10:50:01.663,1,58195,76007019,0,actual_torque_pct,4
2026-10-09T10:50:01.663,1,58195,76007019,0,engine_rpm,554.000
2026-10-09T10:50:01.672,1,58201,76015506,0,actual_torque_pct,4
2026-10-09T10:50:01.672,1,58201,76015506,0,engine_rpm,553.000
2026-10-09T10:50:01.682,1,58209,76025502,0,actual_torque_pct,4
2026-10-09T10:50:01.682,1,58209,76025502,0,engine_rpm,554.000
2026-10-09T10:50:01.691,1,58218,76033973,39,fuel_level_pct,1.2
2026-10-09T10:50:01.693,1,58221,76035736,0,engine_load_pct,8
2026-10-09T10:50:01.694,1,58222,76036282,0,actual_torque_pct,4
2026-10-09T10:50:01.694,1,58222,76036282,0,engine_rpm,554.000
2026-10-09T10:50:01.702,1,58230,76045522,0,actual_torque_pct,4
2026-10-09T10:50:01.702,1,58230,76045522,0,engine_rpm,554.000
2026-10-09T10:50:01.712,1,58237,76055487,0,actual_torque_pct,4
2026-10-09T10:50:01.712,1,58237,76055487,0,engine_rpm,554.000
2026-10-09T10:50:01.722,1,58243,76065482,0,actual_torque_pct,4
2026-10-09T10:50:01.722,1,58243,76065482,0,engine_rpm,554.000
2026-10-09T10:50:01.732,1,58250,76075498,0,actual_torque_pct,4
2026-10-09T10:50:01.732,1,58250,76075498,0,engine_rpm,554.000
2026-10-09T10:50:01.741,1,58258,76083962,39,vehicle_speed_kmh,0.000
2026-10-09T10:50:01.742,1,58261,76085720,0,engine_load_pct,7
2026-10-09T10:50:01.743,1,58262,76086289,0,actual_torque_pct,4
2026-10-09T10:50:01.743,1,58262,76086289,0,engine_rpm,553.000
2026-10-09T10:50:01.747,1,58265,76090264,0,coolant_temp_c,33
2026-10-09T10:50:01.747,1,58265,76090264,0,fuel_temp_c,32
2026-10-09T10:50:01.747,1,58265,76090264,0,oil_temp_c,34.09
2026-10-09T10:50:01.754,1,58270,76096752,0,actual_torque_pct,4
2026-10-09T10:50:01.754,1,58270,76096752,0,engine_rpm,553.000
2026-10-09T10:50:01.755,1,58273,76098463,0,fuel_rate_lph,1.15
2026-10-09T10:50:01.755,1,58273,76098463,0,fuel_econ_inst_kmpl,0.000
2026-10-09T10:50:01.762,1,58278,76105451,0,actual_torque_pct,4
2026-10-09T10:50:01.762,1,58278,76105451,0,engine_rpm,553.000
2026-10-09T10:50:01.772,1,58284,76115459,0,actual_torque_pct,4
2026-10-09T10:50:01.772,1,58284,76115459,0,engine_rpm,553.000
2026-10-09T10:50:01.782,1,58292,76125497,0,actual_torque_pct,4
2026-10-09T10:50:01.782,1,58292,76125497,0,engine_rpm,553.000
2026-10-09T10:50:01.791,1,58301,76134558,39,fuel_level_pct,1.2
2026-10-09T10:50:01.792,1,58303,76135705,0,engine_load_pct,8
2026-10-09T10:50:01.793,1,58304,76136279,0,actual_torque_pct,4
2026-10-09T10:50:01.793,1,58304,76136279,0,engine_rpm,551.000
2026-10-09T10:50:01.802,1,58312,76145452,0,actual_torque_pct,4
2026-10-09T10:50:01.802,1,58312,76145452,0,engine_rpm,551.000
2026-10-09T10:50:01.812,1,58319,76155439,0,actual_torque_pct,4
2026-10-09T10:50:01.812,1,58319,76155439,0,engine_rpm,550.000
2026-10-09T10:50:01.822,1,58325,76165455,0,actual_torque_pct,4
2026-10-09T10:50:01.822,1,58325,76165455,0,engine_rpm,550.000
2026-10-09T10:50:01.832,1,58332,76175437,0,actual_torque_pct,5
2026-10-09T10:50:01.832,1,58332,76175437,0,engine_rpm,549.000
2026-10-09T10:50:01.841,1,58340,76183976,39,vehicle_speed_kmh,0.000
2026-10-09T10:50:01.843,1,58344,76186862,0,actual_torque_pct,5
2026-10-09T10:50:01.843,1,58344,76186862,0,engine_rpm,549.000
2026-10-09T10:50:01.844,1,58345,76187433,0,engine_load_pct,9
2026-10-09T10:50:01.852,1,58352,76195455,0,actual_torque_pct,5
2026-10-09T10:50:01.852,1,58352,76195455,0,engine_rpm,549.000
2026-10-09T10:50:01.853,1,58354,76196616,0,fuel_rate_lph,1.35
2026-10-09T10:50:01.853,1,58354,76196616,0,fuel_econ_inst_kmpl,0.000
2026-10-09T10:50:01.863,1,58360,76206364,0,actual_torque_pct,5
2026-10-09T10:50:01.863,1,58360,76206364,0,engine_rpm,548.000
2026-10-09T10:50:01.864,1,58362,76207485,0,engine_hours,40.25
2026-10-09T10:50:01.872,1,58367,76215382,0,actual_torque_pct,5
2026-10-09T10:50:01.872,1,58367,76215382,0,engine_rpm,548.000
2026-10-09T10:50:01.882,1,58375,76225450,0,actual_torque_pct,5
2026-10-09T10:50:01.882,1,58375,76225450,0,engine_rpm,548.000
2026-10-09T10:50:01.891,1,58384,76234542,39,fuel_level_pct,1.2
2026-10-09T10:50:01.892,1,58386,76235701,0,engine_load_pct,9
2026-10-09T10:50:01.893,1,58387,76236266,0,actual_torque_pct,5
2026-10-09T10:50:01.893,1,58387,76236266,0,engine_rpm,548.000
2026-10-09T10:50:01.902,1,58394,76245446,0,actual_torque_pct,5
2026-10-09T10:50:01.902,1,58394,76245446,0,engine_rpm,548.000
2026-10-09T10:50:01.912,1,58399,76255376,0,actual_torque_pct,5
2026-10-09T10:50:01.912,1,58399,76255376,0,engine_rpm,548.000
2026-10-09T10:50:01.922,1,58405,76265370,0,actual_torque_pct,5
2026-10-09T10:50:01.922,1,58405,76265370,0,engine_rpm,548.000
2026-10-09T10:50:01.932,1,58412,76275380,0,actual_torque_pct,5
2026-10-09T10:50:01.932,1,58412,76275380,0,engine_rpm,548.000
2026-10-09T10:50:01.940,1,58420,76283968,39,vehicle_speed_kmh,0.000
2026-10-09T10:50:01.942,1,58423,76285714,0,engine_load_pct,9
2026-10-09T10:50:01.943,1,58424,76286274,0,actual_torque_pct,5
2026-10-09T10:50:01.943,1,58424,76286274,0,engine_rpm,548.000
2026-10-09T10:50:01.953,1,58431,76296747,0,actual_torque_pct,5
2026-10-09T10:50:01.953,1,58431,76296747,0,engine_rpm,548.000
2026-10-09T10:50:01.954,1,58432,76297337,0,fuel_rate_lph,1.40
2026-10-09T10:50:01.954,1,58432,76297337,0,fuel_econ_inst_kmpl,0.000
2026-10-09T10:50:01.962,1,58437,76305328,0,actual_torque_pct,5
2026-10-09T10:50:01.962,1,58437,76305328,0,engine_rpm,548.000
2026-10-09T10:50:01.972,1,58443,76315398,0,actual_torque_pct,5
2026-10-09T10:50:01.972,1,58443,76315398,0,engine_rpm,549.000
2026-10-09T10:50:01.982,1,58451,76325375,0,actual_torque_pct,5
2026-10-09T10:50:01.982,1,58451,76325375,0,engine_rpm,549.000
2026-10-09T10:50:01.991,1,58459,76333956,39,fuel_level_pct,1.2
2026-10-09T10:50:01.992,1,58462,76335723,0,engine_load_pct,9
2026-10-09T10:50:01.993,1,58463,76336275,0,actual_torque_pct,5
2026-10-09T10:50:01.993,1,58463,76336275,0,engine_rpm,549.000
2026-10-09T10:50:02.002,1,58470,76345378,0,actual_torque_pct,5
2026-10-09T10:50:02.002,1,58470,76345378,0,engine_rpm,549.000
2026-10-09T10:50:02.012,1,58475,76355427,0,actual_torque_pct,5
2026-10-09T10:50:02.012,1,58475,76355427,0,engine_rpm,550.000
2026-10-09T10:50:02.022,1,58481,76365357,0,actual_torque_pct,5
2026-10-09T10:50:02.022,1,58481,76365357,0,engine_rpm,550.000
2026-10-09T10:50:02.032,1,58490,76375327,0,actual_torque_pct,5
2026-10-09T10:50:02.032,1,58490,76375327,0,engine_rpm,550.000
2026-10-09T10:50:02.040,1,58498,76383960,39,vehicle_speed_kmh,0.000
2026-10-09T10:50:02.043,1,58502,76386657,0,actual_torque_pct,5
2026-10-09T10:50:02.043,1,58502,76386657,0,engine_rpm,550.000
2026-10-09T10:50:02.044,1,58503,76387241,0,engine_load_pct,9
2026-10-09T10:50:02.049,1,58509,76392829,0,boost_pressure_kpa,104
2026-10-09T10:50:02.049,1,58509,76392829,0,intake_manifold_temp_c,32
2026-10-09T10:50:02.052,1,58510,76395318,0,actual_torque_pct,5
2026-10-09T10:50:02.052,1,58510,76395318,0,engine_rpm,550.000
2026-10-09T10:50:02.053,1,58512,76396471,0,fuel_rate_lph,1.35
2026-10-09T10:50:02.053,1,58512,76396471,0,fuel_econ_inst_kmpl,0.000
2026-10-09T10:50:02.063,1,58517,76406415,0,actual_torque_pct,5
2026-10-09T10:50:02.063,1,58517,76406415,0,engine_rpm,549.000
2026-10-09T10:50:02.072,1,58523,76415275,0,actual_torque_pct,5
2026-10-09T10:50:02.072,1,58523,76415275,0,engine_rpm,549.000
2026-10-09T10:50:02.082,1,58531,76425286,0,actual_torque_pct,5
2026-10-09T10:50:02.082,1,58531,76425286,0,engine_rpm,549.000
2026-10-09T10:50:02.091,1,58540,76434534,39,fuel_level_pct,1.2
2026-10-09T10:50:02.093,1,58542,76435705,0,engine_load_pct,9
2026-10-09T10:50:02.093,1,58543,76436258,0,actual_torque_pct,5
2026-10-09T10:50:02.093,1,58543,76436258,0,engine_rpm,549.000
2026-10-09T10:50:02.102,1,58550,76445293,0,actual_torque_pct,5
2026-10-09T10:50:02.102,1,58550,76445293,0,engine_rpm,548.000
2026-10-09T10:50:02.112,1,58555,76455251,0,actual_torque_pct,5
2026-10-09T10:50:02.112,1,58555,76455251,0,engine_rpm,548.000
2026-10-09T10:50:02.122,1,58561,76465291,0,actual_torque_pct,5
2026-10-09T10:50:02.122,1,58561,76465291,0,engine_rpm,548.000
2026-10-09T10:50:02.132,1,58568,76475266,0,actual_torque_pct,5
2026-10-09T10:50:02.132,1,58568,76475266,0,engine_rpm,548.000
2026-10-09T10:50:02.141,1,58576,76483963,39,vehicle_speed_kmh,0.000
2026-10-09T10:50:02.142,1,58579,76485716,0,engine_load_pct,9
2026-10-09T10:50:02.143,1,58580,76486263,0,actual_torque_pct,5
2026-10-09T10:50:02.143,1,58580,76486263,0,engine_rpm,549.000
2026-10-09T10:50:02.146,1,58583,76490041,0,oil_pressure_kpa,408
2026-10-09T10:50:02.154,1,58588,76497162,0,actual_torque_pct,5
2026-10-09T10:50:02.154,1,58588,76497162,0,engine_rpm,549.000
2026-10-09T10:50:02.154,1,58589,76497761,0,fuel_rate_lph,1.40
2026-10-09T10:50:02.154,1,58589,76497761,0,fuel_econ_inst_kmpl,0.000
2026-10-09T10:50:02.162,1,58594,76505224,0,actual_torque_pct,5
2026-10-09T10:50:02.162,1,58594,76505224,0,engine_rpm,549.000
2026-10-09T10:50:02.172,1,58600,76515539,0,actual_torque_pct,5
2026-10-09T10:50:02.172,1,58600,76515539,0,engine_rpm,549.000
2026-10-09T10:50:02.182,1,58608,76525259,0,actual_torque_pct,5
2026-10-09T10:50:02.182,1,58608,76525259,0,engine_rpm,549.000
2026-10-09T10:50:02.192,1,58618,76535231,0,actual_torque_pct,5
2026-10-09T10:50:02.192,1,58618,76535231,0,engine_rpm,549.000
2026-10-09T10:50:02.192,1,58619,76535819,0,engine_load_pct,9
2026-10-09T10:50:02.193,1,58621,76536957,39,fuel_level_pct,1.2
2026-10-09T10:50:02.202,1,58627,76545224,0,actual_torque_pct,5
2026-10-09T10:50:02.202,1,58627,76545224,0,engine_rpm,549.000
2026-10-09T10:50:02.212,1,58632,76555230,0,actual_torque_pct,5
2026-10-09T10:50:02.212,1,58632,76555230,0,engine_rpm,549.000
2026-10-09T10:50:02.222,1,58638,76565238,0,actual_torque_pct,5
2026-10-09T10:50:02.222,1,58638,76565238,0,engine_rpm,549.000
2026-10-09T10:50:02.232,1,58645,76575224,0,actual_torque_pct,5
2026-10-09T10:50:02.232,1,58645,76575224,0,engine_rpm,549.000
2026-10-09T10:50:02.240,1,58653,76583968,39,vehicle_speed_kmh,0.000
2026-10-09T10:50:02.243,1,58657,76586666,0,actual_torque_pct,5
2026-10-09T10:50:02.243,1,58657,76586666,0,engine_rpm,549.000
2026-10-09T10:50:02.244,1,58658,76587247,0,engine_load_pct,9
2026-10-09T10:50:02.253,1,58664,76595230,0,actual_torque_pct,5
2026-10-09T10:50:02.253,1,58664,76595230,0,engine_rpm,549.000
2026-10-09T10:50:02.253,1,58665,76595809,0,fuel_rate_lph,1.40
2026-10-09T10:50:02.253,1,58665,76595809,0,fuel_econ_inst_kmpl,0.000
2026-10-09T10:50:02.263,1,58670,76606466,0,actual_torque_pct,5
2026-10-09T10:50:02.263,1,58670,76606466,0,engine_rpm,549.000
2026-10-09T10:50:02.272,1,58676,76615178,0,actual_torque_pct,5
2026-10-09T10:50:02.272,1,58676,76615178,0,engine_rpm,549.000
2026-10-09T10:50:02.282,1,58684,76625210,0,actual_torque_pct,5
2026-10-09T10:50:02.282,1,58684,76625210,0,engine_rpm,549.000
2026-10-09T10:50:02.291,1,58693,76634538,39,fuel_level_pct,1.2
2026-10-09T10:50:02.292,1,58695,76635715,0,engine_load_pct,9
2026-10-09T10:50:02.293,1,58696,76636266,0,actual_torque_pct,5
2026-10-09T10:50:02.293,1,58696,76636266,0,engine_rpm,549.000
2026-10-09T10:50:02.302,1,58703,76645192,0,actual_torque_pct,5
2026-10-09T10:50:02.302,1,58703,76645192,0,engine_rpm,548.000
2026-10-09T10:50:02.312,1,58709,76655143,0,actual_torque_pct,5
2026-10-09T10:50:02.312,1,58709,76655143,0,engine_rpm,548.000
2026-10-09T10:50:02.322,1,58715,76665151,0,actual_torque_pct,5
2026-10-09T10:50:02.322,1,58715,76665151,0,engine_rpm,548.000
2026-10-09T10:50:02.332,1,58722,76675165,0,actual_torque_pct,5
2026-10-09T10:50:02.332,1,58722,76675165,0,engine_rpm,548.000
2026-10-09T10:50:02.340,1,58730,76683966,39,vehicle_speed_kmh,0.000
2026-10-09T10:50:02.342,1,58733,76685728,0,engine_load_pct,9
2026-10-09T10:50:02.343,1,58734,76686272,0,actual_torque_pct,5
2026-10-09T10:50:02.343,1,58734,76686272,0,engine_rpm,547.000
2026-10-09T10:50:02.353,1,58741,76696550,0,actual_torque_pct,5
2026-10-09T10:50:02.353,1,58741,76696550,0,engine_rpm,547.000
2026-10-09T10:50:02.354,1,58742,76697136,0,fuel_rate_lph,1.45
2026-10-09T10:50:02.354,1,58742,76697136,0,fuel_econ_inst_kmpl,0.000
2026-10-09T10:50:02.362,1,58749,76705152,0,actual_torque_pct,5
2026-10-09T10:50:02.362,1,58749,76705152,0,engine_rpm,547.000
2026-10-09T10:50:02.373,1,58756,76716401,0,actual_torque_pct,5
2026-10-09T10:50:02.373,1,58756,76716401,0,engine_rpm,548.000
2026-10-09T10:50:02.382,1,58764,76725149,0,actual_torque_pct,5
2026-10-09T10:50:02.382,1,58764,76725149,0,engine_rpm,548.000
2026-10-09T10:50:02.391,1,58773,76734545,39,fuel_level_pct,1.2
2026-10-09T10:50:02.392,1,58775,76735703,0,engine_load_pct,9
2026-10-09T10:50:02.393,1,58776,76736278,0,actual_torque_pct,5
2026-10-09T10:50:02.393,1,58776,76736278,0,engine_rpm,548.000
2026-10-09T10:50:02.402,1,58784,76745160,0,actual_torque_pct,5
2026-10-09T10:50:02.402,1,58784,76745160,0,engine_rpm,548.000
2026-10-09T10:50:02.412,1,58789,76755124,0,actual_torque_pct,5
2026-10-09T10:50:02.412,1,58789,76755124,0,engine_rpm,549.000
2026-10-09T10:50:02.422,1,58795,76765129,0,actual_torque_pct,5
2026-10-09T10:50:02.422,1,58795,76765129,0,engine_rpm,549.000
2026-10-09T10:50:02.432,1,58802,76775130,0,actual_torque_pct,5
2026-10-09T10:50:02.432,1,58802,76775130,0,engine_rpm,549.000
2026-10-09T10:50:02.441,1,58810,76783974,39,vehicle_speed_kmh,0.000
2026-10-09T10:50:02.442,1,58812,76785135,0,engine_load_pct,9
2026-10-09T10:50:02.442,1,58813,76785713,0,actual_torque_pct,5
2026-10-09T10:50:02.442,1,58813,76785713,0,engine_rpm,549.000
2026-10-09T10:50:02.452,1,58821,76795099,0,actual_torque_pct,5
2026-10-09T10:50:02.452,1,58821,76795099,0,engine_rpm,549.000
2026-10-09T10:50:02.452,1,58822,76795700,0,fuel_rate_lph,1.40
2026-10-09T10:50:02.452,1,58822,76795700,0,fuel_econ_inst_kmpl,0.000
2026-10-09T10:50:02.463,1,58827,76806575,0,actual_torque_pct,5
2026-10-09T10:50:02.463,1,58827,76806575,0,engine_rpm,549.000
2026-10-09T10:50:02.472,1,58833,76815088,0,actual_torque_pct,5
2026-10-09T10:50:02.472,1,58833,76815088,0,engine_rpm,549.000
2026-10-09T10:50:02.482,1,58841,76825054,0,actual_torque_pct,5
2026-10-09T10:50:02.482,1,58841,76825054,0,engine_rpm,548.000
2026-10-09T10:50:02.492,1,58851,76835090,0,actual_torque_pct,5
2026-10-09T10:50:02.492,1,58851,76835090,0,engine_rpm,548.000
2026-10-09T10:50:02.492,1,58852,76835677,0,engine_load_pct,9
2026-10-09T10:50:02.493,1,58854,76836826,39,fuel_level_pct,1.2
2026-10-09T10:50:02.502,1,58860,76845120,0,actual_torque_pct,5
2026-10-09T10:50:02.502,1,58860,76845120,0,engine_rpm,548.000
2026-10-09T10:50:02.512,1,58865,76855083,0,actual_torque_pct,5
2026-10-09T10:50:02.512,1,58865,76855083,0,engine_rpm,548.000
2026-10-09T10:50:02.521,1,58871,76865041,0,actual_torque_pct,5
2026-10-09T10:50:02.521,1,58871,76865041,0,engine_rpm,548.000
2026-10-09T10:50:02.532,1,58878,76875063,0,actual_torque_pct,5
2026-10-09T10:50:02.532,1,58878,76875063,0,engine_rpm,548.000
2026-10-09T10:50:02.540,1,58886,76883962,39,vehicle_speed_kmh,0.000
2026-10-09T10:50:02.542,1,58889,76885715,0,engine_load_pct,9
2026-10-09T10:50:02.543,1,58890,76886275,0,actual_torque_pct,5
2026-10-09T10:50:02.543,1,58890,76886275,0,engine_rpm,547.000
2026-10-09T10:50:02.546,1,58894,76889875,0,boost_pressure_kpa,102
2026-10-09T10:50:02.546,1,58894,76889875,0,intake_manifold_temp_c,32
2026-10-09T10:50:02.553,1,58899,76896373,0,actual_torque_pct,5
2026-10-09T10:50:02.553,1,58899,76896373,0,engine_rpm,547.000
2026-10-09T10:50:02.555,1,58902,76898086,0,fuel_rate_lph,1.45
2026-10-09T10:50:02.555,1,58902,76898086,0,fuel_econ_inst_kmpl,0.000
2026-10-09T10:50:02.561,1,58907,76905020,0,actual_torque_pct,5
2026-10-09T10:50:02.561,1,58907,76905020,0,engine_rpm,547.000
2026-10-09T10:50:02.573,1,58913,76916137,0,actual_torque_pct,5
2026-10-09T10:50:02.573,1,58913,76916137,0,engine_rpm,547.000
2026-10-09T10:50:02.581,1,58921,76925035,0,actual_torque_pct,5
2026-10-09T10:50:02.581,1,58921,76925035,0,engine_rpm,547.000
2026-10-09T10:50:02.591,1,58930,76934549,39,fuel_level_pct,1.2
2026-10-09T10:50:02.592,1,58931,76935125,0,engine_load_pct,9
2026-10-09T10:50:02.592,1,58932,76935703,0,actual_torque_pct,5
2026-10-09T10:50:02.592,1,58932,76935703,0,engine_rpm,547.000
2026-10-09T10:50:02.601,1,58941,76945022,0,actual_torque_pct,5
2026-10-09T10:50:02.601,1,58941,76945022,0,engine_rpm,547.000
2026-10-09T10:50:02.611,1,58946,76954999,0,actual_torque_pct,5
2026-10-09T10:50:02.611,1,58946,76954999,0,engine_rpm,547.000
2026-10-09T10:50:02.621,1,58952,76965038,0,actual_torque_pct,5
2026-10-09T10:50:02.621,1,58952,76965038,0,engine_rpm,547.000
2026-10-09T10:50:02.631,1,58959,76975001,0,actual_torque_pct,5
2026-10-09T10:50:02.631,1,58959,76975001,0,engine_rpm,548.000
2026-10-09T10:50:02.640,1,58967,76983970,39,vehicle_speed_kmh,0.000
2026-10-09T10:50:02.642,1,58969,76985131,0,engine_load_pct,9
2026-10-09T10:50:02.642,1,58970,76985703,0,actual_torque_pct,5
2026-10-09T10:50:02.642,1,58970,76985703,0,engine_rpm,548.000
2026-10-09T10:50:02.649,1,58978,76992852,0,oil_pressure_kpa,404
2026-10-09T10:50:02.651,1,58979,76995014,0,actual_torque_pct,5
2026-10-09T10:50:02.651,1,58979,76995014,0,engine_rpm,548.000
2026-10-09T10:50:02.653,1,58982,76996729,0,fuel_rate_lph,1.45
2026-10-09T10:50:02.653,1,58982,76996729,0,fuel_econ_inst_kmpl,0.000
2026-10-09T10:50:02.663,1,58987,77006331,0,actual_torque_pct,5
2026-10-09T10:50:02.663,1,58987,77006331,0,engine_rpm,548.000
2026-10-09T10:50:02.671,1,58993,77014958,0,actual_torque_pct,5
2026-10-09T10:50:02.671,1,58993,77014958,0,engine_rpm,548.000
2026-10-09T10:50:02.682,1,59001,77025441,0,actual_torque_pct,5
2026-10-09T10:50:02.682,1,59001,77025441,0,engine_rpm,549.000
2026-10-09T10:50:02.693,1,59011,77034538,39,fuel_level_pct,1.2
2026-10-09T10:50:02.694,1,59013,77035714,0,engine_load_pct,9
2026-10-09T10:50:02.694,1,59014,77036275,0,actual_torque_pct,5
2026-10-09T10:50:02.694,1,59014,77036275,0,engine_rpm,549.000
2026-10-09T10:50:02.701,1,59022,77044995,0,actual_torque_pct,5
2026-10-09T10:50:02.701,1,59022,77044995,0,engine_rpm,548.000
2026-10-09T10:50:02.711,1,59029,77054932,0,actual_torque_pct,5
2026-10-09T10:50:02.711,1,59029,77054932,0,engine_rpm,548.000
2026-10-09T10:50:02.721,1,59035,77064948,0,actual_torque_pct,5
2026-10-09T10:50:02.721,1,59035,77064948,0,engine_rpm,547.000
2026-10-09T10:50:02.731,1,59042,77074949,0,actual_torque_pct,5
2026-10-09T10:50:02.731,1,59042,77074949,0,engine_rpm,547.000
2026-10-09T10:50:02.740,1,59050,77083970,39,vehicle_speed_kmh,0.000
2026-10-09T10:50:02.742,1,59052,77085147,0,engine_load_pct,10
2026-10-09T10:50:02.742,1,59053,77085695,0,actual_torque_pct,5
2026-10-09T10:50:02.742,1,59053,77085695,0,engine_rpm,547.000
2026-10-09T10:50:02.746,1,59057,77089739,0,coolant_temp_c,33
2026-10-09T10:50:02.746,1,59057,77089739,0,fuel_temp_c,32
2026-10-09T10:50:02.746,1,59057,77089739,0,oil_temp_c,34.09
2026-10-09T10:50:02.751,1,59062,77094939,0,actual_torque_pct,5
2026-10-09T10:50:02.751,1,59062,77094939,0,engine_rpm,547.000
2026-10-09T10:50:02.753,1,59065,77096639,0,fuel_rate_lph,1.45
2026-10-09T10:50:02.753,1,59065,77096639,0,fuel_econ_inst_kmpl,0.000
2026-10-09T10:50:02.761,1,59070,77104919,0,actual_torque_pct,5
2026-10-09T10:50:02.761,1,59070,77104919,0,engine_rpm,546.000
2026-10-09T10:50:02.773,1,59076,77116257,0,actual_torque_pct,5
2026-10-09T10:50:02.773,1,59076,77116257,0,engine_rpm,546.000
2026-10-09T10:50:02.781,1,59084,77124947,0,actual_torque_pct,5
2026-10-09T10:50:02.781,1,59084,77124947,0,engine_rpm,546.000
2026-10-09T10:50:02.791,1,59093,77134545,39,fuel_level_pct,1.2
2026-10-09T10:50:02.792,1,59094,77135136,0,engine_load_pct,10
2026-10-09T10:50:02.793,1,59095,77135688,0,actual_torque_pct,5
2026-10-09T10:50:02.793,1,59095,77135688,0,engine_rpm,546.000
2026-10-09T10:50:02.801,1,59104,77144866,0,actual_torque_pct,5
2026-10-09T10:50:02.801,1,59104,77144866,0,engine_rpm,546.000
2026-10-09T10:50:02.811,1,59111,77154887,0,actual_torque_pct,5
2026-10-09T10:50:02.811,1,59111,77154887,0,engine_rpm,547.000
2026-10-09T10:50:02.821,1,59117,77164917,0,actual_torque_pct,5
2026-10-09T10:50:02.821,1,59117,77164917,0,engine_rpm,547.000
2026-10-09T10:50:02.831,1,59124,77174898,0,actual_torque_pct,5
2026-10-09T10:50:02.831,1,59124,77174898,0,engine_rpm,547.000
2026-10-09T10:50:02.841,1,59132,77183996,39,vehicle_speed_kmh,0.000
2026-10-09T10:50:02.842,1,59134,77185174,0,engine_load_pct,10
2026-10-09T10:50:02.843,1,59135,77185720,0,actual_torque_pct,5
2026-10-09T10:50:02.843,1,59135,77185720,0,engine_rpm,547.000
2026-10-09T10:50:02.851,1,59144,77194924,0,actual_torque_pct,5
2026-10-09T10:50:02.851,1,59144,77194924,0,engine_rpm,548.000
2026-10-09T10:50:02.853,1,59146,77196090,0,fuel_rate_lph,1.45
2026-10-09T10:50:02.853,1,59146,77196090,0,fuel_econ_inst_kmpl,0.000
2026-10-09T10:50:02.863,1,59152,77206322,0,actual_torque_pct,5
2026-10-09T10:50:02.863,1,59152,77206322,0,engine_rpm,548.000
2026-10-09T10:50:02.864,1,59154,77207446,0,engine_hours,40.25
2026-10-09T10:50:02.871,1,59159,77214858,0,actual_torque_pct,5
2026-10-09T10:50:02.871,1,59159,77214858,0,engine_rpm,548.000
2026-10-09T10:50:02.883,1,59168,77226586,0,actual_torque_pct,5
2026-10-09T10:50:02.883,1,59168,77226586,0,engine_rpm,548.000
2026-10-09T10:50:02.891,1,59176,77234552,39,fuel_level_pct,1.2
2026-10-09T10:50:02.892,1,59177,77235126,0,engine_load_pct,10
2026-10-09T10:50:02.892,1,59178,77235683,0,actual_torque_pct,5
2026-10-09T10:50:02.892,1,59178,77235683,0,engine_rpm,548.000
2026-10-09T10:50:02.901,1,59186,77244879,0,actual_torque_pct,5
2026-10-09T10:50:02.901,1,59186,77244879,0,engine_rpm,548.000
2026-10-09T10:50:02.911,1,59191,77254825,0,actual_torque_pct,5
2026-10-09T10:50:02.911,1,59191,77254825,0,engine_rpm,548.000
2026-10-09T10:50:02.922,1,59197,77264829,0,actual_torque_pct,5
2026-10-09T10:50:02.922,1,59197,77264829,0,engine_rpm,548.000
2026-10-09T10:50:02.931,1,59204,77274840,0,actual_torque_pct,5
2026-10-09T10:50:02.931,1,59204,77274840,0,engine_rpm,548.000
2026-10-09T10:50:02.941,1,59212,77283991,39,vehicle_speed_kmh,0.000
2026-10-09T10:50:02.942,1,59214,77285151,0,engine_load_pct,10
2026-10-09T10:50:02.942,1,59215,77285703,0,actual_torque_pct,5
2026-10-09T10:50:02.942,1,59215,77285703,0,engine_rpm,547.000
2026-10-09T10:50:02.951,1,59223,77294811,0,actual_torque_pct,5
2026-10-09T10:50:02.951,1,59223,77294811,0,engine_rpm,547.000
2026-10-09T10:50:02.952,1,59224,77295388,0,fuel_rate_lph,1.45
2026-10-09T10:50:02.952,1,59224,77295388,0,fuel_econ_inst_kmpl,0.000
2026-10-09T10:50:02.961,1,59229,77304801,0,actual_torque_pct,5
2026-10-09T10:50:02.961,1,59229,77304801,0,engine_rpm,547.000
2026-10-09T10:50:02.973,1,59235,77316235,0,actual_torque_pct,5
2026-10-09T10:50:02.973,1,59235,77316235,0,engine_rpm,547.000
2026-10-09T10:50:02.981,1,59243,77324825,0,actual_torque_pct,5
2026-10-09T10:50:02.981,1,59243,77324825,0,engine_rpm,546.000
2026-10-09T10:50:02.991,1,59252,77334563,39,fuel_level_pct,1.2
2026-10-09T10:50:02.992,1,59254,77335705,0,engine_load_pct,10
2026-10-09T10:50:02.993,1,59255,77336273,0,actual_torque_pct,5
2026-10-09T10:50:02.993,1,59255,77336273,0,engine_rpm,546.000
2026-10-09T10:50:03.001,1,59262,77344782,0,actual_torque_pct,5
2026-10-09T10:50:03.001,1,59262,77344782,0,engine_rpm,546.000
2026-10-09T10:50:03.011,1,59267,77354790,0,actual_torque_pct,5
2026-10-09T10:50:03.011,1,59267,77354790,0,engine_rpm,546.000
2026-10-09T10:50:03.022,1,59273,77364814,0,actual_torque_pct,5
2026-10-09T10:50:03.022,1,59273,77364814,0,engine_rpm,546.000
2026-10-09T10:50:03.031,1,59282,77374795,0,actual_torque_pct,5
2026-10-09T10:50:03.031,1,59282,77374795,0,engine_rpm,546.000
2026-10-09T10:50:03.040,1,59290,77383961,39,vehicle_speed_kmh,0.000
2026-10-09T10:50:03.042,1,59292,77385143,0,engine_load_pct,10
2026-10-09T10:50:03.042,1,59293,77385693,0,actual_torque_pct,5
2026-10-09T10:50:03.042,1,59293,77385693,0,engine_rpm,546.000
2026-10-09T10:50:03.049,1,59301,77392847,0,boost_pressure_kpa,102
2026-10-09T10:50:03.049,1,59301,77392847,0,intake_manifold_temp_c,32
2026-10-09T10:50:03.051,1,59302,77394790,0,actual_torque_pct,5
2026-10-09T10:50:03.051,1,59302,77394790,0,engine_rpm,547.000
2026-10-09T10:50:03.052,1,59304,77395956,0,fuel_rate_lph,1.50
2026-10-09T10:50:03.052,1,59304,77395956,0,fuel_econ_inst_kmpl,0.000
2026-10-09T10:50:03.062,1,59309,77404840,0,actual_torque_pct,5
2026-10-09T10:50:03.062,1,59309,77404840,0,engine_rpm,547.000
2026-10-09T10:50:03.071,1,59315,77414748,0,actual_torque_pct,5
2026-10-09T10:50:03.071,1,59315,77414748,0,engine_rpm,548.000
2026-10-09T10:50:03.083,1,59324,77426595,0,actual_torque_pct,5
2026-10-09T10:50:03.083,1,59324,77426595,0,engine_rpm,548.000
2026-10-09T10:50:03.092,1,59333,77435109,0,engine_load_pct,10
2026-10-09T10:50:03.092,1,59334,77435669,0,actual_torque_pct,5
2026-10-09T10:50:03.092,1,59334,77435669,0,engine_rpm,548.000
2026-10-09T10:50:03.093,1,59336,77436810,39,fuel_level_pct,1.2
2026-10-09T10:50:03.102,1,59342,77445044,0,actual_torque_pct,5
2026-10-09T10:50:03.102,1,59342,77445044,0,engine_rpm,548.000
2026-10-09T10:50:03.111,1,59347,77454740,0,actual_torque_pct,5
2026-10-09T10:50:03.111,1,59347,77454740,0,engine_rpm,548.000
2026-10-09T10:50:03.121,1,59353,77464725,0,actual_torque_pct,5
2026-10-09T10:50:03.121,1,59353,77464725,0,engine_rpm,548.000
2026-10-09T10:50:03.131,1,59360,77474733,0,actual_torque_pct,5
2026-10-09T10:50:03.131,1,59360,77474733,0,engine_rpm,548.000
2026-10-09T10:50:03.141,1,59368,77484024,39,vehicle_speed_kmh,0.000
2026-10-09T10:50:03.142,1,59370,77485192,0,engine_load_pct,10
2026-10-09T10:50:03.142,1,59371,77485764,0,actual_torque_pct,5
2026-10-09T10:50:03.142,1,59371,77485764,0,engine_rpm,547.000
2026-10-09T10:50:03.146,1,59375,77489522,0,oil_pressure_kpa,404
2026-10-09T10:50:03.151,1,59380,77494706,0,actual_torque_pct,5
2026-10-09T10:50:03.151,1,59380,77494706,0,engine_rpm,547.000
2026-10-09T10:50:03.153,1,59381,77495291,0,fuel_rate_lph,1.50
2026-10-09T10:50:03.153,1,59381,77495291,0,fuel_econ_inst_kmpl,0.000
2026-10-09T10:50:03.162,1,59386,77504695,0,actual_torque_pct,5
2026-10-09T10:50:03.162,1,59386,77504695,0,engine_rpm,547.000
2026-10-09T10:50:03.171,1,59392,77514695,0,actual_torque_pct,5
2026-10-09T10:50:03.171,1,59392,77514695,0,engine_rpm,547.000
2026-10-09T10:50:03.181,1,59400,77524764,0,actual_torque_pct,5
2026-10-09T10:50:03.181,1,59400,77524764,0,engine_rpm,547.000
2026-10-09T10:50:03.193,1,59411,77536686,0,engine_load_pct,10
2026-10-09T10:50:03.194,1,59412,77537236,0,actual_torque_pct,5
2026-10-09T10:50:03.194,1,59412,77537236,0,engine_rpm,547.000
2026-10-09T10:50:03.194,1,59413,77537812,39,fuel_level_pct,1.2
2026-10-09T10:50:03.201,1,59419,77544652,0,actual_torque_pct,5
2026-10-09T10:50:03.201,1,59419,77544652,0,engine_rpm,547.000
2026-10-09T10:50:03.211,1,59424,77554680,0,actual_torque_pct,5
2026-10-09T10:50:03.211,1,59424,77554680,0,engine_rpm,547.000
2026-10-09T10:50:03.221,1,59430,77564704,0,actual_torque_pct,5
2026-10-09T10:50:03.221,1,59430,77564704,0,engine_rpm,547.000
2026-10-09T10:50:03.231,1,59437,77574678,0,actual_torque_pct,5
2026-10-09T10:50:03.231,1,59437,77574678,0,engine_rpm,547.000
2026-10-09T10:50:03.240,1,59445,77583974,39,vehicle_speed_kmh,0.000
2026-10-09T10:50:03.242,1,59447,77585131,0,engine_load_pct,10
2026-10-09T10:50:03.242,1,59448,77585704,0,actual_torque_pct,5
2026-10-09T10:50:03.242,1,59448,77585704,0,engine_rpm,547.000
2026-10-09T10:50:03.251,1,59456,77594687,0,actual_torque_pct,5
2026-10-09T10:50:03.251,1,59456,77594687,0,engine_rpm,547.000
2026-10-09T10:50:03.252,1,59457,77595264,0,fuel_rate_lph,1.50
2026-10-09T10:50:03.252,1,59457,77595264,0,fuel_econ_inst_kmpl,0.000
2026-10-09T10:50:03.261,1,59462,77604693,0,actual_torque_pct,5
2026-10-09T10:50:03.261,1,59462,77604693,0,engine_rpm,547.000
2026-10-09T10:50:03.271,1,59468,77614655,0,actual_torque_pct,5
2026-10-09T10:50:03.271,1,59468,77614655,0,engine_rpm,547.000
2026-10-09T10:50:03.283,1,59476,77625958,0,actual_torque_pct,5
2026-10-09T10:50:03.283,1,59476,77625958,0,engine_rpm,547.000
2026-10-09T10:50:03.292,1,59486,77635112,0,engine_load_pct,10
2026-10-09T10:50:03.292,1,59487,77635685,0,actual_torque_pct,5
2026-10-09T10:50:03.292,1,59487,77635685,0,engine_rpm,548.000
2026-10-09T10:50:03.293,1,59489,77636819,39,fuel_level_pct,1.2
2026-10-09T10:50:03.303,1,59495,77645612,0,actual_torque_pct,5
2026-10-09T10:50:03.303,1,59495,77645612,0,engine_rpm,548.000
2026-10-09T10:50:03.311,1,59501,77654617,0,actual_torque_pct,5
2026-10-09T10:50:03.311,1,59501,77654617,0,engine_rpm,548.000
2026-10-09T10:50:03.321,1,59507,77664630,0,actual_torque_pct,5
2026-10-09T10:50:03.321,1,59507,77664630,0,engine_rpm,548.000
2026-10-09T10:50:03.331,1,59514,77674678,0,actual_torque_pct,5
2026-10-09T10:50:03.331,1,59514,77674678,0,engine_rpm,548.000
2026-10-09T10:50:03.340,1,59522,77683983,39,vehicle_speed_kmh,0.000
2026-10-09T10:50:03.342,1,59524,77685136,0,engine_load_pct,10
2026-10-09T10:50:03.343,1,59525,77685701,0,actual_torque_pct,5
2026-10-09T10:50:03.343,1,59525,77685701,0,engine_rpm,548.000
2026-10-09T10:50:03.351,1,59533,77694599,0,actual_torque_pct,5
2026-10-09T10:50:03.351,1,59533,77694599,0,engine_rpm,548.000
2026-10-09T10:50:03.352,1,59534,77695178,0,fuel_rate_lph,1.50
2026-10-09T10:50:03.352,1,59534,77695178,0,fuel_econ_inst_kmpl,0.000
2026-10-09T10:50:03.361,1,59541,77704613,0,actual_torque_pct,7
2026-10-09T10:50:03.361,1,59541,77704613,0,engine_rpm,548.000
2026-10-09T10:50:03.371,1,59548,77714751,0,actual_torque_pct,7
2026-10-09T10:50:03.371,1,59548,77714751,0,engine_rpm,548.000
2026-10-09T10:50:03.381,1,59556,77724626,0,actual_torque_pct,7
2026-10-09T10:50:03.381,1,59556,77724626,0,engine_rpm,548.000
2026-10-09T10:50:03.392,1,59566,77735125,39,fuel_level_pct,1.2
2026-10-09T10:50:03.392,1,59567,77735911,0,actual_torque_pct,7
2026-10-09T10:50:03.392,1,59567,77735911,0,engine_rpm,548.000
2026-10-09T10:50:03.393,1,59568,77736491,0,engine_load_pct,14
2026-10-09T10:50:03.401,1,59576,77744602,0,actual_torque_pct,9
2026-10-09T10:50:03.401,1,59576,77744602,0,engine_rpm,547.000
2026-10-09T10:50:03.411,1,59581,77754959,0,actual_torque_pct,10
2026-10-09T10:50:03.411,1,59581,77754959,0,engine_rpm,548.000
2026-10-09T10:50:03.421,1,59587,77764629,0,actual_torque_pct,10
2026-10-09T10:50:03.421,1,59587,77764629,0,engine_rpm,548.000
2026-10-09T10:50:03.431,1,59594,77774726,0,actual_torque_pct,11
2026-10-09T10:50:03.431,1,59594,77774726,0,engine_rpm,549.000
2026-10-09T10:50:03.440,1,59602,77783974,39,vehicle_speed_kmh,0.000
2026-10-09T10:50:03.442,1,59604,77785150,0,engine_load_pct,22
2026-10-09T10:50:03.442,1,59605,77785722,0,actual_torque_pct,11
2026-10-09T10:50:03.442,1,59605,77785722,0,engine_rpm,549.000
2026-10-09T10:50:03.451,1,59613,77794638,0,actual_torque_pct,11
2026-10-09T10:50:03.451,1,59613,77794638,0,engine_rpm,551.000
2026-10-09T10:50:03.452,1,59614,77795226,0,fuel_rate_lph,3.25
2026-10-09T10:50:03.452,1,59614,77795226,0,fuel_econ_inst_kmpl,0.000
2026-10-09T10:50:03.461,1,59619,77804605,0,actual_torque_pct,11
2026-10-09T10:50:03.461,1,59619,77804605,0,engine_rpm,551.000
2026-10-09T10:50:03.471,1,59625,77814616,0,actual_torque_pct,10
2026-10-09T10:50:03.471,1,59625,77814616,0,engine_rpm,553.000
2026-10-09T10:50:03.482,1,59633,77825973,0,actual_torque_pct,10
2026-10-09T10:50:03.482,1,59633,77825973,0,engine_rpm,553.000
2026-10-09T10:50:03.492,1,59643,77835124,0,engine_load_pct,22
2026-10-09T10:50:03.492,1,59644,77835675,0,actual_torque_pct,11
2026-10-09T10:50:03.492,1,59644,77835675,0,engine_rpm,555.000
2026-10-09T10:50:03.493,1,59646,77836820,39,fuel_level_pct,1.2
2026-10-09T10:50:03.501,1,59652,77844980,0,actual_torque_pct,11
2026-10-09T10:50:03.501,1,59652,77844980,0,engine_rpm,557.000
2026-10-09T10:50:03.511,1,59657,77854546,0,actual_torque_pct,11
2026-10-09T10:50:03.511,1,59657,77854546,0,engine_rpm,557.000
2026-10-09T10:50:03.521,1,59663,77864539,0,actual_torque_pct,12
2026-10-09T10:50:03.521,1,59663,77864539,0,engine_rpm,559.000
2026-10-09T10:50:03.531,1,59670,77874576,0,actual_torque_pct,12
2026-10-09T10:50:03.531,1,59670,77874576,0,engine_rpm,559.000
2026-10-09T10:50:03.540,1,59678,77883951,39,vehicle_speed_kmh,0.000
2026-10-09T10:50:03.542,1,59680,77885123,0,engine_load_pct,26
2026-10-09T10:50:03.542,1,59681,77885680,0,actual_torque_pct,13
2026-10-09T10:50:03.542,1,59681,77885680,0,engine_rpm,561.000
2026-10-09T10:50:03.546,1,59686,77889380,0,boost_pressure_kpa,102
2026-10-09T10:50:03.546,1,59686,77889380,0,intake_manifold_temp_c,32
2026-10-09T10:50:03.551,1,59691,77894543,0,actual_torque_pct,13
2026-10-09T10:50:03.551,1,59691,77894543,0,engine_rpm,561.000
2026-10-09T10:50:03.553,1,59694,77896258,0,fuel_rate_lph,3.80
2026-10-09T10:50:03.553,1,59694,77896258,0,fuel_econ_inst_kmpl,0.000
2026-10-09T10:50:03.561,1,59699,77904507,0,actual_torque_pct,13
2026-10-09T10:50:03.561,1,59699,77904507,0,engine_rpm,562.000
2026-10-09T10:50:03.572,1,59705,77915815,0,actual_torque_pct,13
2026-10-09T10:50:03.572,1,59705,77915815,0,engine_rpm,562.000
2026-10-09T10:50:03.581,1,59713,77924519,0,actual_torque_pct,14
2026-10-09T10:50:03.581,1,59713,77924519,0,engine_rpm,563.000
2026-10-09T10:50:03.591,1,59722,77934554,0,engine_load_pct,28
2026-10-09T10:50:03.592,1,59723,77935107,0,actual_torque_pct,14
2026-10-09T10:50:03.592,1,59723,77935107,0,engine_rpm,565.000
2026-10-09T10:50:03.593,1,59726,77936815,39,fuel_level_pct,1.2
2026-10-09T10:50:03.601,1,59733,77944477,0,actual_torque_pct,14
2026-10-09T10:50:03.601,1,59733,77944477,0,engine_rpm,565.000
2026-10-09T10:50:03.611,1,59738,77954505,0,actual_torque_pct,15
2026-10-09T10:50:03.611,1,59738,77954505,0,engine_rpm,569.000
2026-10-09T10:50:03.621,1,59744,77964557,0,actual_torque_pct,15
2026-10-09T10:50:03.621,1,59744,77964557,0,engine_rpm,569.000
2026-10-09T10:50:03.631,1,59751,77974495,0,actual_torque_pct,15
2026-10-09T10:50:03.631,1,59751,77974495,0,engine_rpm,572.000
2026-10-09T10:50:03.640,1,59759,77983983,39,vehicle_speed_kmh,0.000
2026-10-09T10:50:03.642,1,59762,77985763,0,actual_torque_pct,15
2026-10-09T10:50:03.642,1,59762,77985763,0,engine_rpm,577.000
2026-10-09T10:50:03.643,1,59763,77986344,0,engine_load_pct,30
2026-10-09T10:50:03.647,1,59766,77990395,0,oil_pressure_kpa,408
2026-10-09T10:50:03.652,1,59771,77994808,0,actual_torque_pct,15
2026-10-09T10:50:03.652,1,59771,77994808,0,engine_rpm,577.000
2026-10-09T10:50:03.653,1,59774,77996519,0,fuel_rate_lph,4.45
2026-10-09T10:50:03.653,1,59774,77996519,0,fuel_econ_inst_kmpl,0.000
2026-10-09T10:50:03.661,1,59779,78004484,0,actual_torque_pct,15
2026-10-09T10:50:03.661,1,59779,78004484,0,engine_rpm,582.000
2026-10-09T10:50:03.671,1,59785,78014445,0,actual_torque_pct,15
2026-10-09T10:50:03.671,1,59785,78014445,0,engine_rpm,582.000
2026-10-09T10:50:03.681,1,59793,78024454,0,actual_torque_pct,16
2026-10-09T10:50:03.681,1,59793,78024454,0,engine_rpm,586.000
2026-10-09T10:50:03.692,1,59804,78035113,39,fuel_level_pct,1.2
2026-10-09T10:50:03.693,1,59805,78035841,0,actual_torque_pct,16
2026-10-09T10:50:03.693,1,59805,78035841,0,engine_rpm,586.000
2026-10-09T10:50:03.694,1,59806,78036437,0,engine_load_pct,31
2026-10-09T10:50:03.701,1,59814,78044457,0,actual_torque_pct,16
2026-10-09T10:50:03.701,1,59814,78044457,0,engine_rpm,590.000
2026-10-09T10:50:03.711,1,59821,78054442,0,actual_torque_pct,16
2026-10-09T10:50:03.711,1,59821,78054442,0,engine_rpm,595.000
2026-10-09T10:50:03.721,1,59827,78064425,0,actual_torque_pct,16
2026-10-09T10:50:03.721,1,59827,78064425,0,engine_rpm,595.000
2026-10-09T10:50:03.731,1,59834,78074458,0,actual_torque_pct,16
2026-10-09T10:50:03.731,1,59834,78074458,0,engine_rpm,600.000
2026-10-09T10:50:03.740,1,59842,78083968,39,vehicle_speed_kmh,0.000
2026-10-09T10:50:03.742,1,59845,78085839,0,actual_torque_pct,16
2026-10-09T10:50:03.742,1,59845,78085839,0,engine_rpm,600.000
2026-10-09T10:50:03.743,1,59846,78086404,0,engine_load_pct,31
2026-10-09T10:50:03.747,1,59849,78090439,0,coolant_temp_c,33
2026-10-09T10:50:03.747,1,59849,78090439,0,fuel_temp_c,32
2026-10-09T10:50:03.747,1,59849,78090439,0,oil_temp_c,34.19
2026-10-09T10:50:03.751,1,59854,78094428,0,actual_torque_pct,16
2026-10-09T10:50:03.751,1,59854,78094428,0,engine_rpm,605.000
2026-10-09T10:50:03.753,1,59857,78096140,0,fuel_rate_lph,5.00
2026-10-09T10:50:03.753,1,59857,78096140,0,fuel_econ_inst_kmpl,0.000
2026-10-09T10:50:03.761,1,59862,78104375,0,actual_torque_pct,16
2026-10-09T10:50:03.761,1,59862,78104375,0,engine_rpm,610.000
2026-10-09T10:50:03.771,1,59868,78114402,0,actual_torque_pct,16
2026-10-09T10:50:03.771,1,59868,78114402,0,engine_rpm,610.000
2026-10-09T10:50:03.781,1,59876,78124423,0,actual_torque_pct,16
2026-10-09T10:50:03.781,1,59876,78124423,0,engine_rpm,614.000
2026-10-09T10:50:03.792,1,59886,78135139,0,engine_load_pct,32
2026-10-09T10:50:03.792,1,59887,78135712,0,actual_torque_pct,16
2026-10-09T10:50:03.792,1,59887,78135712,0,engine_rpm,619.000
2026-10-09T10:50:03.794,1,59890,78137424,39,fuel_level_pct,1.2
2026-10-09T10:50:03.801,1,59896,78144456,0,actual_torque_pct,16
2026-10-09T10:50:03.801,1,59896,78144456,0,engine_rpm,619.000
2026-10-09T10:50:03.811,1,59903,78154427,0,actual_torque_pct,16
2026-10-09T10:50:03.811,1,59903,78154427,0,engine_rpm,623.000
2026-10-09T10:50:03.822,1,59909,78165928,0,actual_torque_pct,16
2026-10-09T10:50:03.822,1,59909,78165928,0,engine_rpm,623.000
2026-10-09T10:50:03.831,1,59916,78174385,0,actual_torque_pct,16
2026-10-09T10:50:03.831,1,59916,78174385,0,engine_rpm,628.000
2026-10-09T10:50:03.840,1,59924,78183987,39,vehicle_speed_kmh,0.000
2026-10-09T10:50:03.841,1,59925,78184598,0,engine_load_pct,34
2026-10-09T10:50:03.842,1,59926,78185146,0,actual_torque_pct,16
2026-10-09T10:50:03.842,1,59926,78185146,0,engine_rpm,633.000
2026-10-09T10:50:03.851,1,59936,78194383,0,actual_torque_pct,16
2026-10-09T10:50:03.851,1,59936,78194383,0,engine_rpm,633.000
2026-10-09T10:50:03.852,1,59938,78195545,0,fuel_rate_lph,5.45
2026-10-09T10:50:03.852,1,59938,78195545,0,fuel_econ_inst_kmpl,0.000
2026-10-09T10:50:03.861,1,59944,78204382,0,actual_torque_pct,16
2026-10-09T10:50:03.861,1,59944,78204382,0,engine_rpm,639.000
2026-10-09T10:50:03.871,1,59950,78214360,0,actual_torque_pct,16
2026-10-09T10:50:03.871,1,59950,78214360,0,engine_rpm,645.000
2026-10-09T10:50:03.872,1,59952,78215540,0,engine_hours,40.25
2026-10-09T10:50:03.881,1,59959,78224336,0,actual_torque_pct,16
2026-10-09T10:50:03.881,1,59959,78224336,0,engine_rpm,645.000
2026-10-09T10:50:03.891,1,59968,78234506,0,engine_load_pct,34
2026-10-09T10:50:03.892,1,59969,78235082,0,actual_torque_pct,16
2026-10-09T10:50:03.892,1,59969,78235082,0,engine_rpm,650.000
2026-10-09T10:50:03.892,1,59970,78235655,39,fuel_level_pct,1.2
2026-10-09T10:50:03.901,1,59978,78244379,0,actual_torque_pct,15
2026-10-09T10:50:03.901,1,59978,78244379,0,engine_rpm,655.000
2026-10-09T10:50:03.911,1,59983,78254340,0,actual_torque_pct,15
2026-10-09T10:50:03.911,1,59983,78254340,0,engine_rpm,655.000
2026-10-09T10:50:03.921,1,59989,78264312,0,actual_torque_pct,15
2026-10-09T10:50:03.921,1,59989,78264312,0,engine_rpm,660.000
2026-10-09T10:50:03.932,1,59996,78274331,0,actual_torque_pct,13
2026-10-09T10:50:03.932,1,59996,78274331,0,engine_rpm,665.000
2026-10-09T10:50:03.940,1,60004,78283977,39,vehicle_speed_kmh,0.000
2026-10-09T10:50:03.941,1,60005,78284558,0,engine_load_pct,29
2026-10-09T10:50:03.942,1,60006,78285133,0,actual_torque_pct,13
2026-10-09T10:50:03.942,1,60006,78285133,0,engine_rpm,665.000
2026-10-09T10:50:03.951,1,60015,78294348,0,actual_torque_pct,13
2026-10-09T10:50:03.951,1,60015,78294348,0,engine_rpm,669.000
2026-10-09T10:50:03.951,1,60016,78294933,0,fuel_rate_lph,4.80
2026-10-09T10:50:03.951,1,60016,78294933,0,fuel_econ_inst_kmpl,0.000
2026-10-09T10:50:03.961,1,60021,78304293,0,actual_torque_pct,11
2026-10-09T10:50:03.961,1,60021,78304293,0,engine_rpm,672.000
2026-10-09T10:50:03.971,1,60027,78314309,0,actual_torque_pct,11
2026-10-09T10:50:03.971,1,60027,78314309,0,engine_rpm,672.000
2026-10-09T10:50:03.981,1,60035,78324361,0,actual_torque_pct,9
2026-10-09T10:50:03.981,1,60035,78324361,0,engine_rpm,676.000
2026-10-09T10:50:03.991,1,60044,78334493,0,engine_load_pct,11
2026-10-09T10:50:03.992,1,60045,78335081,0,actual_torque_pct,5
2026-10-09T10:50:03.992,1,60045,78335081,0,engine_rpm,679.000
2026-10-09T10:50:03.992,1,60046,78335654,39,fuel_level_pct,1.2
2026-10-09T10:50:04.001,1,60054,78344283,0,actual_torque_pct,5
2026-10-09T10:50:04.001,1,60054,78344283,0,engine_rpm,679.000
2026-10-09T10:50:04.011,1,60059,78354286,0,actual_torque_pct,5
2026-10-09T10:50:04.011,1,60059,78354286,0,engine_rpm,680.000
2026-10-09T10:50:04.021,1,60065,78364306,0,actual_torque_pct,4
2026-10-09T10:50:04.021,1,60065,78364306,0,engine_rpm,680.000
2026-10-09T10:50:04.032,1,60074,78375700,0,actual_torque_pct,4
2026-10-09T10:50:04.032,1,60074,78375700,0,engine_rpm,680.000
2026-10-09T10:50:04.040,1,60082,78383989,39,vehicle_speed_kmh,0.000
2026-10-09T10:50:04.041,1,60083,78384563,0,engine_load_pct,2
2026-10-09T10:50:04.042,1,60084,78385131,0,actual_torque_pct,1
2026-10-09T10:50:04.042,1,60084,78385131,0,engine_rpm,680.000
2026-10-09T10:50:04.049,1,60093,78392851,0,boost_pressure_kpa,100
2026-10-09T10:50:04.049,1,60093,78392851,0,intake_manifold_temp_c,32
2026-10-09T10:50:04.051,1,60094,78394261,0,actual_torque_pct,0
2026-10-09T10:50:04.051,1,60094,78394261,0,engine_rpm,678.000
2026-10-09T10:50:04.052,1,60096,78395424,0,fuel_rate_lph,1.50
2026-10-09T10:50:04.052,1,60096,78395424,0,fuel_econ_inst_kmpl,0.000
2026-10-09T10:50:04.062,1,60101,78405609,0,actual_torque_pct,0
2026-10-09T10:50:04.062,1,60101,78405609,0,engine_rpm,678.000
2026-10-09T10:50:04.071,1,60107,78414215,0,actual_torque_pct,0
2026-10-09T10:50:04.071,1,60107,78414215,0,engine_rpm,676.000
2026-10-09T10:50:04.081,1,60115,78424201,0,actual_torque_pct,0
2026-10-09T10:50:04.081,1,60115,78424201,0,engine_rpm,676.000
2026-10-09T10:50:04.091,1,60124,78434575,39,fuel_level_pct,1.2
2026-10-09T10:50:04.092,1,60126,78435729,0,engine_load_pct,0
2026-10-09T10:50:04.093,1,60127,78436286,0,actual_torque_pct,0
2026-10-09T10:50:04.093,1,60127,78436286,0,engine_rpm,676.000
2026-10-09T10:50:04.101,1,60134,78444221,0,actual_torque_pct,0
2026-10-09T10:50:04.101,1,60134,78444221,0,engine_rpm,672.000
2026-10-09T10:50:04.112,1,60139,78454196,0,actual_torque_pct,0
2026-10-09T10:50:04.112,1,60139,78454196,0,engine_rpm,664.000
2026-10-09T10:50:04.122,1,60145,78465487,0,actual_torque_pct,0
2026-10-09T10:50:04.122,1,60145,78465487,0,engine_rpm,664.000
2026-10-09T10:50:04.131,1,60152,78474208,0,actual_torque_pct,0
2026-10-09T10:50:04.131,1,60152,78474208,0,engine_rpm,656.000
2026-10-09T10:50:04.141,1,60160,78483994,39,vehicle_speed_kmh,0.000
2026-10-09T10:50:04.141,1,60161,78484567,0,engine_load_pct,0
2026-10-09T10:50:04.142,1,60162,78485125,0,actual_torque_pct,0
2026-10-09T10:50:04.142,1,60162,78485125,0,engine_rpm,648.000
2026-10-09T10:50:04.145,1,60167,78488975,0,oil_pressure_kpa,484
2026-10-09T10:50:04.151,1,60172,78494169,0,actual_torque_pct,0
2026-10-09T10:50:04.151,1,60172,78494169,0,engine_rpm,648.000
2026-10-09T10:50:04.151,1,60173,78494749,0,fuel_rate_lph,0.00
2026-10-09T10:50:04.151,1,60173,78494749,0,fuel_econ_inst_kmpl,125.498
2026-10-09T10:50:04.161,1,60178,78504168,0,actual_torque_pct,0
2026-10-09T10:50:04.161,1,60178,78504168,0,engine_rpm,640.000
2026-10-09T10:50:04.171,1,60184,78514154,0,actual_torque_pct,0
2026-10-09T10:50:04.171,1,60184,78514154,0,engine_rpm,632.000
2026-10-09T10:50:04.181,1,60192,78524179,0,actual_torque_pct,0
2026-10-09T10:50:04.181,1,60192,78524179,0,engine_rpm,632.000
2026-10-09T10:50:04.192,1,60201,78534569,0,engine_load_pct,0
2026-10-09T10:50:04.192,1,60202,78535132,0,actual_torque_pct,0
2026-10-09T10:50:04.192,1,60202,78535132,0,engine_rpm,624.000
2026-10-09T10:50:04.195,1,60205,78538122,39,fuel_level_pct,1.2
2026-10-09T10:50:04.202,1,60211,78545508,0,actual_torque_pct,0
2026-10-09T10:50:04.202,1,60211,78545508,0,engine_rpm,624.000
2026-10-09T10:50:04.211,1,60216,78554182,0,actual_torque_pct,0
2026-10-09T10:50:04.211,1,60216,78554182,0,engine_rpm,615.000
2026-10-09T10:50:04.221,1,60222,78564184,0,actual_torque_pct,1
2026-10-09T10:50:04.221,1,60222,78564184,0,engine_rpm,607.000
2026-10-09T10:50:04.231,1,60229,78574148,0,actual_torque_pct,1
2026-10-09T10:50:04.231,1,60229,78574148,0,engine_rpm,607.000
2026-10-09T10:50:04.240,1,60237,78583963,39,vehicle_speed_kmh,0.000
2026-10-09T10:50:04.241,1,60238,78584566,0,engine_load_pct,2
2026-10-09T10:50:04.242,1,60239,78585117,0,actual_torque_pct,1
2026-10-09T10:50:04.242,1,60239,78585117,0,engine_rpm,599.000
2026-10-09T10:50:04.252,1,60248,78595414,0,actual_torque_pct,1
2026-10-09T10:50:04.252,1,60248,78595414,0,engine_rpm,599.000
2026-10-09T10:50:04.252,1,60249,78595999,0,fuel_rate_lph,0.25
2026-10-09T10:50:04.252,1,60249,78595999,0,fuel_econ_inst_kmpl,0.000
2026-10-09T10:50:04.261,1,60254,78604151,0,actual_torque_pct,1
2026-10-09T10:50:04.261,1,60254,78604151,0,engine_rpm,590.000
2026-10-09T10:50:04.271,1,60260,78614113,0,actual_torque_pct,2
2026-10-09T10:50:04.271,1,60260,78614113,0,engine_rpm,582.000
2026-10-09T10:50:04.281,1,60268,78624097,0,actual_torque_pct,2
2026-10-09T10:50:04.281,1,60268,78624097,0,engine_rpm,582.000
2026-10-09T10:50:04.291,1,60277,78634555,0,engine_load_pct,6
2026-10-09T10:50:04.292,1,60278,78635128,0,actual_torque_pct,3
2026-10-09T10:50:04.292,1,60278,78635128,0,engine_rpm,574.000
2026-10-09T10:50:04.292,1,60279,78635729,39,fuel_level_pct,1.2
2026-10-09T10:50:04.301,1,60287,78644124,0,actual_torque_pct,3
2026-10-09T10:50:04.301,1,60287,78644124,0,engine_rpm,574.000
2026-10-09T10:50:04.311,1,60293,78654117,0,actual_torque_pct,4
2026-10-09T10:50:04.311,1,60293,78654117,0,engine_rpm,568.000
2026-10-09T10:50:04.322,1,60299,78665541,0,actual_torque_pct,4
2026-10-09T10:50:04.322,1,60299,78665541,0,engine_rpm,568.000
2026-10-09T10:50:04.331,1,60306,78674160,0,actual_torque_pct,6
2026-10-09T10:50:04.331,1,60306,78674160,0,engine_rpm,562.000
2026-10-09T10:50:04.341,1,60314,78683995,39,vehicle_speed_kmh,0.000
2026-10-09T10:50:04.342,1,60317,78685735,0,engine_load_pct,17
2026-10-09T10:50:04.343,1,60318,78686309,0,actual_torque_pct,8
2026-10-09T10:50:04.343,1,60318,78686309,0,engine_rpm,556.000
2026-10-09T10:50:04.351,1,60325,78694083,0,actual_torque_pct,8
2026-10-09T10:50:04.351,1,60325,78694083,0,engine_rpm,556.000
2026-10-09T10:50:04.351,1,60326,78694686,0,fuel_rate_lph,2.60
2026-10-09T10:50:04.351,1,60326,78694686,0,fuel_econ_inst_kmpl,0.000
2026-10-09T10:50:04.361,1,60333,78704106,0,actual_torque_pct,12
2026-10-09T10:50:04.361,1,60333,78704106,0,engine_rpm,552.000
2026-10-09T10:50:04.371,1,60339,78714096,0,actual_torque_pct,12
2026-10-09T10:50:04.371,1,60339,78714096,0,engine_rpm,552.000
2026-10-09T10:50:04.381,1,60348,78724118,0,actual_torque_pct,15
2026-10-09T10:50:04.381,1,60348,78724118,0,engine_rpm,551.000
2026-10-09T10:50:04.391,1,60357,78734565,0,engine_load_pct,30
2026-10-09T10:50:04.392,1,60358,78735143,0,actual_torque_pct,15
2026-10-09T10:50:04.392,1,60358,78735143,0,engine_rpm,551.000
2026-10-09T10:50:04.392,1,60359,78735714,39,fuel_level_pct,1.2
2026-10-09T10:50:04.400,1,60368,78744062,0,actual_torque_pct,17
2026-10-09T10:50:04.400,1,60368,78744062,0,engine_rpm,550.000
2026-10-09T10:50:04.411,1,60373,78754105,0,actual_torque_pct,17
2026-10-09T10:50:04.411,1,60373,78754105,0,engine_rpm,550.000
2026-10-09T10:50:04.421,1,60379,78764086,0,actual_torque_pct,16
2026-10-09T10:50:04.421,1,60379,78764086,0,engine_rpm,552.000
2026-10-09T10:50:04.432,1,60386,78775500,0,actual_torque_pct,15
2026-10-09T10:50:04.432,1,60386,78775500,0,engine_rpm,555.000
2026-10-09T10:50:04.440,1,60394,78783961,39,vehicle_speed_kmh,0.000
2026-10-09T10:50:04.441,1,60395,78784557,0,engine_load_pct,29
2026-10-09T10:50:04.442,1,60396,78785110,0,actual_torque_pct,15
2026-10-09T10:50:04.442,1,60396,78785110,0,engine_rpm,555.000
2026-10-09T10:50:04.450,1,60405,78794088,0,actual_torque_pct,16
2026-10-09T10:50:04.450,1,60405,78794088,0,engine_rpm,560.000
2026-10-09T10:50:04.452,1,60406,78794664,0,fuel_rate_lph,4.55
2026-10-09T10:50:04.452,1,60406,78794664,0,fuel_econ_inst_kmpl,0.000
2026-10-09T10:50:04.461,1,60411,78804081,0,actual_torque_pct,16
2026-10-09T10:50:04.461,1,60411,78804081,0,engine_rpm,560.000
2026-10-09T10:50:04.470,1,60417,78814029,0,actual_torque_pct,15
2026-10-09T10:50:04.470,1,60417,78814029,0,engine_rpm,566.000
2026-10-09T10:50:04.480,1,60425,78824023,0,actual_torque_pct,15
2026-10-09T10:50:04.480,1,60425,78824023,0,engine_rpm,566.000
2026-10-09T10:50:04.491,1,60434,78834546,0,engine_load_pct,29
2026-10-09T10:50:04.492,1,60435,78835114,0,actual_torque_pct,14
2026-10-09T10:50:04.492,1,60435,78835114,0,engine_rpm,573.000
2026-10-09T10:50:04.492,1,60436,78835709,39,fuel_level_pct,1.2
2026-10-09T10:50:04.502,1,60444,78845305,0,actual_torque_pct,15
2026-10-09T10:50:04.502,1,60444,78845305,0,engine_rpm,580.000
2026-10-09T10:50:04.510,1,60449,78854023,0,actual_torque_pct,15
2026-10-09T10:50:04.510,1,60449,78854023,0,engine_rpm,580.000
2026-10-09T10:50:04.520,1,60455,78864015,0,actual_torque_pct,17
2026-10-09T10:50:04.520,1,60455,78864015,0,engine_rpm,585.000
2026-10-09T10:50:04.530,1,60462,78874051,0,actual_torque_pct,17
2026-10-09T10:50:04.530,1,60462,78874051,0,engine_rpm,585.000
2026-10-09T10:50:04.540,1,60470,78883962,39,vehicle_speed_kmh,0.000
2026-10-09T10:50:04.541,1,60471,78884563,0,engine_load_pct,38
2026-10-09T10:50:04.542,1,60472,78885135,0,actual_torque_pct,19
2026-10-09T10:50:04.542,1,60472,78885135,0,engine_rpm,589.000
2026-10-09T10:50:04.545,1,60478,78888834,0,boost_pressure_kpa,102
2026-10-09T10:50:04.545,1,60478,78888834,0,intake_manifold_temp_c,32
2026-10-09T10:50:04.552,1,60483,78895330,0,actual_torque_pct,19
2026-10-09T10:50:04.552,1,60483,78895330,0,engine_rpm,589.000
2026-10-09T10:50:04.554,1,60486,78897061,0,fuel_rate_lph,5.00
2026-10-09T10:50:04.554,1,60486,78897061,0,fuel_econ_inst_kmpl,0.000
2026-10-09T10:50:04.560,1,60491,78904004,0,actual_torque_pct,22
2026-10-09T10:50:04.560,1,60491,78904004,0,engine_rpm,593.000
2026-10-09T10:50:04.570,1,60497,78914020,0,actual_torque_pct,25
2026-10-09T10:50:04.570,1,60497,78914020,0,engine_rpm,598.000
2026-10-09T10:50:04.580,1,60505,78924012,0,actual_torque_pct,25
2026-10-09T10:50:04.580,1,60505,78924012,0,engine_rpm,598.000
2026-10-09T10:50:04.591,1,60514,78934553,0,engine_load_pct,49
2026-10-09T10:50:04.592,1,60515,78935121,0,actual_torque_pct,25
2026-10-09T10:50:04.592,1,60515,78935121,0,engine_rpm,604.000
2026-10-09T10:50:04.593,1,60518,78936840,39,fuel_level_pct,1.2
2026-10-09T10:50:04.602,1,60525,78945275,0,actual_torque_pct,29
2026-10-09T10:50:04.602,1,60525,78945275,0,engine_rpm,610.000
2026-10-09T10:50:04.610,1,60530,78953979,0,actual_torque_pct,29
2026-10-09T10:50:04.610,1,60530,78953979,0,engine_rpm,610.000
2026-10-09T10:50:04.620,1,60536,78964004,0,actual_torque_pct,32
2026-10-09T10:50:04.620,1,60536,78964004,0,engine_rpm,619.000
2026-10-09T10:50:04.632,1,60543,78975362,0,actual_torque_pct,32
2026-10-09T10:50:04.632,1,60543,78975362,0,engine_rpm,619.000
2026-10-09T10:50:04.640,1,60551,78984004,39,vehicle_speed_kmh,0.000
2026-10-09T10:50:04.641,1,60552,78984590,0,engine_load_pct,71
2026-10-09T10:50:04.642,1,60553,78985142,0,actual_torque_pct,35
2026-10-09T10:50:04.642,1,60553,78985142,0,engine_rpm,628.000
2026-10-09T10:50:04.645,1,60558,78988751,0,oil_pressure_kpa,428
2026-10-09T10:50:04.650,1,60563,78993981,0,actual_torque_pct,36
2026-10-09T10:50:04.650,1,60563,78993981,0,engine_rpm,639.000
2026-10-09T10:50:04.652,1,60566,78995699,0,fuel_rate_lph,10.85
2026-10-09T10:50:04.652,1,60566,78995699,0,fuel_econ_inst_kmpl,0.000
2026-10-09T10:50:04.660,1,60571,79003962,0,actual_torque_pct,36
2026-10-09T10:50:04.660,1,60571,79003962,0,engine_rpm,639.000
2026-10-09T10:50:04.670,1,60577,79013940,0,actual_torque_pct,36
2026-10-09T10:50:04.670,1,60577,79013940,0,engine_rpm,651.000
2026-10-09T10:50:04.680,1,60585,79023917,0,actual_torque_pct,37
2026-10-09T10:50:04.680,1,60585,79023917,0,engine_rpm,666.000
2026-10-09T10:50:04.693,1,60596,79035147,39,fuel_level_pct,1.2
2026-10-09T10:50:04.694,1,60597,79035719,0,engine_load_pct,79
2026-10-09T10:50:04.694,1,60598,79036299,0,actual_torque_pct,37
2026-10-09T10:50:04.694,1,60598,79036299,0,engine_rpm,666.000
2026-10-09T10:50:04.700,1,60606,79043951,0,actual_torque_pct,38
2026-10-09T10:50:04.700,1,60606,79043951,0,engine_rpm,682.000
2026-10-09T10:50:04.710,1,60613,79053928,0,actual_torque_pct,38
2026-10-09T10:50:04.710,1,60613,79053928,0,engine_rpm,698.000
2026-10-09T10:50:04.721,1,60619,79064869,0,actual_torque_pct,38
2026-10-09T10:50:04.721,1,60619,79064869,0,engine_rpm,714.000
2026-10-09T10:50:04.730,1,60626,79073915,0,actual_torque_pct,38
2026-10-09T10:50:04.730,1,60626,79073915,0,engine_rpm,714.000
2026-10-09T10:50:04.740,1,60634,79083991,0,engine_load_pct,90
2026-10-09T10:50:04.741,1,60635,79084561,0,actual_torque_pct,38
2026-10-09T10:50:04.741,1,60635,79084561,0,engine_rpm,730.000
2026-10-09T10:50:04.742,1,60637,79085702,39,vehicle_speed_kmh,0.000
2026-10-09T10:50:04.746,1,60641,79089971,0,coolant_temp_c,33
2026-10-09T10:50:04.746,1,60641,79089971,0,fuel_temp_c,32
2026-10-09T10:50:04.746,1,60641,79089971,0,oil_temp_c,34.28
2026-10-09T10:50:04.750,1,60646,79093921,0,actual_torque_pct,38
2026-10-09T10:50:04.750,1,60646,79093921,0,engine_rpm,747.000
2026-10-09T10:50:04.752,1,60649,79095636,0,fuel_rate_lph,15.05
2026-10-09T10:50:04.752,1,60649,79095636,0,fuel_econ_inst_kmpl,0.000
2026-10-09T10:50:04.761,1,60654,79104505,0,actual_torque_pct,38
2026-10-09T10:50:04.761,1,60654,79104505,0,engine_rpm,763.000
2026-10-09T10:50:04.770,1,60660,79113889,0,actual_torque_pct,38
2026-10-09T10:50:04.770,1,60660,79113889,0,engine_rpm,763.000
2026-10-09T10:50:04.780,1,60668,79123922,0,actual_torque_pct,37
2026-10-09T10:50:04.780,1,60668,79123922,0,engine_rpm,779.000
2026-10-09T10:50:04.790,1,60676,79133970,0,engine_load_pct,87
2026-10-09T10:50:04.791,1,60677,79134549,0,actual_torque_pct,37
2026-10-09T10:50:04.791,1,60677,79134549,0,engine_rpm,794.000
2026-10-09T10:50:04.792,1,60679,79135705,39,fuel_level_pct,1.2
2026-10-09T10:50:04.800,1,60688,79143913,0,actual_torque_pct,35
2026-10-09T10:50:04.800,1,60688,79143913,0,engine_rpm,810.000
2026-10-09T10:50:04.811,1,60695,79154440,0,actual_torque_pct,32
2026-10-09T10:50:04.811,1,60695,79154440,0,engine_rpm,824.000
2026-10-09T10:50:04.822,1,60701,79165319,0,actual_torque_pct,32
2026-10-09T10:50:04.822,1,60701,79165319,0,engine_rpm,824.000
2026-10-09T10:50:04.830,1,60708,79173897,0,actual_torque_pct,32
2026-10-09T10:50:04.830,1,60708,79173897,0,engine_rpm,838.000
2026-10-09T10:50:04.840,1,60716,79183986,0,actual_torque_pct,28
2026-10-09T10:50:04.840,1,60716,79183986,0,engine_rpm,851.000
2026-10-09T10:50:04.841,1,60717,79184577,0,engine_load_pct,66
2026-10-09T10:50:04.842,1,60719,79185718,39,vehicle_speed_kmh,0.000
2026-10-09T10:50:04.850,1,60728,79193931,0,actual_torque_pct,28
2026-10-09T10:50:04.850,1,60728,79193931,0,engine_rpm,863.000
2026-10-09T10:50:04.852,1,60730,79195079,0,fuel_rate_lph,12.10
2026-10-09T10:50:04.852,1,60730,79195079,0,fuel_econ_inst_kmpl,0.000
2026-10-09T10:50:04.860,1,60736,79203894,0,actual_torque_pct,24
2026-10-09T10:50:04.860,1,60736,79203894,0,engine_rpm,873.000
2026-10-09T10:50:04.870,1,60742,79213877,0,actual_torque_pct,21
2026-10-09T10:50:04.870,1,60742,79213877,0,engine_rpm,883.000
2026-10-09T10:50:04.872,1,60744,79215034,0,engine_hours,40.25
2026-10-09T10:50:04.880,1,60751,79223849,0,actual_torque_pct,21
2026-10-09T10:50:04.880,1,60751,79223849,0,engine_rpm,890.000
2026-10-09T10:50:04.890,1,60759,79233973,0,actual_torque_pct,18
2026-10-09T10:50:04.890,1,60759,79233973,0,engine_rpm,897.000
2026-10-09T10:50:04.891,1,60760,79234547,0,engine_load_pct,42
2026-10-09T10:50:04.892,1,60761,79235143,39,fuel_level_pct,1.2
2026-10-09T10:50:04.901,1,60770,79244783,0,actual_torque_pct,18
2026-10-09T10:50:04.901,1,60770,79244783,0,engine_rpm,902.000
2026-10-09T10:50:04.912,1,60775,79255226,0,actual_torque_pct,18
2026-10-09T10:50:04.912,1,60775,79255226,0,engine_rpm,902.000
2026-10-09T10:50:04.922,1,60781,79265139,0,actual_torque_pct,15
2026-10-09T10:50:04.922,1,60781,79265139,0,engine_rpm,906.000
2026-10-09T10:50:04.930,1,60788,79273848,0,actual_torque_pct,15
2026-10-09T10:50:04.930,1,60788,79273848,0,engine_rpm,909.000
2026-10-09T10:50:04.941,1,60796,79284003,0,engine_load_pct,25
2026-10-09T10:50:04.941,1,60797,79284570,0,actual_torque_pct,11
2026-10-09T10:50:04.941,1,60797,79284570,0,engine_rpm,912.000
2026-10-09T10:50:04.942,1,60799,79285719,39,vehicle_speed_kmh,0.000
2026-10-09T10:50:04.950,1,60807,79293848,0,actual_torque_pct,11
2026-10-09T10:50:04.950,1,60807,79293848,0,engine_rpm,915.000
2026-10-09T10:50:04.951,1,60808,79294431,0,fuel_rate_lph,6.20
2026-10-09T10:50:04.951,1,60808,79294431,0,fuel_econ_inst_kmpl,0.000
2026-10-09T10:50:04.960,1,60813,79303793,0,actual_torque_pct,8
2026-10-09T10:50:04.960,1,60813,79303793,0,engine_rpm,917.000
2026-10-09T10:50:04.970,1,60819,79313804,0,actual_torque_pct,5
2026-10-09T10:50:04.970,1,60819,79313804,0,engine_rpm,918.000
2026-10-09T10:50:04.980,1,60827,79323846,0,actual_torque_pct,5
2026-10-09T10:50:04.980,1,60827,79323846,0,engine_rpm,918.000
2026-10-09T10:50:04.990,1,60835,79333986,0,engine_load_pct,7
2026-10-09T10:50:04.992,1,60836,79334566,0,actual_torque_pct,3
2026-10-09T10:50:04.992,1,60836,79334566,0,engine_rpm,918.000
2026-10-09T10:50:04.992,1,60837,79335145,39,fuel_level_pct,1.2
2026-10-09T10:50:05.000,1,60846,79343788,0,actual_torque_pct,3
2026-10-09T10:50:05.000,1,60846,79343788,0,engine_rpm,916.000
2026-10-09T10:50:05.010,1,60851,79353845,0,actual_torque_pct,1
2026-10-09T10:50:05.010,1,60851,79353845,0,engine_rpm,913.000
2026-10-09T10:50:05.022,1,60857,79365161,0,actual_torque_pct,1
2026-10-09T10:50:05.022,1,60857,79365161,0,engine_rpm,910.000
2026-10-09T10:50:05.031,1,60866,79374971,0,actual_torque_pct,1
2026-10-09T10:50:05.031,1,60866,79374971,0,engine_rpm,910.000
2026-10-09T10:50:05.040,1,60874,79383996,0,engine_load_pct,2
2026-10-09T10:50:05.041,1,60875,79384574,0,actual_torque_pct,1
2026-10-09T10:50:05.041,1,60875,79384574,0,engine_rpm,906.000
2026-10-09T10:50:05.043,1,60877,79385725,39,vehicle_speed_kmh,0.000
2026-10-09T10:50:05.046,1,60881,79389858,0,boost_pressure_kpa,100
2026-10-09T10:50:05.046,1,60881,79389858,0,intake_manifold_temp_c,32
2026-10-09T10:50:05.050,1,60886,79393849,0,actual_torque_pct,1
2026-10-09T10:50:05.050,1,60886,79393849,0,engine_rpm,902.000
2026-10-09T10:50:05.051,1,60888,79395023,0,fuel_rate_lph,0.45
2026-10-09T10:50:05.051,1,60888,79395023,0,fuel_econ_inst_kmpl,0.000
2026-10-09T10:50:05.060,1,60893,79403770,0,actual_torque_pct,1
2026-10-09T10:50:05.060,1,60893,79403770,0,engine_rpm,897.000
2026-10-09T10:50:05.070,1,60899,79413735,0,actual_torque_pct,1
2026-10-09T10:50:05.070,1,60899,79413735,0,engine_rpm,891.000
2026-10-09T10:50:05.080,1,60907,79423699,0,actual_torque_pct,0
2026-10-09T10:50:05.080,1,60907,79423699,0,engine_rpm,884.000
2026-10-09T10:50:05.090,1,60915,79433968,0,engine_load_pct,0
2026-10-09T10:50:05.091,1,60916,79434530,0,actual_torque_pct,0
2026-10-09T10:50:05.091,1,60916,79434530,0,engine_rpm,878.000
2026-10-09T10:50:05.093,1,60918,79435714,39,fuel_level_pct,1.2
2026-10-09T10:50:05.100,1,60926,79443724,0,actual_torque_pct,0
2026-10-09T10:50:05.100,1,60926,79443724,0,engine_rpm,874.000
2026-10-09T10:50:05.112,1,60931,79454925,0,actual_torque_pct,0
2026-10-09T10:50:05.112,1,60931,79454925,0,engine_rpm,874.000
2026-10-09T10:50:05.121,1,60937,79463678,0,actual_torque_pct,0
2026-10-09T10:50:05.121,1,60937,79463678,0,engine_rpm,868.000
2026-10-09T10:50:05.130,1,60944,79473706,0,actual_torque_pct,0
2026-10-09T10:50:05.130,1,60944,79473706,0,engine_rpm,861.000
2026-10-09T10:50:05.140,1,60952,79483983,0,engine_load_pct,0
2026-10-09T10:50:05.141,1,60953,79484559,0,actual_torque_pct,0
2026-10-09T10:50:05.141,1,60953,79484559,0,engine_rpm,854.000
2026-10-09T10:50:05.142,1,60955,79485707,39,vehicle_speed_kmh,0.000
2026-10-09T10:50:05.147,1,60959,79489582,0,oil_pressure_kpa,592
2026-10-09T10:50:05.150,1,60964,79493893,0,actual_torque_pct,0
2026-10-09T10:50:05.150,1,60964,79493893,0,engine_rpm,846.000
2026-10-09T10:50:05.151,1,60965,79494496,0,fuel_rate_lph,0.00
2026-10-09T10:50:05.151,1,60965,79494496,0,fuel_econ_inst_kmpl,125.498
2026-10-09T10:50:05.160,1,60970,79503648,0,actual_torque_pct,0
2026-10-09T10:50:05.160,1,60970,79503648,0,engine_rpm,839.000
2026-10-09T10:50:05.171,1,60976,79514597,0,actual_torque_pct,0
2026-10-09T10:50:05.171,1,60976,79514597,0,engine_rpm,832.000
2026-10-09T10:50:05.182,1,60984,79525031,0,actual_torque_pct,0
2026-10-09T10:50:05.182,1,60984,79525031,0,engine_rpm,832.000
2026-10-09T10:50:05.191,1,60992,79534026,0,engine_load_pct,2
2026-10-09T10:50:05.191,1,60993,79534595,0,actual_torque_pct,1
2026-10-09T10:50:05.191,1,60993,79534595,0,engine_rpm,824.000
2026-10-09T10:50:05.194,1,60997,79537957,39,fuel_level_pct,1.2
2026-10-09T10:50:05.200,1,61003,79543653,0,actual_torque_pct,1
2026-10-09T10:50:05.200,1,61003,79543653,0,engine_rpm,817.000
2026-10-09T10:50:05.210,1,61008,79553659,0,actual_torque_pct,1
2026-10-09T10:50:05.210,1,61008,79553659,0,engine_rpm,809.000
2026-10-09T10:50:05.221,1,61014,79564484,0,actual_torque_pct,1
2026-10-09T10:50:05.221,1,61014,79564484,0,engine_rpm,802.000
2026-10-09T10:50:05.231,1,61021,79574977,0,actual_torque_pct,1
2026-10-09T10:50:05.231,1,61021,79574977,0,engine_rpm,802.000
2026-10-09T10:50:05.240,1,61029,79583984,0,engine_load_pct,2
2026-10-09T10:50:05.241,1,61030,79584558,0,actual_torque_pct,1
2026-10-09T10:50:05.241,1,61030,79584558,0,engine_rpm,795.000
2026-10-09T10:50:05.242,1,61032,79585701,39,vehicle_speed_kmh,0.000
2026-10-09T10:50:05.250,1,61040,79593638,0,actual_torque_pct,1
2026-10-09T10:50:05.250,1,61040,79593638,0,engine_rpm,790.000
2026-10-09T10:50:05.251,1,61041,79594219,0,fuel_rate_lph,0.40
2026-10-09T10:50:05.251,1,61041,79594219,0,fuel_econ_inst_kmpl,0.000
2026-10-09T10:50:05.260,1,61046,79603643,0,actual_torque_pct,1
2026-10-09T10:50:05.260,1,61046,79603643,0,engine_rpm,785.000
2026-10-09T10:50:05.271,1,61052,79614887,0,actual_torque_pct,1
2026-10-09T10:50:05.271,1,61052,79614887,0,engine_rpm,779.000
2026-10-09T10:50:05.280,1,61060,79623575,0,actual_torque_pct,1
2026-10-09T10:50:05.280,1,61060,79623575,0,engine_rpm,779.000
2026-10-09T10:50:05.290,1,61068,79633981,0,engine_load_pct,2
2026-10-09T10:50:05.291,1,61069,79634555,0,actual_torque_pct,1
2026-10-09T10:50:05.291,1,61069,79634555,0,engine_rpm,773.000
2026-10-09T10:50:05.292,1,61070,79635125,39,fuel_level_pct,1.2
2026-10-09T10:50:05.300,1,61079,79643601,0,actual_torque_pct,1
2026-10-09T10:50:05.300,1,61079,79643601,0,engine_rpm,767.000
2026-10-09T10:50:05.311,1,61085,79654256,0,actual_torque_pct,1
2026-10-09T10:50:05.311,1,61085,79654256,0,engine_rpm,761.000
2026-10-09T10:50:05.320,1,61091,79663561,0,actual_torque_pct,1
2026-10-09T10:50:05.320,1,61091,79663561,0,engine_rpm,761.000
2026-10-09T10:50:05.330,1,61098,79673608,0,actual_torque_pct,1
2026-10-09T10:50:05.330,1,61098,79673608,0,engine_rpm,754.000
2026-10-09T10:50:05.340,1,61106,79684003,0,engine_load_pct,2
2026-10-09T10:50:05.341,1,61107,79684554,0,actual_torque_pct,1
2026-10-09T10:50:05.341,1,61107,79684554,0,engine_rpm,748.000
2026-10-09T10:50:05.342,1,61109,79685703,39,vehicle_speed_kmh,0.000
2026-10-09T10:50:05.351,1,61117,79694471,0,actual_torque_pct,2
2026-10-09T10:50:05.351,1,61117,79694471,0,engine_rpm,742.000
2026-10-09T10:50:05.352,1,61118,79695052,0,fuel_rate_lph,0.35
2026-10-09T10:50:05.352,1,61118,79695052,0,fuel_econ_inst_kmpl,0.000
2026-10-09T10:50:05.360,1,61125,79703734,0,actual_torque_pct,2
2026-10-09T10:50:05.360,1,61125,79703734,0,engine_rpm,742.000
2026-10-09T10:50:05.370,1,61131,79713576,0,actual_torque_pct,2
2026-10-09T10:50:05.370,1,61131,79713576,0,engine_rpm,737.000
2026-10-09T10:50:05.380,1,61140,79723573,0,actual_torque_pct,2
2026-10-09T10:50:05.380,1,61140,79723573,0,engine_rpm,730.000
2026-10-09T10:50:05.392,1,61150,79735134,0,engine_load_pct,4
2026-10-09T10:50:05.392,1,61151,79735712,0,actual_torque_pct,2
2026-10-09T10:50:05.392,1,61151,79735712,0,engine_rpm,730.000
2026-10-09T10:50:05.393,1,61153,79736850,39,fuel_level_pct,1.2
2026-10-09T10:50:05.400,1,61160,79743521,0,actual_torque_pct,2
2026-10-09T10:50:05.400,1,61160,79743521,0,engine_rpm,725.000
2026-10-09T10:50:05.410,1,61165,79753601,0,actual_torque_pct,2
2026-10-09T10:50:05.410,1,61165,79753601,0,engine_rpm,723.000
2026-10-09T10:50:05.420,1,61171,79763550,0,actual_torque_pct,2
2026-10-09T10:50:05.420,1,61171,79763550,0,engine_rpm,722.000
2026-10-09T10:50:05.430,1,61178,79773597,0,actual_torque_pct,2
2026-10-09T10:50:05.430,1,61178,79773597,0,engine_rpm,722.000
2026-10-09T10:50:05.440,1,61186,79783997,0,engine_load_pct,4
2026-10-09T10:50:05.441,1,61187,79784558,0,actual_torque_pct,2
2026-10-09T10:50:05.441,1,61187,79784558,0,engine_rpm,720.000
2026-10-09T10:50:05.442,1,61189,79785717,39,vehicle_speed_kmh,0.000
2026-10-09T10:50:05.450,1,61197,79793505,0,actual_torque_pct,2
2026-10-09T10:50:05.450,1,61197,79793505,0,engine_rpm,718.000
2026-10-09T10:50:05.451,1,61198,79794093,0,fuel_rate_lph,0.75
2026-10-09T10:50:05.451,1,61198,79794093,0,fuel_econ_inst_kmpl,0.000
2026-10-09T10:50:05.462,1,61203,79804857,0,actual_torque_pct,2
2026-10-09T10:50:05.462,1,61203,79804857,0,engine_rpm,718.000
2026-10-09T10:50:05.470,1,61209,79813488,0,actual_torque_pct,2
2026-10-09T10:50:05.470,1,61209,79813488,0,engine_rpm,716.000
2026-10-09T10:50:05.480,1,61217,79823488,0,actual_torque_pct,3
2026-10-09T10:50:05.480,1,61217,79823488,0,engine_rpm,715.000
2026-10-09T10:50:05.491,1,61225,79833977,0,engine_load_pct,7
2026-10-09T10:50:05.491,1,61226,79834546,0,actual_torque_pct,3
2026-10-09T10:50:05.491,1,61226,79834546,0,engine_rpm,713.000
2026-10-09T10:50:05.492,1,61227,79835133,39,fuel_level_pct,1.2
2026-10-09T10:50:05.500,1,61236,79843502,0,actual_torque_pct,3
2026-10-09T10:50:05.500,1,61236,79843502,0,engine_rpm,713.000
2026-10-09T10:50:05.510,1,61241,79853478,0,actual_torque_pct,3
2026-10-09T10:50:05.510,1,61241,79853478,0,engine_rpm,710.000
2026-10-09T10:50:05.520,1,61247,79863484,0,actual_torque_pct,3
2026-10-09T10:50:05.520,1,61247,79863484,0,engine_rpm,708.000
2026-10-09T10:50:05.531,1,61254,79874916,0,actual_torque_pct,3
2026-10-09T10:50:05.531,1,61254,79874916,0,engine_rpm,708.000
2026-10-09T10:50:05.540,1,61262,79884006,0,engine_load_pct,9
2026-10-09T10:50:05.541,1,61263,79884576,0,actual_torque_pct,4
2026-10-09T10:50:05.541,1,61263,79884576,0,engine_rpm,705.000
2026-10-09T10:50:05.544,1,61267,79886859,39,vehicle_speed_kmh,0.000
2026-10-09T10:50:05.547,1,61270,79890239,0,boost_pressure_kpa,102
2026-10-09T10:50:05.547,1,61270,79890239,0,intake_manifold_temp_c,32
2026-10-09T10:50:05.550,1,61275,79893541,0,actual_torque_pct,4
2026-10-09T10:50:05.550,1,61275,79893541,0,engine_rpm,700.000
2026-10-09T10:50:05.552,1,61278,79895263,0,fuel_rate_lph,1.15
2026-10-09T10:50:05.552,1,61278,79895263,0,fuel_econ_inst_kmpl,0.000
2026-10-09T10:50:05.561,1,61283,79904263,0,actual_torque_pct,4
2026-10-09T10:50:05.561,1,61283,79904263,0,engine_rpm,697.000
2026-10-09T10:50:05.570,1,61289,79913444,0,actual_torque_pct,4
2026-10-09T10:50:05.570,1,61289,79913444,0,engine_rpm,697.000
2026-10-09T10:50:05.580,1,61297,79923466,0,actual_torque_pct,4
2026-10-09T10:50:05.580,1,61297,79923466,0,engine_rpm,696.000
2026-10-09T10:50:05.590,1,61305,79933968,0,engine_load_pct,11
2026-10-09T10:50:05.591,1,61306,79934549,0,actual_torque_pct,5
2026-10-09T10:50:05.591,1,61306,79934549,0,engine_rpm,695.000
2026-10-09T10:50:05.592,1,61308,79935707,39,fuel_level_pct,1.2
2026-10-09T10:50:05.600,1,61317,79943422,0,actual_torque_pct,5
2026-10-09T10:50:05.600,1,61317,79943422,0,engine_rpm,695.000
2026-10-09T10:50:05.610,1,61322,79953447,0,actual_torque_pct,5
2026-10-09T10:50:05.610,1,61322,79953447,0,engine_rpm,694.000
2026-10-09T10:50:05.620,1,61328,79963444,0,actual_torque_pct,5
2026-10-09T10:50:05.620,1,61328,79963444,0,engine_rpm,694.000
2026-10-09T10:50:05.631,1,61335,79974736,0,actual_torque_pct,5
2026-10-09T10:50:05.631,1,61335,79974736,0,engine_rpm,694.000
2026-10-09T10:50:05.640,1,61342,79983429,0,actual_torque_pct,5
2026-10-09T10:50:05.640,1,61342,79983429,0,engine_rpm,693.000
2026-10-09T10:50:05.640,1,61343,79984002,0,engine_load_pct,11
2026-10-09T10:50:05.642,1,61346,79985721,39,vehicle_speed_kmh,0.000
2026-10-09T10:50:05.646,1,61350,79989663,0,oil_pressure_kpa,496
2026-10-09T10:50:05.650,1,61355,79993524,0,actual_torque_pct,6
2026-10-09T10:50:05.650,1,61355,79993524,0,engine_rpm,693.000
2026-10-09T10:50:05.652,1,61358,79995240,0,fuel_rate_lph,1.90
2026-10-09T10:50:05.652,1,61358,79995240,0,fuel_econ_inst_kmpl,0.000
2026-10-09T10:50:05.661,1,61363,80004812,0,actual_torque_pct,6
2026-10-09T10:50:05.661,1,61363,80004812,0,engine_rpm,693.000
2026-10-09T10:50:05.670,1,61369,80013393,0,actual_torque_pct,6
2026-10-09T10:50:05.670,1,61369,80013393,0,engine_rpm,690.000
2026-10-09T10:50:05.680,1,61377,80023377,0,actual_torque_pct,6
2026-10-09T10:50:05.680,1,61377,80023377,0,engine_rpm,689.000
2026-10-09T10:50:05.692,1,61387,80034566,0,engine_load_pct,13
2026-10-09T10:50:05.693,1,61388,80035145,0,actual_torque_pct,6
2026-10-09T10:50:05.693,1,61388,80035145,0,engine_rpm,689.000
2026-10-09T10:50:05.695,1,61391,80036862,39,fuel_level_pct,1.2
2026-10-09T10:50:05.700,1,61398,80043408,0,actual_torque_pct,6
2026-10-09T10:50:05.700,1,61398,80043408,0,engine_rpm,689.000
2026-10-09T10:50:05.710,1,61405,80053373,0,actual_torque_pct,6
2026-10-09T10:50:05.710,1,61405,80053373,0,engine_rpm,690.000
2026-10-09T10:50:05.720,1,61411,80063699,0,actual_torque_pct,6
2026-10-09T10:50:05.720,1,61411,80063699,0,engine_rpm,689.000
2026-10-09T10:50:05.730,1,61418,80073592,0,actual_torque_pct,6
2026-10-09T10:50:05.730,1,61418,80073592,0,engine_rpm,689.000
2026-10-09T10:50:05.740,1,61425,80083422,0,actual_torque_pct,6
2026-10-09T10:50:05.740,1,61425,80083422,0,engine_rpm,689.000
2026-10-09T10:50:05.740,1,61426,80084009,0,engine_load_pct,13
2026-10-09T10:50:05.742,1,61429,80085709,39,vehicle_speed_kmh,0.000
2026-10-09T10:50:05.745,1,61433,80088146,0,coolant_temp_c,33
2026-10-09T10:50:05.745,1,61433,80088146,0,fuel_temp_c,32
2026-10-09T10:50:05.745,1,61433,80088146,0,oil_temp_c,34.28
2026-10-09T10:50:05.750,1,61438,80093372,0,actual_torque_pct,7
2026-10-09T10:50:05.750,1,61438,80093372,0,engine_rpm,689.000
2026-10-09T10:50:05.752,1,61441,80095073,0,fuel_rate_lph,2.25
2026-10-09T10:50:05.752,1,61441,80095073,0,fuel_econ_inst_kmpl,0.000
2026-10-09T10:50:05.761,1,61446,80104805,0,actual_torque_pct,7
2026-10-09T10:50:05.761,1,61446,80104805,0,engine_rpm,689.000
2026-10-09T10:50:05.770,1,61452,80113363,0,actual_torque_pct,7
2026-10-09T10:50:05.770,1,61452,80113363,0,engine_rpm,690.000
2026-10-09T10:50:05.780,1,61460,80123372,0,actual_torque_pct,7
2026-10-09T10:50:05.780,1,61460,80123372,0,engine_rpm,691.000
2026-10-09T10:50:05.792,1,61470,80135143,0,engine_load_pct,16
2026-10-09T10:50:05.793,1,61471,80135715,0,actual_torque_pct,7
2026-10-09T10:50:05.793,1,61471,80135715,0,engine_rpm,691.000
2026-10-09T10:50:05.794,1,61474,80137440,39,fuel_level_pct,1.2
2026-10-09T10:50:05.800,1,61480,80143331,0,actual_torque_pct,7
2026-10-09T10:50:05.800,1,61480,80143331,0,engine_rpm,692.000
2026-10-09T10:50:05.810,1,61487,80153332,0,actual_torque_pct,7
2026-10-09T10:50:05.810,1,61487,80153332,0,engine_rpm,692.000
2026-10-09T10:50:05.821,1,61493,80164308,0,actual_torque_pct,7
2026-10-09T10:50:05.821,1,61493,80164308,0,engine_rpm,692.000
2026-10-09T10:50:05.830,1,61500,80173610,0,actual_torque_pct,7
2026-10-09T10:50:05.830,1,61500,80173610,0,engine_rpm,692.000
2026-10-09T10:50:05.840,1,61507,80183442,0,engine_load_pct,16
2026-10-09T10:50:05.840,1,61508,80184014,0,actual_torque_pct,7
2026-10-09T10:50:05.840,1,61508,80184014,0,engine_rpm,691.000
2026-10-09T10:50:05.842,1,61511,80185729,39,vehicle_speed_kmh,0.000
2026-10-09T10:50:05.850,1,61520,80193376,0,actual_torque_pct,8
2026-10-09T10:50:05.850,1,61520,80193376,0,engine_rpm,691.000
2026-10-09T10:50:05.851,1,61522,80194524,0,fuel_rate_lph,2.65
2026-10-09T10:50:05.851,1,61522,80194524,0,fuel_econ_inst_kmpl,0.000
2026-10-09T10:50:05.860,1,61528,80203327,0,actual_torque_pct,8
2026-10-09T10:50:05.860,1,61528,80203327,0,engine_rpm,691.000
2026-10-09T10:50:05.870,1,61534,80213300,0,actual_torque_pct,8
2026-10-09T10:50:05.870,1,61534,80213300,0,engine_rpm,692.000
2026-10-09T10:50:05.871,1,61536,80214475,0,engine_hours,40.25
2026-10-09T10:50:05.880,1,61543,80223386,0,actual_torque_pct,8
2026-10-09T10:50:05.880,1,61543,80223386,0,engine_rpm,693.000
2026-10-09T10:50:05.891,1,61552,80234565,39,fuel_level_pct,1.2
2026-10-09T10:50:05.892,1,61554,80235730,0,engine_load_pct,18
2026-10-09T10:50:05.893,1,61555,80236292,0,actual_torque_pct,8
2026-10-09T10:50:05.893,1,61555,80236292,0,engine_rpm,693.000
2026-10-09T10:50:05.900,1,61562,80243280,0,actual_torque_pct,8
2026-10-09T10:50:05.900,1,61562,80243280,0,engine_rpm,693.000
2026-10-09T10:50:05.910,1,61567,80253262,0,actual_torque_pct,9
2026-10-09T10:50:05.910,1,61567,80253262,0,engine_rpm,693.000
2026-10-09T10:50:05.921,1,61573,80264602,0,actual_torque_pct,9
2026-10-09T10:50:05.921,1,61573,80264602,0,engine_rpm,693.000
2026-10-09T10:50:05.930,1,61580,80273581,0,actual_torque_pct,9
2026-10-09T10:50:05.930,1,61580,80273581,0,engine_rpm,693.000
2026-10-09T10:50:05.940,1,61587,80283442,0,engine_load_pct,20
2026-10-09T10:50:05.940,1,61588,80283996,0,actual_torque_pct,9
2026-10-09T10:50:05.940,1,61588,80283996,0,engine_rpm,695.000
2026-10-09T10:50:05.942,1,61591,80285724,39,vehicle_speed_kmh,0.000
2026-10-09T10:50:05.950,1,61599,80293733,0,actual_torque_pct,9
2026-10-09T10:50:05.950,1,61599,80293733,0,engine_rpm,697.000
2026-10-09T10:50:05.951,1,61600,80294319,0,fuel_rate_lph,3.50
2026-10-09T10:50:05.951,1,61600,80294319,0,fuel_econ_inst_kmpl,0.000
2026-10-09T10:50:05.960,1,61605,80303228,0,actual_torque_pct,9
2026-10-09T10:50:05.960,1,61605,80303228,0,engine_rpm,697.000
2026-10-09T10:50:05.970,1,61611,80313261,0,actual_torque_pct,9
2026-10-09T10:50:05.970,1,61611,80313261,0,engine_rpm,699.000
2026-10-09T10:50:05.980,1,61619,80323415,0,actual_torque_pct,10
2026-10-09T10:50:05.980,1,61619,80323415,0,engine_rpm,700.000
2026-10-09T10:50:05.990,1,61626,80333403,0,engine_load_pct,23
2026-10-09T10:50:05.990,1,61627,80333985,0,actual_torque_pct,10
2026-10-09T10:50:05.990,1,61627,80333985,0,engine_rpm,700.000
2026-10-09T10:50:05.992,1,61629,80335135,39,fuel_level_pct,1.2
2026-10-09T10:50:06.000,1,61638,80343266,0,actual_torque_pct,10
2026-10-09T10:50:06.000,1,61638,80343266,0,engine_rpm,701.000
2026-10-09T10:50:06.010,1,61643,80353211,0,actual_torque_pct,11
2026-10-09T10:50:06.010,1,61643,80353211,0,engine_rpm,700.000
2026-10-09T10:50:06.021,1,61649,80364746,0,actual_torque_pct,11
2026-10-09T10:50:06.021,1,61649,80364746,0,engine_rpm,700.000
2026-10-09T10:50:06.030,1,61656,80373570,0,actual_torque_pct,11
2026-10-09T10:50:06.030,1,61656,80373570,0,engine_rpm,700.000
2026-10-09T10:50:06.040,1,61665,80383435,0,engine_load_pct,28
2026-10-09T10:50:06.040,1,61666,80384014,0,actual_torque_pct,12
2026-10-09T10:50:06.040,1,61666,80384014,0,engine_rpm,700.000
2026-10-09T10:50:06.042,1,61669,80385715,39,vehicle_speed_kmh,0.000
2026-10-09T10:50:06.044,1,61673,80388019,0,boost_pressure_kpa,102
2026-10-09T10:50:06.044,1,61673,80388019,0,intake_manifold_temp_c,32
2026-10-09T10:50:06.050,1,61678,80393788,0,actual_torque_pct,13
2026-10-09T10:50:06.050,1,61678,80393788,0,engine_rpm,701.000
2026-10-09T10:50:06.051,1,61680,80394945,0,fuel_rate_lph,4.80
2026-10-09T10:50:06.051,1,61680,80394945,0,fuel_econ_inst_kmpl,0.000
2026-10-09T10:50:06.060,1,61685,80403235,0,actual_torque_pct,13
2026-10-09T10:50:06.060,1,61685,80403235,0,engine_rpm,701.000
2026-10-09T10:50:06.070,1,61691,80413229,0,actual_torque_pct,13
2026-10-09T10:50:06.070,1,61691,80413229,0,engine_rpm,701.000
2026-10-09T10:50:06.080,1,61699,80423407,0,actual_torque_pct,13
2026-10-09T10:50:06.080,1,61699,80423407,0,engine_rpm,702.000
2026-10-09T10:50:06.091,1,61708,80434569,0,engine_load_pct,30
2026-10-09T10:50:06.092,1,61709,80435140,0,actual_torque_pct,13
2026-10-09T10:50:06.092,1,61709,80435140,0,engine_rpm,702.000
2026-10-09T10:50:06.092,1,61710,80435719,39,fuel_level_pct,1.2
2026-10-09T10:50:06.100,1,61718,80443188,0,actual_torque_pct,13
2026-10-09T10:50:06.100,1,61718,80443188,0,engine_rpm,704.000
2026-10-09T10:50:06.110,1,61723,80453171,0,actual_torque_pct,14
2026-10-09T10:50:06.110,1,61723,80453171,0,engine_rpm,706.000
2026-10-09T10:50:06.121,1,61729,80464346,0,actual_torque_pct,14
2026-10-09T10:50:06.121,1,61729,80464346,0,engine_rpm,710.000
2026-10-09T10:50:06.130,1,61736,80473576,0,actual_torque_pct,14
2026-10-09T10:50:06.130,1,61736,80473576,0,engine_rpm,710.000
2026-10-09T10:50:06.140,1,61743,80483427,0,engine_load_pct,35
2026-10-09T10:50:06.140,1,61744,80483994,0,actual_torque_pct,15
2026-10-09T10:50:06.140,1,61744,80483994,0,engine_rpm,712.000
2026-10-09T10:50:06.142,1,61747,80485712,39,vehicle_speed_kmh,0.000
2026-10-09T10:50:06.144,1,61751,80488031,0,oil_pressure_kpa,492
2026-10-09T10:50:06.150,1,61756,80493157,0,actual_torque_pct,15
2026-10-09T10:50:06.150,1,61756,80493157,0,engine_rpm,714.000
2026-10-09T10:50:06.150,1,61757,80493747,0,fuel_rate_lph,5.70
2026-10-09T10:50:06.150,1,61757,80493747,0,fuel_econ_inst_kmpl,0.000
2026-10-09T10:50:06.161,1,61762,80504612,0,actual_torque_pct,15
2026-10-09T10:50:06.161,1,61762,80504612,0,engine_rpm,714.000
2026-10-09T10:50:06.170,1,61768,80513153,0,actual_torque_pct,15
2026-10-09T10:50:06.170,1,61768,80513153,0,engine_rpm,716.000
2026-10-09T10:50:06.180,1,61776,80523423,0,actual_torque_pct,16
2026-10-09T10:50:06.180,1,61776,80523423,0,engine_rpm,717.000
2026-10-09T10:50:06.191,1,61785,80534555,0,engine_load_pct,37
2026-10-09T10:50:06.192,1,61786,80535128,0,actual_torque_pct,16
2026-10-09T10:50:06.192,1,61786,80535128,0,engine_rpm,719.000
2026-10-09T10:50:06.194,1,61789,80537973,39,fuel_level_pct,1.2
2026-10-09T10:50:06.200,1,61795,80543433,0,actual_torque_pct,16
2026-10-09T10:50:06.200,1,61795,80543433,0,engine_rpm,719.000
2026-10-09T10:50:06.210,1,61800,80553176,0,actual_torque_pct,16
2026-10-09T10:50:06.210,1,61800,80553176,0,engine_rpm,722.000
2026-10-09T10:50:06.220,1,61806,80563164,0,actual_torque_pct,17
2026-10-09T10:50:06.220,1,61806,80563164,0,engine_rpm,726.000
2026-10-09T10:50:06.231,1,61813,80575090,0,actual_torque_pct,17
2026-10-09T10:50:06.231,1,61813,80575090,0,engine_rpm,726.000
2026-10-09T10:50:06.240,1,61820,80583407,0,engine_load_pct,41
2026-10-09T10:50:06.240,1,61821,80583971,0,actual_torque_pct,18
2026-10-09T10:50:06.240,1,61821,80583971,0,engine_rpm,731.000
2026-10-09T10:50:06.242,1,61824,80585709,39,vehicle_speed_kmh,0.000
2026-10-09T10:50:06.250,1,61832,80593109,0,actual_torque_pct,18
2026-10-09T10:50:06.250,1,61832,80593109,0,engine_rpm,735.000
2026-10-09T10:50:06.250,1,61833,80593702,0,fuel_rate_lph,7.35
2026-10-09T10:50:06.250,1,61833,80593702,0,fuel_econ_inst_kmpl,0.000
2026-10-09T10:50:06.260,1,61838,80603138,0,actual_torque_pct,19
2026-10-09T10:50:06.260,1,61838,80603138,0,engine_rpm,740.000
2026-10-09T10:50:06.271,1,61844,80614492,0,actual_torque_pct,19
2026-10-09T10:50:06.271,1,61844,80614492,0,engine_rpm,740.000
2026-10-09T10:50:06.280,1,61852,80623410,0,actual_torque_pct,20
2026-10-09T10:50:06.280,1,61852,80623410,0,engine_rpm,746.000
2026-10-09T10:50:06.290,1,61859,80633399,0,engine_load_pct,46
2026-10-09T10:50:06.291,1,61860,80633972,0,actual_torque_pct,20
2026-10-09T10:50:06.291,1,61860,80633972,0,engine_rpm,753.000
2026-10-09T10:50:06.292,1,61862,80635125,39,fuel_level_pct,1.2
2026-10-09T10:50:06.300,1,61871,80643102,0,actual_torque_pct,20
2026-10-09T10:50:06.300,1,61871,80643102,0,engine_rpm,759.000
2026-10-09T10:50:06.311,1,61877,80654382,0,actual_torque_pct,20
2026-10-09T10:50:06.311,1,61877,80654382,0,engine_rpm,759.000
2026-10-09T10:50:06.319,1,61883,80663056,0,actual_torque_pct,22
2026-10-09T10:50:06.319,1,61883,80663056,0,engine_rpm,766.000
2026-10-09T10:50:06.330,1,61890,80673582,0,actual_torque_pct,22
2026-10-09T10:50:06.330,1,61890,80673582,0,engine_rpm,772.000
2026-10-09T10:50:06.340,1,61897,80683420,0,engine_load_pct,52
2026-10-09T10:50:06.340,1,61898,80683992,0,actual_torque_pct,23
2026-10-09T10:50:06.340,1,61898,80683992,0,engine_rpm,778.000
2026-10-09T10:50:06.343,1,61901,80685723,39,vehicle_speed_kmh,0.000
2026-10-09T10:50:06.350,1,61909,80693074,0,actual_torque_pct,24
2026-10-09T10:50:06.350,1,61909,80693074,0,engine_rpm,785.000
2026-10-09T10:50:06.350,1,61910,80693657,0,fuel_rate_lph,9.30
2026-10-09T10:50:06.350,1,61910,80693657,0,fuel_econ_inst_kmpl,0.000
2026-10-09T10:50:06.361,1,61917,80704336,0,actual_torque_pct,24
2026-10-09T10:50:06.361,1,61917,80704336,0,engine_rpm,785.000
2026-10-09T10:50:06.369,1,61923,80713054,0,actual_torque_pct,24
2026-10-09T10:50:06.369,1,61923,80713054,0,engine_rpm,793.000
2026-10-09T10:50:06.380,1,61932,80723432,0,actual_torque_pct,24
2026-10-09T10:50:06.380,1,61932,80723432,0,engine_rpm,800.000
2026-10-09T10:50:06.390,1,61939,80733406,0,engine_load_pct,55
2026-10-09T10:50:06.390,1,61940,80733974,0,actual_torque_pct,24
2026-10-09T10:50:06.390,1,61940,80733974,0,engine_rpm,807.000
2026-10-09T10:50:06.393,1,61942,80735129,39,fuel_level_pct,1.2
2026-10-09T10:50:06.400,1,61952,80743392,0,actual_torque_pct,24
2026-10-09T10:50:06.400,1,61952,80743392,0,engine_rpm,814.000
2026-10-09T10:50:06.411,1,61957,80754292,0,actual_torque_pct,24
2026-10-09T10:50:06.411,1,61957,80754292,0,engine_rpm,814.000
2026-10-09T10:50:06.420,1,61963,80763040,0,actual_torque_pct,25
2026-10-09T10:50:06.420,1,61963,80763040,0,engine_rpm,821.000
2026-10-09T10:50:06.430,1,61970,80773589,0,actual_torque_pct,25
2026-10-09T10:50:06.430,1,61970,80773589,0,engine_rpm,827.000
2026-10-09T10:50:06.440,1,61977,80783429,0,engine_load_pct,56
2026-10-09T10:50:06.440,1,61978,80784007,0,actual_torque_pct,25
2026-10-09T10:50:06.440,1,61978,80784007,0,engine_rpm,833.000
2026-10-09T10:50:06.442,1,61981,80785713,39,vehicle_speed_kmh,0.000
2026-10-09T10:50:06.449,1,61989,80793065,0,actual_torque_pct,25
2026-10-09T10:50:06.449,1,61989,80793065,0,engine_rpm,839.000
2026-10-09T10:50:06.450,1,61990,80793642,0,fuel_rate_lph,10.45
2026-10-09T10:50:06.450,1,61990,80793642,0,fuel_econ_inst_kmpl,0.000
2026-10-09T10:50:06.459,1,61995,80803071,0,actual_torque_pct,25
2026-10-09T10:50:06.459,1,61995,80803071,0,engine_rpm,846.000
2026-10-09T10:50:06.470,1,62001,80813970,0,actual_torque_pct,25
2026-10-09T10:50:06.470,1,62001,80813970,0,engine_rpm,854.000
2026-10-09T10:50:06.481,1,62009,80824272,0,actual_torque_pct,25
2026-10-09T10:50:06.481,1,62009,80824272,0,engine_rpm,854.000
2026-10-09T10:50:06.490,1,62016,80833396,0,engine_load_pct,56
2026-10-09T10:50:06.490,1,62017,80833969,0,actual_torque_pct,25
2026-10-09T10:50:06.490,1,62017,80833969,0,engine_rpm,860.000
2026-10-09T10:50:06.492,1,62019,80835123,39,fuel_level_pct,1.2
2026-10-09T10:50:06.499,1,62028,80842996,0,actual_torque_pct,25
2026-10-09T10:50:06.499,1,62028,80842996,0,engine_rpm,866.000
2026-10-09T10:50:06.509,1,62033,80852990,0,actual_torque_pct,25
2026-10-09T10:50:06.509,1,62033,80852990,0,engine_rpm,872.000
2026-10-09T10:50:06.519,1,62039,80862970,0,actual_torque_pct,24
2026-10-09T10:50:06.519,1,62039,80862970,0,engine_rpm,879.000
2026-10-09T10:50:06.530,1,62046,80873579,0,actual_torque_pct,24
2026-10-09T10:50:06.530,1,62046,80873579,0,engine_rpm,884.000
2026-10-09T10:50:06.540,1,62053,80883426,0,engine_load_pct,54
2026-10-09T10:50:06.540,1,62054,80883993,0,actual_torque_pct,24
2026-10-09T10:50:06.540,1,62054,80883993,0,engine_rpm,890.000
2026-10-09T10:50:06.543,1,62059,80886865,39,vehicle_speed_kmh,0.000
2026-10-09T10:50:06.544,1,62061,80888030,0,boost_pressure_kpa,102
2026-10-09T10:50:06.544,1,62061,80888030,0,intake_manifold_temp_c,32
2026-10-09T10:50:06.550,1,62067,80893338,0,actual_torque_pct,24
2026-10-09T10:50:06.550,1,62067,80893338,0,engine_rpm,895.000
2026-10-09T10:50:06.552,1,62070,80895061,0,fuel_rate_lph,10.25
2026-10-09T10:50:06.552,1,62070,80895061,0,fuel_econ_inst_kmpl,0.000
2026-10-09T10:50:06.561,1,62075,80904373,0,actual_torque_pct,24
2026-10-09T10:50:06.561,1,62075,80904373,0,engine_rpm,900.000
2026-10-09T10:50:06.571,1,62081,80914139,0,actual_torque_pct,24
2026-10-09T10:50:06.571,1,62081,80914139,0,engine_rpm,900.000
2026-10-09T10:50:06.580,1,62089,80923454,0,actual_torque_pct,23
2026-10-09T10:50:06.580,1,62089,80923454,0,engine_rpm,905.000
2026-10-09T10:50:06.590,1,62096,80933421,0,engine_load_pct,52
2026-10-09T10:50:06.590,1,62097,80933996,0,actual_torque_pct,23
2026-10-09T10:50:06.590,1,62097,80933996,0,engine_rpm,909.000
2026-10-09T10:50:06.592,1,62100,80935711,39,fuel_level_pct,1.2
2026-10-09T10:50:06.599,1,62109,80942942,0,actual_torque_pct,23
2026-10-09T10:50:06.599,1,62109,80942942,0,engine_rpm,914.000
2026-10-09T10:50:06.609,1,62114,80952975,0,actual_torque_pct,23
2026-10-09T10:50:06.609,1,62114,80952975,0,engine_rpm,919.000
2026-10-09T10:50:06.619,1,62120,80962968,0,actual_torque_pct,23
2026-10-09T10:50:06.619,1,62120,80962968,0,engine_rpm,923.000
2026-10-09T10:50:06.631,1,62127,80973591,0,actual_torque_pct,22
2026-10-09T10:50:06.631,1,62127,80973591,0,engine_rpm,927.000
2026-10-09T10:50:06.640,1,62134,80983426,0,engine_load_pct,49
2026-10-09T10:50:06.640,1,62135,80983987,0,actual_torque_pct,22
2026-10-09T10:50:06.640,1,62135,80983987,0,engine_rpm,932.000
2026-10-09T10:50:06.642,1,62138,80985707,39,vehicle_speed_kmh,0.000
2026-10-09T10:50:06.644,1,62142,80988013,0,oil_pressure_kpa,584
2026-10-09T10:50:06.650,1,62147,80992982,0,actual_torque_pct,22
2026-10-09T10:50:06.650,1,62147,80992982,0,engine_rpm,936.000
2026-10-09T10:50:06.651,1,62150,80994696,0,fuel_rate_lph,9.65
2026-10-09T10:50:06.651,1,62150,80994696,0,fuel_econ_inst_kmpl,0.000
2026-10-09T10:50:06.659,1,62155,81002936,0,actual_torque_pct,22
2026-10-09T10:50:06.659,1,62155,81002936,0,engine_rpm,940.000
2026-10-09T10:50:06.669,1,62161,81012917,0,actual_torque_pct,21
2026-10-09T10:50:06.669,1,62161,81012917,0,engine_rpm,944.000
2026-10-09T10:50:06.680,1,62169,81023453,0,actual_torque_pct,21
2026-10-09T10:50:06.680,1,62169,81023453,0,engine_rpm,948.000
2026-10-09T10:50:06.691,1,62177,81033416,0,engine_load_pct,47
2026-10-09T10:50:06.692,1,62178,81033974,0,actual_torque_pct,21
2026-10-09T10:50:06.692,1,62178,81033974,0,engine_rpm,951.000
2026-10-09T10:50:06.693,1,62181,81035711,39,fuel_level_pct,1.2
2026-10-09T10:50:06.700,1,62190,81043557,0,actual_torque_pct,21
2026-10-09T10:50:06.700,1,62190,81043557,0,engine_rpm,954.000
2026-10-09T10:50:06.710,1,62197,81054087,0,actual_torque_pct,16
2026-10-09T10:50:06.710,1,62197,81054087,0,engine_rpm,957.000
2026-10-09T10:50:06.721,1,62203,81064123,0,actual_torque_pct,16
2026-10-09T10:50:06.721,1,62203,81064123,0,engine_rpm,957.000
2026-10-09T10:50:06.731,1,62210,81074333,0,actual_torque_pct,16
2026-10-09T10:50:06.731,1,62210,81074333,0,engine_rpm,959.000
2026-10-09T10:50:06.740,1,62218,81084030,39,vehicle_speed_kmh,0.000
2026-10-09T10:50:06.741,1,62219,81084596,0,engine_load_pct,29
2026-10-09T10:50:06.742,1,62220,81085175,0,actual_torque_pct,13
2026-10-09T10:50:06.742,1,62220,81085175,0,engine_rpm,963.000
2026-10-09T10:50:06.745,1,62225,81088806,0,coolant_temp_c,33
2026-10-09T10:50:06.745,1,62225,81088806,0,fuel_temp_c,32
2026-10-09T10:50:06.745,1,62225,81088806,0,oil_temp_c,34.38
2026-10-09T10:50:06.751,1,62230,81094270,0,actual_torque_pct,13
2026-10-09T10:50:06.751,1,62230,81094270,0,engine_rpm,967.000
2026-10-09T10:50:06.752,1,62233,81095970,0,fuel_rate_lph,6.00
2026-10-09T10:50:06.752,1,62233,81095970,0,fuel_econ_inst_kmpl,0.000
2026-10-09T10:50:06.761,1,62238,81104149,0,actual_torque_pct,9
2026-10-09T10:50:06.761,1,62238,81104149,0,engine_rpm,970.000
2026-10-09T10:50:06.771,1,62244,81114256,0,actual_torque_pct,9
2026-10-09T10:50:06.771,1,62244,81114256,0,engine_rpm,971.000
2026-10-09T10:50:06.780,1,62252,81123494,0,actual_torque_pct,6
2026-10-09T10:50:06.780,1,62252,81123494,0,engine_rpm,971.000
2026-10-09T10:50:06.790,1,62259,81133434,0,engine_load_pct,14
2026-10-09T10:50:06.790,1,62260,81134012,0,actual_torque_pct,6
2026-10-09T10:50:06.790,1,62260,81134012,0,engine_rpm,971.000
2026-10-09T10:50:06.792,1,62263,81135747,39,fuel_level_pct,1.2
2026-10-09T10:50:06.799,1,62272,81142927,0,actual_torque_pct,6
2026-10-09T10:50:06.799,1,62272,81142927,0,engine_rpm,971.000
2026-10-09T10:50:06.809,1,62279,81152834,0,actual_torque_pct,6
2026-10-09T10:50:06.809,1,62279,81152834,0,engine_rpm,969.000
2026-10-09T10:50:06.819,1,62285,81162842,0,actual_torque_pct,3
2026-10-09T10:50:06.819,1,62285,81162842,0,engine_rpm,967.000
2026-10-09T10:50:06.830,1,62292,81173585,0,actual_torque_pct,3
2026-10-09T10:50:06.830,1,62292,81173585,0,engine_rpm,965.000
2026-10-09T10:50:06.840,1,62299,81183476,0,engine_load_pct,2
2026-10-09T10:50:06.841,1,62300,81184026,0,actual_torque_pct,1
2026-10-09T10:50:06.841,1,62300,81184026,0,engine_rpm,963.000
2026-10-09T10:50:06.842,1,62303,81185743,39,vehicle_speed_kmh,0.000
2026-10-09T10:50:06.849,1,62312,81192862,0,actual_torque_pct,1
2026-10-09T10:50:06.849,1,62312,81192862,0,engine_rpm,962.000
2026-10-09T10:50:06.850,1,62314,81194029,0,fuel_rate_lph,1.55
2026-10-09T10:50:06.850,1,62314,81194029,0,fuel_econ_inst_kmpl,0.000
2026-10-09T10:50:06.859,1,62319,81202928,0,actual_torque_pct,0
2026-10-09T10:50:06.859,1,62319,81202928,0,engine_rpm,960.000
2026-10-09T10:50:06.869,1,62326,81212834,0,actual_torque_pct,0
2026-10-09T10:50:06.869,1,62326,81212834,0,engine_rpm,957.000
2026-10-09T10:50:06.870,1,62328,81213973,0,engine_hours,40.25
2026-10-09T10:50:06.880,1,62335,81223475,0,actual_torque_pct,0
2026-10-09T10:50:06.880,1,62335,81223475,0,engine_rpm,953.000
2026-10-09T10:50:06.890,1,62342,81233417,0,engine_load_pct,0
2026-10-09T10:50:06.890,1,62343,81233988,0,actual_torque_pct,0
2026-10-09T10:50:06.890,1,62343,81233988,0,engine_rpm,949.000
2026-10-09T10:50:06.892,1,62346,81235724,39,fuel_level_pct,1.2
2026-10-09T10:50:06.899,1,62354,81242853,0,actual_torque_pct,0
2026-10-09T10:50:06.899,1,62354,81242853,0,engine_rpm,944.000
2026-10-09T10:50:06.909,1,62359,81252786,0,actual_torque_pct,0
2026-10-09T10:50:06.909,1,62359,81252786,0,engine_rpm,937.000
2026-10-09T10:50:06.919,1,62365,81262789,0,actual_torque_pct,0
2026-10-09T10:50:06.919,1,62365,81262789,0,engine_rpm,930.000
2026-10-09T10:50:06.930,1,62372,81273575,0,actual_torque_pct,0
2026-10-09T10:50:06.930,1,62372,81273575,0,engine_rpm,923.000
2026-10-09T10:50:06.940,1,62380,81284016,39,vehicle_speed_kmh,0.000
2026-10-09T10:50:06.941,1,62381,81284590,0,engine_load_pct,0
2026-10-09T10:50:06.942,1,62382,81285143,0,actual_torque_pct,0
2026-10-09T10:50:06.942,1,62382,81285143,0,engine_rpm,923.000
2026-10-09T10:50:06.950,1,62391,81294114,0,actual_torque_pct,0
2026-10-09T10:50:06.950,1,62391,81294114,0,engine_rpm,916.000
2026-10-09T10:50:06.951,1,62392,81294713,0,fuel_rate_lph,0.00
2026-10-09T10:50:06.951,1,62392,81294713,0,fuel_econ_inst_kmpl,125.498
2026-10-09T10:50:06.959,1,62397,81302742,0,actual_torque_pct,0
2026-10-09T10:50:06.959,1,62397,81302742,0,engine_rpm,909.000
2026-10-09T10:50:06.969,1,62403,81312843,0,actual_torque_pct,0
2026-10-09T10:50:06.969,1,62403,81312843,0,engine_rpm,903.000
2026-10-09T10:50:06.980,1,62411,81323494,0,actual_torque_pct,0
2026-10-09T10:50:06.980,1,62411,81323494,0,engine_rpm,896.000
2026-10-09T10:50:06.990,1,62418,81333422,0,engine_load_pct,0
2026-10-09T10:50:06.990,1,62419,81333989,0,actual_torque_pct,0
2026-10-09T10:50:06.990,1,62419,81333989,0,engine_rpm,889.000
2026-10-09T10:50:06.992,1,62422,81335729,39,fuel_level_pct,1.2
2026-10-09T10:50:06.999,1,62430,81342870,0,actual_torque_pct,0
2026-10-09T10:50:06.999,1,62430,81342870,0,engine_rpm,882.000
2026-10-09T10:50:07.009,1,62435,81352795,0,actual_torque_pct,0
2026-10-09T10:50:07.009,1,62435,81352795,0,engine_rpm,874.000
2026-10-09T10:50:07.020,1,62441,81363217,0,actual_torque_pct,0
2026-10-09T10:50:07.020,1,62441,81363217,0,engine_rpm,867.000
2026-10-09T10:50:07.031,1,62449,81374120,0,actual_torque_pct,0
2026-10-09T10:50:07.031,1,62449,81374120,0,engine_rpm,867.000
2026-10-09T10:50:07.040,1,62457,81383455,0,engine_load_pct,0
2026-10-09T10:50:07.040,1,62458,81384008,0,actual_torque_pct,0
2026-10-09T10:50:07.040,1,62458,81384008,0,engine_rpm,860.000
2026-10-09T10:50:07.042,1,62461,81385726,39,vehicle_speed_kmh,0.000
2026-10-09T10:50:07.045,1,62465,81389003,0,boost_pressure_kpa,104
2026-10-09T10:50:07.045,1,62465,81389003,0,intake_manifold_temp_c,32
2026-10-09T10:50:07.049,1,62470,81392931,0,actual_torque_pct,0
2026-10-09T10:50:07.049,1,62470,81392931,0,engine_rpm,853.000
2026-10-09T10:50:07.051,1,62472,81394100,0,fuel_rate_lph,0.00
2026-10-09T10:50:07.051,1,62472,81394100,0,fuel_econ_inst_kmpl,125.498
2026-10-09T10:50:07.059,1,62477,81402743,0,actual_torque_pct,0
2026-10-09T10:50:07.059,1,62477,81402743,0,engine_rpm,845.000
2026-10-09T10:50:07.069,1,62483,81412831,0,actual_torque_pct,0
2026-10-09T10:50:07.069,1,62483,81412831,0,engine_rpm,838.000
2026-10-09T10:50:07.080,1,62491,81423504,0,actual_torque_pct,0
2026-10-09T10:50:07.080,1,62491,81423504,0,engine_rpm,830.000
2026-10-09T10:50:07.090,1,62499,81433991,0,engine_load_pct,0
2026-10-09T10:50:07.091,1,62500,81434540,0,actual_torque_pct,0
2026-10-09T10:50:07.091,1,62500,81434540,0,engine_rpm,830.000
2026-10-09T10:50:07.092,1,62502,81435713,39,fuel_level_pct,1.2
2026-10-09T10:50:07.099,1,62510,81442843,0,actual_torque_pct,0
2026-10-09T10:50:07.099,1,62510,81442843,0,engine_rpm,823.000
2026-10-09T10:50:07.109,1,62515,81452785,0,actual_torque_pct,0
2026-10-09T10:50:07.109,1,62515,81452785,0,engine_rpm,815.000
2026-10-09T10:50:07.119,1,62521,81462766,0,actual_torque_pct,0
2026-10-09T10:50:07.119,1,62521,81462766,0,engine_rpm,808.000
2026-10-09T10:50:07.130,1,62528,81473604,0,actual_torque_pct,0
2026-10-09T10:50:07.130,1,62528,81473604,0,engine_rpm,800.000
2026-10-09T10:50:07.141,1,62536,81483997,0,engine_load_pct,0
2026-10-09T10:50:07.141,1,62537,81484559,0,actual_torque_pct,0
2026-10-09T10:50:07.141,1,62537,81484559,0,engine_rpm,800.000
2026-10-09T10:50:07.142,1,62539,81485709,39,vehicle_speed_kmh,0.000
2026-10-09T10:50:07.145,1,62543,81488536,0,oil_pressure_kpa,580
2026-10-09T10:50:07.149,1,62548,81492862,0,actual_torque_pct,0
2026-10-09T10:50:07.149,1,62548,81492862,0,engine_rpm,793.000
2026-10-09T10:50:07.150,1,62549,81493452,0,fuel_rate_lph,0.00
2026-10-09T10:50:07.150,1,62549,81493452,0,fuel_econ_inst_kmpl,125.498
2026-10-09T10:50:07.159,1,62554,81502798,0,actual_torque_pct,0
2026-10-09T10:50:07.159,1,62554,81502798,0,engine_rpm,785.000
2026-10-09T10:50:07.169,1,62560,81512813,0,actual_torque_pct,0
2026-10-09T10:50:07.169,1,62560,81512813,0,engine_rpm,777.000
2026-10-09T10:50:07.180,1,62568,81523518,0,actual_torque_pct,0
2026-10-09T10:50:07.180,1,62568,81523518,0,engine_rpm,770.000
2026-10-09T10:50:07.190,1,62575,81533421,0,engine_load_pct,0
2026-10-09T10:50:07.190,1,62576,81533992,0,actual_torque_pct,0
2026-10-09T10:50:07.190,1,62576,81533992,0,engine_rpm,770.000
2026-10-09T10:50:07.195,1,62581,81538295,39,fuel_level_pct,1.2
2026-10-09T10:50:07.199,1,62587,81542862,0,actual_torque_pct,0
2026-10-09T10:50:07.199,1,62587,81542862,0,engine_rpm,762.000
2026-10-09T10:50:07.209,1,62592,81552797,0,actual_torque_pct,0
2026-10-09T10:50:07.209,1,62592,81552797,0,engine_rpm,754.000
2026-10-09T10:50:07.220,1,62598,81563479,0,actual_torque_pct,0
2026-10-09T10:50:07.220,1,62598,81563479,0,engine_rpm,746.000
2026-10-09T10:50:07.230,1,62605,81573578,0,actual_torque_pct,0
2026-10-09T10:50:07.230,1,62605,81573578,0,engine_rpm,746.000
2026-10-09T10:50:07.241,1,62612,81583444,0,engine_load_pct,0
2026-10-09T10:50:07.241,1,62613,81583997,0,actual_torque_pct,0
2026-10-09T10:50:07.241,1,62613,81583997,0,engine_rpm,739.000
2026-10-09T10:50:07.242,1,62616,81585714,39,vehicle_speed_kmh,0.000
2026-10-09T10:50:07.249,1,62624,81592853,0,actual_torque_pct,0
2026-10-09T10:50:07.249,1,62624,81592853,0,engine_rpm,731.000
2026-10-09T10:50:07.250,1,62625,81593443,0,fuel_rate_lph,0.00
2026-10-09T10:50:07.250,1,62625,81593443,0,fuel_econ_inst_kmpl,125.498
2026-10-09T10:50:07.260,1,62630,81603849,0,actual_torque_pct,0
2026-10-09T10:50:07.260,1,62630,81603849,0,engine_rpm,731.000
2026-10-09T10:50:07.269,1,62636,81612822,0,actual_torque_pct,0
2026-10-09T10:50:07.269,1,62636,81612822,0,engine_rpm,724.000
2026-10-09T10:50:07.280,1,62644,81623519,0,actual_torque_pct,0
2026-10-09T10:50:07.280,1,62644,81623519,0,engine_rpm,715.000
2026-10-09T10:50:07.290,1,62651,81633409,0,engine_load_pct,0
2026-10-09T10:50:07.290,1,62652,81633978,0,actual_torque_pct,0
2026-10-09T10:50:07.290,1,62652,81633978,0,engine_rpm,708.000
2026-10-09T10:50:07.292,1,62654,81635127,39,fuel_level_pct,1.2
2026-10-09T10:50:07.299,1,62663,81642847,0,actual_torque_pct,0
2026-10-09T10:50:07.299,1,62663,81642847,0,engine_rpm,708.000
2026-10-09T10:50:07.309,1,62669,81652782,0,actual_torque_pct,0
2026-10-09T10:50:07.309,1,62669,81652782,0,engine_rpm,700.000
2026-10-09T10:50:07.319,1,62675,81662813,0,actual_torque_pct,0
2026-10-09T10:50:07.319,1,62675,81662813,0,engine_rpm,691.000
2026-10-09T10:50:07.330,1,62682,81673580,0,actual_torque_pct,0
2026-10-09T10:50:07.330,1,62682,81673580,0,engine_rpm,691.000
2026-10-09T10:50:07.340,1,62689,81683437,0,engine_load_pct,0
2026-10-09T10:50:07.340,1,62690,81683988,0,actual_torque_pct,0
2026-10-09T10:50:07.340,1,62690,81683988,0,engine_rpm,683.000
2026-10-09T10:50:07.342,1,62693,81685705,39,vehicle_speed_kmh,0.000
2026-10-09T10:50:07.350,1,62701,81692869,0,actual_torque_pct,0
2026-10-09T10:50:07.350,1,62701,81692869,0,engine_rpm,675.000
2026-10-09T10:50:07.350,1,62702,81693455,0,fuel_rate_lph,0.00
2026-10-09T10:50:07.350,1,62702,81693455,0,fuel_econ_inst_kmpl,125.498
2026-10-09T10:50:07.359,1,62707,81702768,0,actual_torque_pct,0
2026-10-09T10:50:07.359,1,62707,81702768,0,engine_rpm,675.000
2026-10-09T10:50:07.369,1,62715,81712817,0,actual_torque_pct,0
2026-10-09T10:50:07.369,1,62715,81712817,0,engine_rpm,668.000
2026-10-09T10:50:07.380,1,62724,81723542,0,actual_torque_pct,0
2026-10-09T10:50:07.380,1,62724,81723542,0,engine_rpm,659.000
2026-10-09T10:50:07.390,1,62731,81733434,0,engine_load_pct,0
2026-10-09T10:50:07.390,1,62732,81733984,0,actual_torque_pct,0
2026-10-09T10:50:07.390,1,62732,81733984,0,engine_rpm,659.000
2026-10-09T10:50:07.392,1,62734,81735138,39,fuel_level_pct,1.2
2026-10-09T10:50:07.399,1,62743,81742814,0,actual_torque_pct,0
2026-10-09T10:50:07.399,1,62743,81742814,0,engine_rpm,651.000
2026-10-09T10:50:07.409,1,62749,81752801,0,actual_torque_pct,0
2026-10-09T10:50:07.409,1,62749,81752801,0,engine_rpm,643.000
2026-10-09T10:50:07.419,1,62755,81762800,0,actual_torque_pct,0
2026-10-09T10:50:07.419,1,62755,81762800,0,engine_rpm,643.000
2026-10-09T10:50:07.431,1,62762,81773597,0,actual_torque_pct,0
2026-10-09T10:50:07.431,1,62762,81773597,0,engine_rpm,635.000
2026-10-09T10:50:07.440,1,62770,81784007,0,engine_load_pct,0
2026-10-09T10:50:07.441,1,62771,81784573,0,actual_torque_pct,0
2026-10-09T10:50:07.441,1,62771,81784573,0,engine_rpm,635.000
2026-10-09T10:50:07.442,1,62773,81785729,39,vehicle_speed_kmh,0.000
2026-10-09T10:50:07.449,1,62781,81792892,0,actual_torque_pct,0
2026-10-09T10:50:07.449,1,62781,81792892,0,engine_rpm,627.000
2026-10-09T10:50:07.451,1,62782,81793467,0,fuel_rate_lph,0.00
2026-10-09T10:50:07.451,1,62782,81793467,0,fuel_econ_inst_kmpl,125.498
2026-10-09T10:50:07.459,1,62787,81802764,0,actual_torque_pct,1
2026-10-09T10:50:07.459,1,62787,81802764,0,engine_rpm,618.000
2026-10-09T10:50:07.469,1,62793,81812835,0,actual_torque_pct,1
2026-10-09T10:50:07.469,1,62793,81812835,0,engine_rpm,618.000
2026-10-09T10:50:07.480,1,62801,81823535,0,actual_torque_pct,1
2026-10-09T10:50:07.480,1,62801,81823535,0,engine_rpm,610.000
2026-10-09T10:50:07.490,1,62809,81833992,0,engine_load_pct,1
2026-10-09T10:50:07.491,1,62810,81834549,0,actual_torque_pct,1
2026-10-09T10:50:07.491,1,62810,81834549,0,engine_rpm,610.000
2026-10-09T10:50:07.492,1,62811,81835135,39,fuel_level_pct,1.2
2026-10-09T10:50:07.499,1,62820,81842871,0,actual_torque_pct,1
2026-10-09T10:50:07.499,1,62820,81842871,0,engine_rpm,601.000
2026-10-09T10:50:07.509,1,62825,81852785,0,actual_torque_pct,1
2026-10-09T10:50:07.509,1,62825,81852785,0,engine_rpm,593.000
2026-10-09T10:50:07.519,1,62831,81862778,0,actual_torque_pct,1
2026-10-09T10:50:07.519,1,62831,81862778,0,engine_rpm,593.000
2026-10-09T10:50:07.530,1,62838,81873591,0,actual_torque_pct,2
2026-10-09T10:50:07.530,1,62838,81873591,0,engine_rpm,584.000
2026-10-09T10:50:07.540,1,62845,81883460,0,engine_load_pct,3
2026-10-09T10:50:07.540,1,62846,81884015,0,actual_torque_pct,2
2026-10-09T10:50:07.540,1,62846,81884015,0,engine_rpm,584.000
2026-10-09T10:50:07.543,1,62850,81886311,39,vehicle_speed_kmh,0.000
2026-10-09T10:50:07.545,1,62854,81888651,0,boost_pressure_kpa,106
2026-10-09T10:50:07.545,1,62854,81888651,0,intake_manifold_temp_c,32
2026-10-09T10:50:07.549,1,62859,81892864,0,actual_torque_pct,2
2026-10-09T10:50:07.549,1,62859,81892864,0,engine_rpm,576.000
2026-10-09T10:50:07.551,1,62862,81894595,0,fuel_rate_lph,0.50
2026-10-09T10:50:07.551,1,62862,81894595,0,fuel_econ_inst_kmpl,0.000
2026-10-09T10:50:07.560,1,62867,81903951,0,actual_torque_pct,3
2026-10-09T10:50:07.560,1,62867,81903951,0,engine_rpm,568.000
2026-10-09T10:50:07.569,1,62873,81912823,0,actual_torque_pct,3
2026-10-09T10:50:07.569,1,62873,81912823,0,engine_rpm,568.000
2026-10-09T10:50:07.580,1,62881,81923560,0,actual_torque_pct,5
2026-10-09T10:50:07.580,1,62881,81923560,0,engine_rpm,563.000
2026-10-09T10:50:07.590,1,62888,81933433,0,engine_load_pct,9
2026-10-09T10:50:07.590,1,62889,81934002,0,actual_torque_pct,5
2026-10-09T10:50:07.590,1,62889,81934002,0,engine_rpm,563.000
2026-10-09T10:50:07.592,1,62892,81935725,39,fuel_level_pct,1.2
2026-10-09T10:50:07.599,1,62901,81942844,0,actual_torque_pct,6
2026-10-09T10:50:07.599,1,62901,81942844,0,engine_rpm,559.000
2026-10-09T10:50:07.610,1,62906,81952798,0,actual_torque_pct,6
2026-10-09T10:50:07.610,1,62906,81952798,0,engine_rpm,559.000
2026-10-09T10:50:07.619,1,62912,81962778,0,actual_torque_pct,7
2026-10-09T10:50:07.619,1,62912,81962778,0,engine_rpm,555.000
2026-10-09T10:50:07.631,1,62919,81973639,0,actual_torque_pct,7
2026-10-09T10:50:07.631,1,62919,81973639,0,engine_rpm,555.000
2026-10-09T10:50:07.640,1,62926,81983441,0,engine_load_pct,14
2026-10-09T10:50:07.640,1,62927,81984023,0,actual_torque_pct,8
2026-10-09T10:50:07.640,1,62927,81984023,0,engine_rpm,552.000
2026-10-09T10:50:07.642,1,62930,81985723,39,vehicle_speed_kmh,0.000
2026-10-09T10:50:07.644,1,62933,81987464,0,oil_pressure_kpa,456
2026-10-09T10:50:07.650,1,62939,81993610,0,actual_torque_pct,9
2026-10-09T10:50:07.650,1,62939,81993610,0,engine_rpm,550.000
2026-10-09T10:50:07.652,1,62942,81995344,0,fuel_rate_lph,2.30
2026-10-09T10:50:07.652,1,62942,81995344,0,fuel_econ_inst_kmpl,0.000
2026-10-09T10:50:07.659,1,62947,82002765,0,actual_torque_pct,9
2026-10-09T10:50:07.659,1,62947,82002765,0,engine_rpm,550.000
2026-10-09T10:50:07.669,1,62953,82012846,0,actual_torque_pct,8
2026-10-09T10:50:07.669,1,62953,82012846,0,engine_rpm,550.000
2026-10-09T10:50:07.680,1,62961,82023552,0,actual_torque_pct,8
2026-10-09T10:50:07.680,1,62961,82023552,0,engine_rpm,550.000
2026-10-09T10:50:07.691,1,62969,82033428,0,engine_load_pct,15
2026-10-09T10:50:07.692,1,62970,82033991,0,actual_torque_pct,8
2026-10-09T10:50:07.692,1,62970,82033991,0,engine_rpm,551.000
2026-10-09T10:50:07.694,1,62973,82035722,39,fuel_level_pct,1.2
2026-10-09T10:50:07.699,1,62982,82042883,0,actual_torque_pct,8
2026-10-09T10:50:07.699,1,62982,82042883,0,engine_rpm,551.000
2026-10-09T10:50:07.709,1,62989,82052793,0,actual_torque_pct,8
2026-10-09T10:50:07.709,1,62989,82052793,0,engine_rpm,553.000
2026-10-09T10:50:07.720,1,62995,82062792,0,actual_torque_pct,8
2026-10-09T10:50:07.720,1,62995,82062792,0,engine_rpm,553.000
2026-10-09T10:50:07.730,1,63002,82073588,0,actual_torque_pct,8
2026-10-09T10:50:07.730,1,63002,82073588,0,engine_rpm,554.000
2026-10-09T10:50:07.740,1,63010,82084026,0,engine_load_pct,15
2026-10-09T10:50:07.741,1,63011,82084576,0,actual_torque_pct,8
2026-10-09T10:50:07.741,1,63011,82084576,0,engine_rpm,554.000
2026-10-09T10:50:07.742,1,63013,82085731,39,vehicle_speed_kmh,0.000
2026-10-09T10:50:07.745,1,63017,82088361,0,coolant_temp_c,33
2026-10-09T10:50:07.745,1,63017,82088361,0,fuel_temp_c,32
2026-10-09T10:50:07.745,1,63017,82088361,0,oil_temp_c,34.38
2026-10-09T10:50:07.749,1,63022,82092877,0,actual_torque_pct,8
2026-10-09T10:50:07.749,1,63022,82092877,0,engine_rpm,556.000
2026-10-09T10:50:07.751,1,63025,82094573,0,fuel_rate_lph,2.45
2026-10-09T10:50:07.751,1,63025,82094573,0,fuel_econ_inst_kmpl,0.000
2026-10-09T10:50:07.759,1,63030,82102843,0,actual_torque_pct,8
2026-10-09T10:50:07.759,1,63030,82102843,0,engine_rpm,557.000
2026-10-09T10:50:07.769,1,63036,82112825,0,actual_torque_pct,8
2026-10-09T10:50:07.769,1,63036,82112825,0,engine_rpm,557.000
2026-10-09T10:50:07.780,1,63044,82123563,0,actual_torque_pct,8
2026-10-09T10:50:07.780,1,63044,82123563,0,engine_rpm,559.000
2026-10-09T10:50:07.790,1,63051,82133432,0,engine_load_pct,15
2026-10-09T10:50:07.790,1,63052,82133983,0,actual_torque_pct,8
2026-10-09T10:50:07.790,1,63052,82133983,0,engine_rpm,559.000
2026-10-09T10:50:07.792,1,63055,82135729,39,fuel_level_pct,1.2
2026-10-09T10:50:07.799,1,63064,82142814,0,actual_torque_pct,8
2026-10-09T10:50:07.799,1,63064,82142814,0,engine_rpm,559.000
2026-10-09T10:50:07.810,1,63071,82153517,0,actual_torque_pct,8
2026-10-09T10:50:07.810,1,63071,82153517,0,engine_rpm,559.000
2026-10-09T10:50:07.819,1,63077,82162801,0,actual_torque_pct,8
2026-10-09T10:50:07.819,1,63077,82162801,0,engine_rpm,561.000
2026-10-09T10:50:07.830,1,63084,82173599,0,actual_torque_pct,8
2026-10-09T10:50:07.830,1,63084,82173599,0,engine_rpm,562.000
2026-10-09T10:50:07.840,1,63091,82183462,0,engine_load_pct,14
2026-10-09T10:50:07.840,1,63092,82184019,0,actual_torque_pct,8
2026-10-09T10:50:07.840,1,63092,82184019,0,engine_rpm,562.000
2026-10-09T10:50:07.842,1,63095,82185737,39,vehicle_speed_kmh,0.000
2026-10-09T10:50:07.849,1,63104,82192869,0,actual_torque_pct,8
2026-10-09T10:50:07.849,1,63104,82192869,0,engine_rpm,564.000
2026-10-09T10:50:07.850,1,63106,82194023,0,fuel_rate_lph,2.40
2026-10-09T10:50:07.850,1,63106,82194023,0,fuel_econ_inst_kmpl,0.000
2026-10-09T10:50:07.859,1,63111,82202880,0,actual_torque_pct,8
2026-10-09T10:50:07.859,1,63111,82202880,0,engine_rpm,564.000
2026-10-09T10:50:07.869,1,63118,82212854,0,actual_torque_pct,7
2026-10-09T10:50:07.869,1,63118,82212854,0,engine_rpm,566.000
2026-10-09T10:50:07.870,1,63120,82214005,0,engine_hours,40.25
2026-10-09T10:50:07.880,1,63127,82223535,0,actual_torque_pct,7
2026-10-09T10:50:07.880,1,63127,82223535,0,engine_rpm,566.000
2026-10-09T10:50:07.890,1,63134,82233419,0,engine_load_pct,14
2026-10-09T10:50:07.890,1,63135,82233991,0,actual_torque_pct,7
2026-10-09T10:50:07.890,1,63135,82233991,0,engine_rpm,568.000
2026-10-09T10:50:07.892,1,63137,82235144,39,fuel_level_pct,1.2
2026-10-09T10:50:07.900,1,63146,82243258,0,actual_torque_pct,7
2026-10-09T10:50:07.900,1,63146,82243258,0,engine_rpm,569.000
2026-10-09T10:50:07.910,1,63151,82252806,0,actual_torque_pct,7
2026-10-09T10:50:07.910,1,63151,82252806,0,engine_rpm,569.000
2026-10-09T10:50:07.919,1,63157,82262811,0,actual_torque_pct,7
2026-10-09T10:50:07.919,1,63157,82262811,0,engine_rpm,570.000
2026-10-09T10:50:07.930,1,63164,82273594,0,actual_torque_pct,7
2026-10-09T10:50:07.930,1,63164,82273594,0,engine_rpm,570.000
2026-10-09T10:50:07.940,1,63171,82283446,0,engine_load_pct,13
2026-10-09T10:50:07.941,1,63172,82284021,0,actual_torque_pct,7
2026-10-09T10:50:07.941,1,63172,82284021,0,engine_rpm,572.000
2026-10-09T10:50:07.942,1,63175,82285743,39,vehicle_speed_kmh,0.000
2026-10-09T10:50:07.949,1,63183,82292875,0,actual_torque_pct,7
2026-10-09T10:50:07.949,1,63183,82292875,0,engine_rpm,572.000
2026-10-09T10:50:07.950,1,63184,82293456,0,fuel_rate_lph,2.25
2026-10-09T10:50:07.950,1,63184,82293456,0,fuel_econ_inst_kmpl,0.000
2026-10-09T10:50:07.959,1,63189,82302754,0,actual_torque_pct,7
2026-10-09T10:50:07.959,1,63189,82302754,0,engine_rpm,573.000
2026-10-09T10:50:07.969,1,63195,82312852,0,actual_torque_pct,7
2026-10-09T10:50:07.969,1,63195,82312852,0,engine_rpm,575.000
2026-10-09T10:50:07.980,1,63203,82323570,0,actual_torque_pct,7
2026-10-09T10:50:07.980,1,63203,82323570,0,engine_rpm,575.000
2026-10-09T10:50:07.990,1,63210,82333439,0,engine_load_pct,14
2026-10-09T10:50:07.990,1,63211,82333993,0,actual_torque_pct,7
2026-10-09T10:50:07.990,1,63211,82333993,0,engine_rpm,576.000
2026-10-09T10:50:07.992,1,63213,82335147,39,fuel_level_pct,1.2
2026-10-09T10:50:07.999,1,63222,82342889,0,actual_torque_pct,7
2026-10-09T10:50:07.999,1,63222,82342889,0,engine_rpm,576.000
2026-10-09T10:50:08.009,1,63227,82352822,0,actual_torque_pct,7
2026-10-09T10:50:08.009,1,63227,82352822,0,engine_rpm,577.000
2026-10-09T10:50:08.021,1,63233,82363505,0,actual_torque_pct,7
2026-10-09T10:50:08.021,1,63233,82363505,0,engine_rpm,577.000
2026-10-09T10:50:08.030,1,63240,82373613,0,actual_torque_pct,6
2026-10-09T10:50:08.030,1,63240,82373613,0,engine_rpm,579.000
2026-10-09T10:50:08.040,1,63249,82383433,0,engine_load_pct,12
2026-10-09T10:50:08.040,1,63250,82384009,0,actual_torque_pct,6
2026-10-09T10:50:08.040,1,63250,82384009,0,engine_rpm,580.000
2026-10-09T10:50:08.043,1,63253,82385716,39,vehicle_speed_kmh,0.000
2026-10-09T10:50:08.044,1,63256,82387453,0,boost_pressure_kpa,104
2026-10-09T10:50:08.044,1,63256,82387453,0,intake_manifold_temp_c,32
2026-10-09T10:50:08.049,1,63262,82392887,0,actual_torque_pct,6
2026-10-09T10:50:08.049,1,63262,82392887,0,engine_rpm,580.000
2026-10-09T10:50:08.050,1,63264,82394038,0,fuel_rate_lph,2.00
2026-10-09T10:50:08.050,1,63264,82394038,0,fuel_econ_inst_kmpl,0.000
2026-10-09T10:50:08.059,1,63269,82402755,0,actual_torque_pct,7
2026-10-09T10:50:08.059,1,63269,82402755,0,engine_rpm,582.000
2026-10-09T10:50:08.069,1,63275,82412835,0,actual_torque_pct,7
2026-10-09T10:50:08.069,1,63275,82412835,0,engine_rpm,582.000
2026-10-09T10:50:08.080,1,63283,82423552,0,actual_torque_pct,7
2026-10-09T10:50:08.080,1,63283,82423552,0,engine_rpm,583.000
2026-10-09T10:50:08.090,1,63290,82433414,0,engine_load_pct,12
2026-10-09T10:50:08.090,1,63291,82433996,0,actual_torque_pct,6
2026-10-09T10:50:08.090,1,63291,82433996,0,engine_rpm,584.000
2026-10-09T10:50:08.093,1,63294,82435724,39,fuel_level_pct,1.2
2026-10-09T10:50:08.099,1,63302,82442891,0,actual_torque_pct,6
2026-10-09T10:50:08.099,1,63302,82442891,0,engine_rpm,584.000
2026-10-09T10:50:08.110,1,63307,82452822,0,actual_torque_pct,7
2026-10-09T10:50:08.110,1,63307,82452822,0,engine_rpm,584.000
2026-10-09T10:50:08.119,1,63313,82462793,0,actual_torque_pct,7
2026-10-09T10:50:08.119,1,63313,82462793,0,engine_rpm,584.000
2026-10-09T10:50:08.130,1,63320,82473594,0,actual_torque_pct,7
2026-10-09T10:50:08.130,1,63320,82473594,0,engine_rpm,586.000
2026-10-09T10:50:08.140,1,63328,82484013,0,engine_load_pct,13
2026-10-09T10:50:08.141,1,63329,82484585,0,actual_torque_pct,7
2026-10-09T10:50:08.141,1,63329,82484585,0,engine_rpm,586.000
2026-10-09T10:50:08.142,1,63331,82485726,39,vehicle_speed_kmh,0.000
2026-10-09T10:50:08.146,1,63335,82488202,0,oil_pressure_kpa,424
2026-10-09T10:50:08.149,1,63340,82492876,0,actual_torque_pct,8
2026-10-09T10:50:08.149,1,63340,82492876,0,engine_rpm,587.000
2026-10-09T10:50:08.150,1,63341,82493454,0,fuel_rate_lph,2.15
2026-10-09T10:50:08.150,1,63341,82493454,0,fuel_econ_inst_kmpl,0.000
2026-10-09T10:50:08.159,1,63346,82502759,0,actual_torque_pct,9
2026-10-09T10:50:08.159,1,63346,82502759,0,engine_rpm,588.000
2026-10-09T10:50:08.169,1,63352,82512827,0,actual_torque_pct,9
2026-10-09T10:50:08.169,1,63352,82512827,0,engine_rpm,588.000
2026-10-09T10:50:08.180,1,63360,82523568,0,actual_torque_pct,10
2026-10-09T10:50:08.180,1,63360,82523568,0,engine_rpm,588.000
2026-10-09T10:50:08.190,1,63368,82533991,0,actual_torque_pct,10
2026-10-09T10:50:08.190,1,63368,82533991,0,engine_rpm,588.000
2026-10-09T10:50:08.191,1,63369,82534567,0,engine_load_pct,19
2026-10-09T10:50:08.194,1,63373,82538018,39,fuel_level_pct,1.2
2026-10-09T10:50:08.199,1,63379,82542934,0,actual_torque_pct,12
2026-10-09T10:50:08.199,1,63379,82542934,0,engine_rpm,590.000
2026-10-09T10:50:08.209,1,63384,82552807,0,actual_torque_pct,14
2026-10-09T10:50:08.209,1,63384,82552807,0,engine_rpm,591.000
2026-10-09T10:50:08.219,1,63390,82562796,0,actual_torque_pct,14
2026-10-09T10:50:08.219,1,63390,82562796,0,engine_rpm,591.000
2026-10-09T10:50:08.231,1,63397,82573606,0,actual_torque_pct,14
2026-10-09T10:50:08.231,1,63397,82573606,0,engine_rpm,592.000
2026-10-09T10:50:08.240,1,63404,82583440,0,engine_load_pct,27
2026-10-09T10:50:08.240,1,63405,82584004,0,actual_torque_pct,14
2026-10-09T10:50:08.240,1,63405,82584004,0,engine_rpm,592.000
2026-10-09T10:50:08.242,1,63408,82585725,39,vehicle_speed_kmh,0.000
2026-10-09T10:50:08.249,1,63416,82592820,0,actual_torque_pct,14
2026-10-09T10:50:08.249,1,63416,82592820,0,engine_rpm,594.000
2026-10-09T10:50:08.251,1,63417,82593389,0,fuel_rate_lph,4.30
2026-10-09T10:50:08.251,1,63417,82593389,0,fuel_econ_inst_kmpl,0.000
2026-10-09T10:50:08.259,1,63422,82602743,0,actual_torque_pct,15
2026-10-09T10:50:08.259,1,63422,82602743,0,engine_rpm,597.000
2026-10-09T10:50:08.269,1,63428,82612808,0,actual_torque_pct,15
2026-10-09T10:50:08.269,1,63428,82612808,0,engine_rpm,597.000
2026-10-09T10:50:08.280,1,63436,82623545,0,actual_torque_pct,15
2026-10-09T10:50:08.280,1,63436,82623545,0,engine_rpm,600.000
2026-10-09T10:50:08.290,1,63443,82633415,0,engine_load_pct,29
2026-10-09T10:50:08.290,1,63444,82633986,0,actual_torque_pct,15
2026-10-09T10:50:08.290,1,63444,82633986,0,engine_rpm,600.000
2026-10-09T10:50:08.292,1,63447,82635733,39,fuel_level_pct,1.2
2026-10-09T10:50:08.299,1,63455,82642962,0,actual_torque_pct,15
2026-10-09T10:50:08.299,1,63455,82642962,0,engine_rpm,603.000
2026-10-09T10:50:08.309,1,63461,82652801,0,actual_torque_pct,15
2026-10-09T10:50:08.309,1,63461,82652801,0,engine_rpm,607.000
2026-10-09T10:50:08.319,1,63467,82662812,0,actual_torque_pct,15
2026-10-09T10:50:08.319,1,63467,82662812,0,engine_rpm,607.000
2026-10-09T10:50:08.330,1,63474,82673605,0,actual_torque_pct,15
2026-10-09T10:50:08.330,1,63474,82673605,0,engine_rpm,612.000
2026-10-09T10:50:08.340,1,63482,82684014,0,engine_load_pct,29
2026-10-09T10:50:08.341,1,63483,82684587,0,actual_torque_pct,15
2026-10-09T10:50:08.341,1,63483,82684587,0,engine_rpm,612.000
2026-10-09T10:50:08.342,1,63485,82685734,39,vehicle_speed_kmh,0.000
2026-10-09T10:50:08.349,1,63493,82692888,0,actual_torque_pct,15
2026-10-09T10:50:08.349,1,63493,82692888,0,engine_rpm,617.000
2026-10-09T10:50:08.350,1,63494,82693469,0,fuel_rate_lph,4.85
2026-10-09T10:50:08.350,1,63494,82693469,0,fuel_econ_inst_kmpl,0.000
2026-10-09T10:50:08.360,1,63499,82702804,0,actual_torque_pct,15
2026-10-09T10:50:08.360,1,63499,82702804,0,engine_rpm,622.000
2026-10-09T10:50:08.369,1,63507,82712838,0,actual_torque_pct,15
2026-10-09T10:50:08.369,1,63507,82712838,0,engine_rpm,622.000
2026-10-09T10:50:08.380,1,63516,82723569,0,actual_torque_pct,15
2026-10-09T10:50:08.380,1,63516,82723569,0,engine_rpm,627.000
2026-10-09T10:50:08.390,1,63523,82733422,0,engine_load_pct,30
2026-10-09T10:50:08.390,1,63524,82733990,0,actual_torque_pct,15
2026-10-09T10:50:08.390,1,63524,82733990,0,engine_rpm,633.000
2026-10-09T10:50:08.392,1,63527,82735728,39,fuel_level_pct,1.2
2026-10-09T10:50:08.399,1,63535,82742945,0,actual_torque_pct,15
2026-10-09T10:50:08.399,1,63535,82742945,0,engine_rpm,633.000
2026-10-09T10:50:08.410,1,63541,82752804,0,actual_torque_pct,15
2026-10-09T10:50:08.410,1,63541,82752804,0,engine_rpm,638.000
2026-10-09T10:50:08.419,1,63547,82762812,0,actual_torque_pct,15
2026-10-09T10:50:08.419,1,63547,82762812,0,engine_rpm,642.000
2026-10-09T10:50:08.430,1,63554,82773607,0,actual_torque_pct,15
2026-10-09T10:50:08.430,1,63554,82773607,0,engine_rpm,642.000
2026-10-09T10:50:08.441,1,63561,82783441,0,engine_load_pct,31
2026-10-09T10:50:08.441,1,63562,82784020,0,actual_torque_pct,15
2026-10-09T10:50:08.441,1,63562,82784020,0,engine_rpm,647.000
2026-10-09T10:50:08.442,1,63565,82785721,39,vehicle_speed_kmh,0.000
2026-10-09T10:50:08.450,1,63573,82793217,0,actual_torque_pct,15
2026-10-09T10:50:08.450,1,63573,82793217,0,engine_rpm,652.000
2026-10-09T10:50:08.450,1,63574,82793809,0,fuel_rate_lph,5.25
2026-10-09T10:50:08.450,1,63574,82793809,0,fuel_econ_inst_kmpl,0.000
2026-10-09T10:50:08.459,1,63579,82802760,0,actual_torque_pct,15
2026-10-09T10:50:08.459,1,63579,82802760,0,engine_rpm,652.000
2026-10-09T10:50:08.469,1,63585,82812820,0,actual_torque_pct,15
2026-10-09T10:50:08.469,1,63585,82812820,0,engine_rpm,656.000
2026-10-09T10:50:08.480,1,63593,82823538,0,actual_torque_pct,15
2026-10-09T10:50:08.480,1,63593,82823538,0,engine_rpm,656.000
2026-10-09T10:50:08.490,1,63600,82833443,0,engine_load_pct,32
2026-10-09T10:50:08.490,1,63601,82833996,0,actual_torque_pct,15
2026-10-09T10:50:08.490,1,63601,82833996,0,engine_rpm,660.000
2026-10-09T10:50:08.492,1,63602,82834584,39,fuel_level_pct,1.2
2026-10-09T10:50:08.499,1,63612,82842868,0,actual_torque_pct,14
2026-10-09T10:50:08.499,1,63612,82842868,0,engine_rpm,664.000
2026-10-09T10:50:08.510,1,63617,82853205,0,actual_torque_pct,14
2026-10-09T10:50:08.510,1,63617,82853205,0,engine_rpm,664.000
2026-10-09T10:50:08.520,1,63623,82862800,0,actual_torque_pct,14
2026-10-09T10:50:08.520,1,63623,82862800,0,engine_rpm,668.000
2026-10-09T10:50:08.530,1,63630,82873624,0,actual_torque_pct,14
2026-10-09T10:50:08.530,1,63630,82873624,0,engine_rpm,671.000
2026-10-09T10:50:08.540,1,63637,82883443,0,engine_load_pct,31
2026-10-09T10:50:08.540,1,63638,82884011,0,actual_torque_pct,14
2026-10-09T10:50:08.540,1,63638,82884011,0,engine_rpm,676.000
2026-10-09T10:50:08.543,1,63642,82886323,39,vehicle_speed_kmh,0.000
2026-10-09T10:50:08.544,1,63645,82888029,0,boost_pressure_kpa,104
2026-10-09T10:50:08.544,1,63645,82888029,0,intake_manifold_temp_c,32
2026-10-09T10:50:08.549,1,63651,82892868,0,actual_torque_pct,14
2026-10-09T10:50:08.549,1,63651,82892868,0,engine_rpm,676.000
2026-10-09T10:50:08.551,1,63654,82894594,0,fuel_rate_lph,5.35
2026-10-09T10:50:08.551,1,63654,82894594,0,fuel_econ_inst_kmpl,0.000
2026-10-09T10:50:08.559,1,63659,82902755,0,actual_torque_pct,14
2026-10-09T10:50:08.559,1,63659,82902755,0,engine_rpm,680.000
2026-10-09T10:50:08.569,1,63665,82912834,0,actual_torque_pct,14
2026-10-09T10:50:08.569,1,63665,82912834,0,engine_rpm,683.000
2026-10-09T10:50:08.580,1,63673,82923558,0,actual_torque_pct,14
2026-10-09T10:50:08.580,1,63673,82923558,0,engine_rpm,683.000
2026-10-09T10:50:08.590,1,63680,82933460,0,engine_load_pct,31
2026-10-09T10:50:08.590,1,63681,82934027,0,actual_torque_pct,14
2026-10-09T10:50:08.590,1,63681,82934027,0,engine_rpm,685.000
2026-10-09T10:50:08.593,1,63684,82935742,39,fuel_level_pct,1.2
2026-10-09T10:50:08.599,1,63693,82942875,0,actual_torque_pct,14
2026-10-09T10:50:08.599,1,63693,82942875,0,engine_rpm,688.000
2026-10-09T10:50:08.609,1,63698,82952798,0,actual_torque_pct,14
2026-10-09T10:50:08.609,1,63698,82952798,0,engine_rpm,688.000
2026-10-09T10:50:08.620,1,63704,82962799,0,actual_torque_pct,14
2026-10-09T10:50:08.620,1,63704,82962799,0,engine_rpm,691.000
2026-10-09T10:50:08.630,1,63711,82973585,0,actual_torque_pct,14
2026-10-09T10:50:08.630,1,63711,82973585,0,engine_rpm,695.000
2026-10-09T10:50:08.640,1,63718,82983446,0,engine_load_pct,32
2026-10-09T10:50:08.640,1,63719,82984008,0,actual_torque_pct,14
2026-10-09T10:50:08.640,1,63719,82984008,0,engine_rpm,695.000
2026-10-09T10:50:08.642,1,63722,82985728,39,vehicle_speed_kmh,0.000
2026-10-09T10:50:08.644,1,63726,82988066,0,oil_pressure_kpa,476
2026-10-09T10:50:08.649,1,63731,82992867,0,actual_torque_pct,14
2026-10-09T10:50:08.649,1,63731,82992867,0,engine_rpm,698.000
2026-10-09T10:50:08.651,1,63734,82994584,0,fuel_rate_lph,5.65
2026-10-09T10:50:08.651,1,63734,82994584,0,fuel_econ_inst_kmpl,0.000
2026-10-09T10:50:08.659,1,63739,83002765,0,actual_torque_pct,13
2026-10-09T10:50:08.659,1,63739,83002765,0,engine_rpm,701.000
2026-10-09T10:50:08.670,1,63745,83012829,0,actual_torque_pct,13
2026-10-09T10:50:08.670,1,63745,83012829,0,engine_rpm,704.000
2026-10-09T10:50:08.680,1,63753,83023543,0,actual_torque_pct,13
2026-10-09T10:50:08.680,1,63753,83023543,0,engine_rpm,704.000
2026-10-09T10:50:08.691,1,63761,83033432,0,engine_load_pct,30
2026-10-09T10:50:08.691,1,63762,83034004,0,actual_torque_pct,13
2026-10-09T10:50:08.691,1,63762,83034004,0,engine_rpm,706.000
2026-10-09T10:50:08.693,1,63765,83035722,39,fuel_level_pct,1.2
2026-10-09T10:50:08.699,1,63774,83042886,0,actual_torque_pct,13
2026-10-09T10:50:08.699,1,63774,83042886,0,engine_rpm,708.000
2026-10-09T10:50:08.709,1,63781,83053133,0,actual_torque_pct,13
2026-10-09T10:50:08.709,1,63781,83053133,0,engine_rpm,708.000
2026-10-09T10:50:08.719,1,63787,83062793,0,actual_torque_pct,13
2026-10-09T10:50:08.719,1,63787,83062793,0,engine_rpm,711.000
2026-10-09T10:50:08.730,1,63794,83073595,0,actual_torque_pct,13
2026-10-09T10:50:08.730,1,63794,83073595,0,engine_rpm,713.000
2026-10-09T10:50:08.740,1,63802,83084025,0,engine_load_pct,30
2026-10-09T10:50:08.741,1,63803,83084575,0,actual_torque_pct,13
2026-10-09T10:50:08.741,1,63803,83084575,0,engine_rpm,715.000
2026-10-09T10:50:08.742,1,63805,83085731,39,vehicle_speed_kmh,0.000
2026-10-09T10:50:08.745,1,63809,83088193,0,coolant_temp_c,33
2026-10-09T10:50:08.745,1,63809,83088193,0,fuel_temp_c,32
2026-10-09T10:50:08.745,1,63809,83088193,0,oil_temp_c,34.50
2026-10-09T10:50:08.749,1,63814,83092899,0,actual_torque_pct,13
2026-10-09T10:50:08.749,1,63814,83092899,0,engine_rpm,715.000
2026-10-09T10:50:08.751,1,63817,83094605,0,fuel_rate_lph,5.30
2026-10-09T10:50:08.751,1,63817,83094605,0,fuel_econ_inst_kmpl,0.000
2026-10-09T10:50:08.759,1,63822,83102852,0,actual_torque_pct,13
2026-10-09T10:50:08.759,1,63822,83102852,0,engine_rpm,717.000
2026-10-09T10:50:08.769,1,63828,83112840,0,actual_torque_pct,13
2026-10-09T10:50:08.769,1,63828,83112840,0,engine_rpm,720.000
2026-10-09T10:50:08.780,1,63836,83123565,0,actual_torque_pct,13
2026-10-09T10:50:08.780,1,63836,83123565,0,engine_rpm,720.000
2026-10-09T10:50:08.790,1,63843,83133415,0,engine_load_pct,30
2026-10-09T10:50:08.790,1,63844,83133989,0,actual_torque_pct,13
2026-10-09T10:50:08.790,1,63844,83133989,0,engine_rpm,722.000
2026-10-09T10:50:08.793,1,63847,83135713,39,fuel_level_pct,1.2
2026-10-09T10:50:08.799,1,63856,83142821,0,actual_torque_pct,13
2026-10-09T10:50:08.799,1,63856,83142821,0,engine_rpm,725.000
2026-10-09T10:50:08.809,1,63863,83152821,0,actual_torque_pct,13
2026-10-09T10:50:08.809,1,63863,83152821,0,engine_rpm,728.000
2026-10-09T10:50:08.819,1,63869,83162779,0,actual_torque_pct,13
2026-10-09T10:50:08.819,1,63869,83162779,0,engine_rpm,728.000
2026-10-09T10:50:08.830,1,63876,83173604,0,actual_torque_pct,13
2026-10-09T10:50:08.830,1,63876,83173604,0,engine_rpm,730.000
2026-10-09T10:50:08.840,1,63883,83183473,0,engine_load_pct,28
2026-10-09T10:50:08.840,1,63884,83184044,0,actual_torque_pct,12
2026-10-09T10:50:08.840,1,63884,83184044,0,engine_rpm,731.000
2026-10-09T10:50:08.842,1,63887,83185758,39,vehicle_speed_kmh,0.000
2026-10-09T10:50:08.849,1,63896,83192876,0,actual_torque_pct,12
2026-10-09T10:50:08.849,1,63896,83192876,0,engine_rpm,732.000
2026-10-09T10:50:08.850,1,63898,83194013,0,fuel_rate_lph,5.35
2026-10-09T10:50:08.850,1,63898,83194013,0,fuel_econ_inst_kmpl,0.000
2026-10-09T10:50:08.859,1,63903,83202880,0,actual_torque_pct,12
2026-10-09T10:50:08.859,1,63903,83202880,0,engine_rpm,732.000
2026-10-09T10:50:08.869,1,63910,83212834,0,actual_torque_pct,12
2026-10-09T10:50:08.869,1,63910,83212834,0,engine_rpm,733.000
2026-10-09T10:50:08.870,1,63912,83213992,0,engine_hours,40.25
2026-10-09T10:50:08.880,1,63919,83223556,0,actual_torque_pct,12
2026-10-09T10:50:08.880,1,63919,83223556,0,engine_rpm,735.000
2026-10-09T10:50:08.890,1,63926,83233433,0,engine_load_pct,28
2026-10-09T10:50:08.890,1,63927,83234010,0,actual_torque_pct,12
2026-10-09T10:50:08.890,1,63927,83234010,0,engine_rpm,735.000
2026-10-09T10:50:08.893,1,63930,83235741,39,fuel_level_pct,1.2
2026-10-09T10:50:08.899,1,63938,83242829,0,actual_torque_pct,12
2026-10-09T10:50:08.899,1,63938,83242829,0,engine_rpm,737.000
2026-10-09T10:50:08.909,1,63943,83252814,0,actual_torque_pct,12
2026-10-09T10:50:08.909,1,63943,83252814,0,engine_rpm,737.000
2026-10-09T10:50:08.919,1,63949,83262802,0,actual_torque_pct,12
2026-10-09T10:50:08.919,1,63949,83262802,0,engine_rpm,737.000
2026-10-09T10:50:08.930,1,63956,83273608,0,actual_torque_pct,12
2026-10-09T10:50:08.930,1,63956,83273608,0,engine_rpm,737.000
2026-10-09T10:50:08.940,1,63963,83283445,0,engine_load_pct,28
2026-10-09T10:50:08.940,1,63964,83284018,0,actual_torque_pct,12
2026-10-09T10:50:08.940,1,63964,83284018,0,engine_rpm,739.000
2026-10-09T10:50:08.942,1,63967,83285737,39,vehicle_speed_kmh,0.000
2026-10-09T10:50:08.949,1,63975,83292876,0,actual_torque_pct,12
2026-10-09T10:50:08.949,1,63975,83292876,0,engine_rpm,740.000
2026-10-09T10:50:08.950,1,63976,83293464,0,fuel_rate_lph,5.00
2026-10-09T10:50:08.950,1,63976,83293464,0,fuel_econ_inst_kmpl,0.000
2026-10-09T10:50:08.959,1,63981,83302757,0,actual_torque_pct,12
2026-10-09T10:50:08.959,1,63981,83302757,0,engine_rpm,741.000
2026-10-09T10:50:08.969,1,63987,83313058,0,actual_torque_pct,12
2026-10-09T10:50:08.969,1,63987,83313058,0,engine_rpm,741.000
2026-10-09T10:50:08.980,1,63995,83323555,0,actual_torque_pct,12
2026-10-09T10:50:08.980,1,63995,83323555,0,engine_rpm,744.000
2026-10-09T10:50:08.990,1,64002,83333441,0,engine_load_pct,28
2026-10-09T10:50:08.990,1,64003,83334008,0,actual_torque_pct,12
2026-10-09T10:50:08.990,1,64003,83334008,0,engine_rpm,747.000
2026-10-09T10:50:08.992,1,64006,83335753,39,fuel_level_pct,1.2
2026-10-09T10:50:08.999,1,64014,83342824,0,actual_torque_pct,11
2026-10-09T10:50:08.999,1,64014,83342824,0,engine_rpm,749.000
2026-10-09T10:50:09.009,1,64019,83352948,0,actual_torque_pct,11
2026-10-09T10:50:09.009,1,64019,83352948,0,engine_rpm,749.000
2026-10-09T10:50:09.019,1,64025,83362816,0,actual_torque_pct,11
2026-10-09T10:50:09.019,1,64025,83362816,0,engine_rpm,750.000
2026-10-09T10:50:09.031,1,64032,83373597,0,actual_torque_pct,11
2026-10-09T10:50:09.031,1,64032,83373597,0,engine_rpm,750.000
2026-10-09T10:50:09.040,1,64041,83383443,0,engine_load_pct,25
2026-10-09T10:50:09.040,1,64042,83384023,0,actual_torque_pct,11
2026-10-09T10:50:09.040,1,64042,83384023,0,engine_rpm,752.000
2026-10-09T10:50:09.042,1,64045,83385728,39,vehicle_speed_kmh,0.000
2026-10-09T10:50:09.044,1,64048,83387436,0,boost_pressure_kpa,102
2026-10-09T10:50:09.044,1,64048,83387436,0,intake_manifold_temp_c,32
2026-10-09T10:50:09.049,1,64054,83393050,0,actual_torque_pct,11
2026-10-09T10:50:09.049,1,64054,83393050,0,engine_rpm,752.000
2026-10-09T10:50:09.051,1,64056,83394189,0,fuel_rate_lph,4.60
2026-10-09T10:50:09.051,1,64056,83394189,0,fuel_econ_inst_kmpl,0.000
2026-10-09T10:50:09.059,1,64061,83402768,0,actual_torque_pct,11
2026-10-09T10:50:09.059,1,64061,83402768,0,engine_rpm,753.000
2026-10-09T10:50:09.069,1,64067,83412850,0,actual_torque_pct,11
2026-10-09T10:50:09.069,1,64067,83412850,0,engine_rpm,753.000
2026-10-09T10:50:09.080,1,64075,83423596,0,actual_torque_pct,11
2026-10-09T10:50:09.080,1,64075,83423596,0,engine_rpm,752.000
2026-10-09T10:50:09.090,1,64082,83433429,0,engine_load_pct,25
2026-10-09T10:50:09.090,1,64083,83434001,0,actual_torque_pct,11
2026-10-09T10:50:09.090,1,64083,83434001,0,engine_rpm,752.000
2026-10-09T10:50:09.092,1,64086,83435747,39,fuel_level_pct,1.2
2026-10-09T10:50:09.100,1,64094,83442879,0,actual_torque_pct,11
2026-10-09T10:50:09.100,1,64094,83442879,0,engine_rpm,752.000
2026-10-09T10:50:09.109,1,64099,83452814,0,actual_torque_pct,11
2026-10-09T10:50:09.109,1,64099,83452814,0,engine_rpm,752.000
2026-10-09T10:50:09.119,1,64105,83462853,0,actual_torque_pct,11
2026-10-09T10:50:09.119,1,64105,83462853,0,engine_rpm,752.000
2026-10-09T10:50:09.130,1,64112,83473603,0,actual_torque_pct,11
2026-10-09T10:50:09.130,1,64112,83473603,0,engine_rpm,752.000
2026-10-09T10:50:09.140,1,64119,83483448,0,engine_load_pct,25
2026-10-09T10:50:09.140,1,64120,83484027,0,actual_torque_pct,11
2026-10-09T10:50:09.140,1,64120,83484027,0,engine_rpm,753.000
2026-10-09T10:50:09.142,1,64123,83485739,39,vehicle_speed_kmh,0.000
2026-10-09T10:50:09.144,1,64127,83488041,0,oil_pressure_kpa,556
2026-10-09T10:50:09.149,1,64132,83492886,0,actual_torque_pct,11
2026-10-09T10:50:09.149,1,64132,83492886,0,engine_rpm,753.000
2026-10-09T10:50:09.150,1,64133,83493464,0,fuel_rate_lph,4.60
2026-10-09T10:50:09.150,1,64133,83493464,0,fuel_econ_inst_kmpl,0.000
2026-10-09T10:50:09.159,1,64138,83502757,0,actual_torque_pct,11
2026-10-09T10:50:09.159,1,64138,83502757,0,engine_rpm,754.000
2026-10-09T10:50:09.169,1,64144,83512864,0,actual_torque_pct,11
2026-10-09T10:50:09.169,1,64144,83512864,0,engine_rpm,754.000
2026-10-09T10:50:09.181,1,64152,83523555,0,actual_torque_pct,11
2026-10-09T10:50:09.181,1,64152,83523555,0,engine_rpm,754.000
2026-10-09T10:50:09.190,1,64159,83533435,0,engine_load_pct,25
2026-10-09T10:50:09.190,1,64160,83533993,0,actual_torque_pct,11
2026-10-09T10:50:09.190,1,64160,83533993,0,engine_rpm,754.000
2026-10-09T10:50:09.194,1,64165,83537415,39,fuel_level_pct,1.2
2026-10-09T10:50:09.199,1,64171,83542883,0,actual_torque_pct,11
2026-10-09T10:50:09.199,1,64171,83542883,0,engine_rpm,756.000
2026-10-09T10:50:09.210,1,64176,83552957,0,actual_torque_pct,11
2026-10-09T10:50:09.210,1,64176,83552957,0,engine_rpm,756.000
2026-10-09T10:50:09.219,1,64182,83562863,0,actual_torque_pct,11
2026-10-09T10:50:09.219,1,64182,83562863,0,engine_rpm,758.000
2026-10-09T10:50:09.230,1,64189,83573602,0,actual_torque_pct,11
2026-10-09T10:50:09.230,1,64189,83573602,0,engine_rpm,757.000
2026-10-09T10:50:09.240,1,64196,83583446,0,engine_load_pct,25
2026-10-09T10:50:09.240,1,64197,83584018,0,actual_torque_pct,11
2026-10-09T10:50:09.240,1,64197,83584018,0,engine_rpm,756.000
2026-10-09T10:50:09.242,1,64200,83585734,39,vehicle_speed_kmh,0.000
2026-10-09T10:50:09.249,1,64208,83592900,0,actual_torque_pct,11
2026-10-09T10:50:09.249,1,64208,83592900,0,engine_rpm,756.000
2026-10-09T10:50:09.250,1,64209,83593465,0,fuel_rate_lph,4.65
2026-10-09T10:50:09.250,1,64209,83593465,0,fuel_econ_inst_kmpl,0.000
2026-10-09T10:50:09.259,1,64214,83602772,0,actual_torque_pct,11
2026-10-09T10:50:09.259,1,64214,83602772,0,engine_rpm,756.000
2026-10-09T10:50:09.269,1,64220,83612835,0,actual_torque_pct,11
2026-10-09T10:50:09.269,1,64220,83612835,0,engine_rpm,757.000
2026-10-09T10:50:09.280,1,64228,83623576,0,actual_torque_pct,11
2026-10-09T10:50:09.280,1,64228,83623576,0,engine_rpm,758.000
2026-10-09T10:50:09.290,1,64235,83633442,0,engine_load_pct,25
2026-10-09T10:50:09.290,1,64236,83633991,0,actual_torque_pct,11
2026-10-09T10:50:09.290,1,64236,83633991,0,engine_rpm,760.000
2026-10-09T10:50:09.292,1,64239,83635735,39,fuel_level_pct,1.2
2026-10-09T10:50:09.299,1,64247,83642914,0,actual_torque_pct,11
2026-10-09T10:50:09.299,1,64247,83642914,0,engine_rpm,760.000
2026-10-09T10:50:09.309,1,64253,83652833,0,actual_torque_pct,11
2026-10-09T10:50:09.309,1,64253,83652833,0,engine_rpm,760.000
2026-10-09T10:50:09.319,1,64259,83662828,0,actual_torque_pct,10
2026-10-09T10:50:09.319,1,64259,83662828,0,engine_rpm,761.000
2026-10-09T10:50:09.330,1,64266,83673630,0,actual_torque_pct,10
2026-10-09T10:50:09.330,1,64266,83673630,0,engine_rpm,761.000
2026-10-09T10:50:09.340,1,64273,83683460,0,engine_load_pct,23
2026-10-09T10:50:09.340,1,64274,83684030,0,actual_torque_pct,10
2026-10-09T10:50:09.340,1,64274,83684030,0,engine_rpm,761.000
2026-10-09T10:50:09.342,1,64277,83685747,39,vehicle_speed_kmh,0.000
2026-10-09T10:50:09.349,1,64285,83692914,0,actual_torque_pct,10
2026-10-09T10:50:09.349,1,64285,83692914,0,engine_rpm,761.000
2026-10-09T10:50:09.350,1,64286,83693497,0,fuel_rate_lph,4.20
2026-10-09T10:50:09.350,1,64286,83693497,0,fuel_econ_inst_kmpl,0.000
2026-10-09T10:50:09.359,1,64291,83702831,0,actual_torque_pct,10
2026-10-09T10:50:09.359,1,64291,83702831,0,engine_rpm,762.000
2026-10-09T10:50:09.370,1,64299,83712847,0,actual_torque_pct,10
2026-10-09T10:50:09.370,1,64299,83712847,0,engine_rpm,763.000
2026-10-09T10:50:09.380,1,64308,83723574,0,actual_torque_pct,10
2026-10-09T10:50:09.380,1,64308,83723574,0,engine_rpm,763.000
2026-10-09T10:50:09.390,1,64315,83733434,0,engine_load_pct,23
2026-10-09T10:50:09.390,1,64316,83734023,0,actual_torque_pct,10
2026-10-09T10:50:09.390,1,64316,83734023,0,engine_rpm,763.000
2026-10-09T10:50:09.393,1,64319,83735754,39,fuel_level_pct,1.2
2026-10-09T10:50:09.399,1,64327,83742903,0,actual_torque_pct,10
2026-10-09T10:50:09.399,1,64327,83742903,0,engine_rpm,761.000
2026-10-09T10:50:09.409,1,64333,83752835,0,actual_torque_pct,10
2026-10-09T10:50:09.409,1,64333,83752835,0,engine_rpm,761.000
2026-10-09T10:50:09.420,1,64339,83762883,0,actual_torque_pct,10
2026-10-09T10:50:09.420,1,64339,83762883,0,engine_rpm,761.000
2026-10-09T10:50:09.430,1,64346,83773623,0,actual_torque_pct,10
2026-10-09T10:50:09.430,1,64346,83773623,0,engine_rpm,760.000
2026-10-09T10:50:09.440,1,64353,83783469,0,engine_load_pct,23
2026-10-09T10:50:09.440,1,64354,83784044,0,actual_torque_pct,10
2026-10-09T10:50:09.440,1,64354,83784044,0,engine_rpm,760.000
2026-10-09T10:50:09.442,1,64357,83785766,39,vehicle_speed_kmh,0.000
2026-10-09T10:50:09.449,1,64365,83792934,0,actual_torque_pct,10
2026-10-09T10:50:09.449,1,64365,83792934,0,engine_rpm,760.000
2026-10-09T10:50:09.450,1,64366,83793512,0,fuel_rate_lph,4.20
2026-10-09T10:50:09.450,1,64366,83793512,0,fuel_econ_inst_kmpl,0.000
2026-10-09T10:50:09.459,1,64371,83802798,0,actual_torque_pct,10
2026-10-09T10:50:09.459,1,64371,83802798,0,engine_rpm,760.000
2026-10-09T10:50:09.469,1,64377,83812864,0,actual_torque_pct,10
2026-10-09T10:50:09.469,1,64377,83812864,0,engine_rpm,760.000
2026-10-09T10:50:09.480,1,64385,83823571,0,actual_torque_pct,10
2026-10-09T10:50:09.480,1,64385,83823571,0,engine_rpm,761.000
2026-10-09T10:50:09.490,1,64392,83833438,0,engine_load_pct,23
2026-10-09T10:50:09.490,1,64393,83834011,0,actual_torque_pct,10
2026-10-09T10:50:09.490,1,64393,83834011,0,engine_rpm,760.000
2026-10-09T10:50:09.492,1,64396,83835749,39,fuel_level_pct,1.2
2026-10-09T10:50:09.499,1,64404,83842920,0,actual_torque_pct,10
2026-10-09T10:50:09.499,1,64404,83842920,0,engine_rpm,760.000
2026-10-09T10:50:09.509,1,64409,83852826,0,actual_torque_pct,10
2026-10-09T10:50:09.509,1,64409,83852826,0,engine_rpm,760.000
2026-10-09T10:50:09.519,1,64415,83862807,0,actual_torque_pct,10
2026-10-09T10:50:09.519,1,64415,83862807,0,engine_rpm,760.000
2026-10-09T10:50:09.530,1,64422,83873617,0,actual_torque_pct,10
2026-10-09T10:50:09.530,1,64422,83873617,0,engine_rpm,761.000
2026-10-09T10:50:09.540,1,64429,83883459,0,engine_load_pct,23
2026-10-09T10:50:09.540,1,64430,83884029,0,actual_torque_pct,10
2026-10-09T10:50:09.540,1,64430,83884029,0,engine_rpm,760.000
2026-10-09T10:50:09.543,1,64434,83886334,39,vehicle_speed_kmh,0.000
2026-10-09T10:50:09.544,1,64436,83887479,0,boost_pressure_kpa,102
2026-10-09T10:50:09.544,1,64436,83887479,0,intake_manifold_temp_c,32
2026-10-09T10:50:09.549,1,64443,83892833,0,actual_torque_pct,10
2026-10-09T10:50:09.549,1,64443,83892833,0,engine_rpm,760.000
2026-10-09T10:50:09.551,1,64446,83894552,0,fuel_rate_lph,4.20
2026-10-09T10:50:09.551,1,64446,83894552,0,fuel_econ_inst_kmpl,0.000
2026-10-09T10:50:09.559,1,64451,83902786,0,actual_torque_pct,10
2026-10-09T10:50:09.559,1,64451,83902786,0,engine_rpm,760.000
2026-10-09T10:50:09.569,1,64457,83912856,0,actual_torque_pct,10
2026-10-09T10:50:09.569,1,64457,83912856,0,engine_rpm,760.000
2026-10-09T10:50:09.580,1,64465,83923585,0,actual_torque_pct,10
2026-10-09T10:50:09.580,1,64465,83923585,0,engine_rpm,760.000
2026-10-09T10:50:09.590,1,64472,83933446,0,engine_load_pct,23
2026-10-09T10:50:09.590,1,64473,83934020,0,actual_torque_pct,10
2026-10-09T10:50:09.590,1,64473,83934020,0,engine_rpm,760.000
2026-10-09T10:50:09.592,1,64476,83935740,39,fuel_level_pct,1.2
2026-10-09T10:50:09.599,1,64485,83942890,0,actual_torque_pct,10
2026-10-09T10:50:09.599,1,64485,83942890,0,engine_rpm,760.000
2026-10-09T10:50:09.609,1,64490,83952842,0,actual_torque_pct,10
2026-10-09T10:50:09.609,1,64490,83952842,0,engine_rpm,760.000
2026-10-09T10:50:09.619,1,64496,83962825,0,actual_torque_pct,10
2026-10-09T10:50:09.619,1,64496,83962825,0,engine_rpm,760.000
2026-10-09T10:50:09.631,1,64503,83973621,0,actual_torque_pct,10
2026-10-09T10:50:09.631,1,64503,83973621,0,engine_rpm,760.000
2026-10-09T10:50:09.640,1,64510,83983456,0,engine_load_pct,23
2026-10-09T10:50:09.640,1,64511,83984035,0,actual_torque_pct,10
2026-10-09T10:50:09.640,1,64511,83984035,0,engine_rpm,760.000
2026-10-09T10:50:09.642,1,64514,83985745,39,vehicle_speed_kmh,0.000
2026-10-09T10:50:09.644,1,64517,83987473,0,oil_pressure_kpa,568
2026-10-09T10:50:09.649,1,64523,83992905,0,actual_torque_pct,10
2026-10-09T10:50:09.649,1,64523,83992905,0,engine_rpm,759.000
2026-10-09T10:50:09.651,1,64526,83994628,0,fuel_rate_lph,4.20
2026-10-09T10:50:09.651,1,64526,83994628,0,fuel_econ_inst_kmpl,0.000
2026-10-09T10:50:09.659,1,64531,84002786,0,actual_torque_pct,10
2026-10-09T10:50:09.659,1,64531,84002786,0,engine_rpm,758.000
2026-10-09T10:50:09.669,1,64537,84012863,0,actual_torque_pct,10
2026-10-09T10:50:09.669,1,64537,84012863,0,engine_rpm,758.000
2026-10-09T10:50:09.678,1,64541,84021286,0,actual_torque_pct,10
2026-10-09T10:50:09.678,1,64541,84021286,0,engine_rpm,758.000
2026-10-09T10:50:09.691,1,64553,84033460,0,engine_load_pct,23
2026-10-09T10:50:09.692,1,64554,84034025,0,actual_torque_pct,10
2026-10-09T10:50:09.692,1,64554,84034025,0,engine_rpm,758.000
2026-10-09T10:50:09.694,1,64557,84035756,39,fuel_level_pct,1.2
2026-10-09T10:50:09.699,1,64566,84042897,0,actual_torque_pct,10
2026-10-09T10:50:09.699,1,64566,84042897,0,engine_rpm,757.000
2026-10-09T10:50:09.709,1,64573,84052821,0,actual_torque_pct,10
2026-10-09T10:50:09.709,1,64573,84052821,0,engine_rpm,756.000
2026-10-09T10:50:09.719,1,64579,84062820,0,actual_torque_pct,10
2026-10-09T10:50:09.719,1,64579,84062820,0,engine_rpm,756.000
2026-10-09T10:50:09.728,1,64582,84071306,0,actual_torque_pct,10
2026-10-09T10:50:09.728,1,64582,84071306,0,engine_rpm,756.000
2026-10-09T10:50:09.740,1,64593,84083457,0,engine_load_pct,23
2026-10-09T10:50:09.740,1,64594,84084031,0,actual_torque_pct,10
2026-10-09T10:50:09.740,1,64594,84084031,0,engine_rpm,755.000
2026-10-09T10:50:09.742,1,64597,84085754,39,vehicle_speed_kmh,0.000
2026-10-09T10:50:09.744,1,64598,84086314,0,coolant_temp_c,33
2026-10-09T10:50:09.744,1,64598,84086314,0,fuel_temp_c,32
2026-10-09T10:50:09.744,1,64598,84086314,0,oil_temp_c,34.59
2026-10-09T10:50:09.750,1,64606,84092896,0,actual_torque_pct,10
2026-10-09T10:50:09.750,1,64606,84092896,0,engine_rpm,754.000
2026-10-09T10:50:09.751,1,64609,84094614,0,fuel_rate_lph,4.20
2026-10-09T10:50:09.751,1,64609,84094614,0,fuel_econ_inst_kmpl,0.000
2026-10-09T10:50:09.760,1,64614,84102866,0,actual_torque_pct,10
2026-10-09T10:50:09.760,1,64614,84102866,0,engine_rpm,754.000
2026-10-09T10:50:09.769,1,64620,84112874,0,actual_torque_pct,10
2026-10-09T10:50:09.769,1,64620,84112874,0,engine_rpm,754.000
2026-10-09T10:50:09.778,1,64624,84121258,0,actual_torque_pct,10
2026-10-09T10:50:09.778,1,64624,84121258,0,engine_rpm,754.000
2026-10-09T10:50:09.791,1,64635,84133457,0,engine_load_pct,23
2026-10-09T10:50:09.791,1,64636,84134020,0,actual_torque_pct,10
2026-10-09T10:50:09.791,1,64636,84134020,0,engine_rpm,754.000
2026-10-09T10:50:09.793,1,64640,84136357,39,fuel_level_pct,1.2
2026-10-09T10:50:09.799,1,64648,84142878,0,actual_torque_pct,10
2026-10-09T10:50:09.799,1,64648,84142878,0,engine_rpm,754.000
2026-10-09T10:50:09.809,1,64655,84152862,0,actual_torque_pct,10
2026-10-09T10:50:09.809,1,64655,84152862,0,engine_rpm,754.000
2026-10-09T10:50:09.819,1,64661,84162823,0,actual_torque_pct,10
2026-10-09T10:50:09.819,1,64661,84162823,0,engine_rpm,754.000
2026-10-09T10:50:09.830,1,64668,84173629,0,actual_torque_pct,10
2026-10-09T10:50:09.830,1,64668,84173629,0,engine_rpm,756.000
2026-10-09T10:50:09.840,1,64675,84183491,0,engine_load_pct,23
2026-10-09T10:50:09.840,1,64676,84184070,0,actual_torque_pct,10
2026-10-09T10:50:09.840,1,64676,84184070,0,engine_rpm,756.000
2026-10-09T10:50:09.842,1,64679,84185770,39,vehicle_speed_kmh,0.000
2026-10-09T10:50:09.850,1,64688,84192898,0,actual_torque_pct,10
2026-10-09T10:50:09.850,1,64688,84192898,0,engine_rpm,757.000
2026-10-09T10:50:09.850,1,64690,84194061,0,fuel_rate_lph,4.20
2026-10-09T10:50:09.850,1,64690,84194061,0,fuel_econ_inst_kmpl,0.000
2026-10-09T10:50:09.859,1,64695,84202925,0,actual_torque_pct,10
2026-10-09T10:50:09.859,1,64695,84202925,0,engine_rpm,756.000
2026-10-09T10:50:09.869,1,64702,84212883,0,actual_torque_pct,10
2026-10-09T10:50:09.869,1,64702,84212883,0,engine_rpm,755.000
2026-10-09T10:50:09.870,1,64704,84214040,0,engine_hours,40.25
2026-10-09T10:50:09.878,1,64707,84221274,0,actual_torque_pct,10
2026-10-09T10:50:09.878,1,64707,84221274,0,engine_rpm,755.000
2026-10-09T10:50:09.890,1,64718,84233441,0,engine_load_pct,23
2026-10-09T10:50:09.890,1,64719,84234019,0,actual_torque_pct,10
2026-10-09T10:50:09.890,1,64719,84234019,0,engine_rpm,755.000
2026-10-09T10:50:09.893,1,64723,84236346,39,fuel_level_pct,1.2
2026-10-09T10:50:09.900,1,64730,84243449,0,actual_torque_pct,10
2026-10-09T10:50:09.900,1,64730,84243449,0,engine_rpm,755.000
2026-10-09T10:50:09.909,1,64735,84252841,0,actual_torque_pct,10
2026-10-09T10:50:09.909,1,64735,84252841,0,engine_rpm,754.000
2026-10-09T10:50:09.919,1,64741,84262827,0,actual_torque_pct,10
2026-10-09T10:50:09.919,1,64741,84262827,0,engine_rpm,754.000
2026-10-09T10:50:09.928,1,64744,84271324,0,actual_torque_pct,10
2026-10-09T10:50:09.928,1,64744,84271324,0,engine_rpm,754.000
2026-10-09T10:50:09.940,1,64755,84283465,0,engine_load_pct,23
2026-10-09T10:50:09.940,1,64756,84284037,0,actual_torque_pct,10
2026-10-09T10:50:09.940,1,64756,84284037,0,engine_rpm,754.000
2026-10-09T10:50:09.942,1,64759,84285759,39,vehicle_speed_kmh,0.000
2026-10-09T10:50:09.949,1,64767,84292906,0,actual_torque_pct,10
2026-10-09T10:50:09.949,1,64767,84292906,0,engine_rpm,754.000
2026-10-09T10:50:09.950,1,64768,84293501,0,fuel_rate_lph,4.20
2026-10-09T10:50:09.950,1,64768,84293501,0,fuel_econ_inst_kmpl,0.000
2026-10-09T10:50:09.959,1,64773,84302800,0,actual_torque_pct,10
2026-10-09T10:50:09.959,1,64773,84302800,0,engine_rpm,754.000
2026-10-09T10:50:09.969,1,64779,84312895,0,actual_torque_pct,10
2026-10-09T10:50:09.969,1,64779,84312895,0,engine_rpm,753.000
2026-10-09T10:50:09.978,1,64783,84321265,0,actual_torque_pct,10
2026-10-09T10:50:09.978,1,64783,84321265,0,engine_rpm,753.000
2026-10-09T10:50:09.990,1,64794,84333457,0,engine_load_pct,23
2026-10-09T10:50:09.990,1,64795,84334039,0,actual_torque_pct,10
2026-10-09T10:50:09.990,1,64795,84334039,0,engine_rpm,753.000
2026-10-09T10:50:09.992,1,64798,84335773,39,fuel_level_pct,1.2
2026-10-09T10:50:09.999,1,64806,84342894,0,actual_torque_pct,10
2026-10-09T10:50:09.999,1,64806,84342894,0,engine_rpm,753.000
2026-10-09T10:50:10.010,1,64811,84352825,0,actual_torque_pct,10
2026-10-09T10:50:10.010,1,64811,84352825,0,engine_rpm,753.000
2026-10-09T10:50:10.019,1,64817,84362855,0,actual_torque_pct,10
2026-10-09T10:50:10.019,1,64817,84362855,0,engine_rpm,752.000
2026-10-09T10:50:10.028,1,64820,84371323,0,actual_torque_pct,10
2026-10-09T10:50:10.028,1,64820,84371323,0,engine_rpm,751.000
2026-10-09T10:50:10.040,1,64833,84383455,0,engine_load_pct,23
2026-10-09T10:50:10.040,1,64834,84384035,0,actual_torque_pct,10
2026-10-09T10:50:10.040,1,64834,84384035,0,engine_rpm,751.000
2026-10-09T10:50:10.042,1,64837,84385758,39,vehicle_speed_kmh,0.000
2026-10-09T10:50:10.044,1,64840,84387470,0,boost_pressure_kpa,104
2026-10-09T10:50:10.044,1,64840,84387470,0,intake_manifold_temp_c,32
2026-10-09T10:50:10.049,1,64846,84392845,0,actual_torque_pct,10
2026-10-09T10:50:10.049,1,64846,84392845,0,engine_rpm,751.000
2026-10-09T10:50:10.050,1,64848,84394005,0,fuel_rate_lph,4.15
2026-10-09T10:50:10.050,1,64848,84394005,0,fuel_econ_inst_kmpl,0.000
2026-10-09T10:50:10.059,1,64853,84402780,0,actual_torque_pct,11
2026-10-09T10:50:10.059,1,64853,84402780,0,engine_rpm,750.000
2026-10-09T10:50:10.069,1,64859,84412866,0,actual_torque_pct,11
2026-10-09T10:50:10.069,1,64859,84412866,0,engine_rpm,750.000
2026-10-09T10:50:10.080,1,64867,84423624,0,actual_torque_pct,11
2026-10-09T10:50:10.080,1,64867,84423624,0,engine_rpm,750.000
2026-10-09T10:50:10.090,1,64874,84433441,0,engine_load_pct,25
2026-10-09T10:50:10.090,1,64875,84434015,0,actual_torque_pct,11
2026-10-09T10:50:10.090,1,64875,84434015,0,engine_rpm,751.000
2026-10-09T10:50:10.093,1,64879,84436330,39,fuel_level_pct,1.2
2026-10-09T10:50:10.099,1,64886,84442922,0,actual_torque_pct,11
2026-10-09T10:50:10.099,1,64886,84442922,0,engine_rpm,750.000
2026-10-09T10:50:10.109,1,64891,84452827,0,actual_torque_pct,11
2026-10-09T10:50:10.109,1,64891,84452827,0,engine_rpm,751.000
2026-10-09T10:50:10.119,1,64897,84462797,0,actual_torque_pct,11
2026-10-09T10:50:10.119,1,64897,84462797,0,engine_rpm,751.000
2026-10-09T10:50:10.129,1,64903,84473052,0,actual_torque_pct,11
2026-10-09T10:50:10.129,1,64903,84473052,0,engine_rpm,751.000
2026-10-09T10:50:10.140,1,64911,84483450,0,engine_load_pct,25
2026-10-09T10:50:10.140,1,64912,84484027,0,actual_torque_pct,11
2026-10-09T10:50:10.140,1,64912,84484027,0,engine_rpm,752.000
2026-10-09T10:50:10.142,1,64915,84485741,39,vehicle_speed_kmh,0.000
2026-10-09T10:50:10.143,1,64916,84486328,0,oil_pressure_kpa,560
2026-10-09T10:50:10.149,1,64924,84492884,0,actual_torque_pct,11
2026-10-09T10:50:10.149,1,64924,84492884,0,engine_rpm,755.000
2026-10-09T10:50:10.150,1,64925,84493470,0,fuel_rate_lph,4.60
2026-10-09T10:50:10.150,1,64925,84493470,0,fuel_econ_inst_kmpl,0.000
2026-10-09T10:50:10.159,1,64930,84502780,0,actual_torque_pct,11
2026-10-09T10:50:10.159,1,64930,84502780,0,engine_rpm,755.000
2026-10-09T10:50:10.169,1,64936,84512856,0,actual_torque_pct,11
2026-10-09T10:50:10.169,1,64936,84512856,0,engine_rpm,756.000
2026-10-09T10:50:10.178,1,64940,84521263,0,actual_torque_pct,11
2026-10-09T10:50:10.178,1,64940,84521263,0,engine_rpm,756.000
2026-10-09T10:50:10.190,1,64951,84533441,0,engine_load_pct,25
2026-10-09T10:50:10.190,1,64952,84534018,0,actual_torque_pct,11
2026-10-09T10:50:10.190,1,64952,84534018,0,engine_rpm,755.000
2026-10-09T10:50:10.195,1,64957,84538677,39,fuel_level_pct,1.2
2026-10-09T10:50:10.200,1,64963,84543243,0,actual_torque_pct,11
2026-10-09T10:50:10.200,1,64963,84543243,0,engine_rpm,755.000
2026-10-09T10:50:10.209,1,64968,84552816,0,actual_torque_pct,11
2026-10-09T10:50:10.209,1,64968,84552816,0,engine_rpm,755.000
2026-10-09T10:50:10.220,1,64974,84562869,0,actual_torque_pct,11
2026-10-09T10:50:10.220,1,64974,84562869,0,engine_rpm,755.000
2026-10-09T10:50:10.229,1,64980,84573047,0,actual_torque_pct,10
2026-10-09T10:50:10.229,1,64980,84573047,0,engine_rpm,756.000
2026-10-09T10:50:10.240,1,64988,84583462,0,engine_load_pct,23
2026-10-09T10:50:10.240,1,64989,84584019,0,actual_torque_pct,10
2026-10-09T10:50:10.240,1,64989,84584019,0,engine_rpm,756.000
2026-10-09T10:50:10.242,1,64992,84585749,39,vehicle_speed_kmh,0.000
2026-10-09T10:50:10.249,1,65000,84592902,0,actual_torque_pct,10
2026-10-09T10:50:10.249,1,65000,84592902,0,engine_rpm,757.000
2026-10-09T10:50:10.250,1,65001,84593496,0,fuel_rate_lph,4.20
2026-10-09T10:50:10.250,1,65001,84593496,0,fuel_econ_inst_kmpl,0.000
2026-10-09T10:50:10.259,1,65006,84602765,0,actual_torque_pct,11
2026-10-09T10:50:10.259,1,65006,84602765,0,engine_rpm,758.000
2026-10-09T10:50:10.269,1,65012,84612864,0,actual_torque_pct,11
2026-10-09T10:50:10.269,1,65012,84612864,0,engine_rpm,758.000
2026-10-09T10:50:10.280,1,65020,84623578,0,actual_torque_pct,11
2026-10-09T10:50:10.280,1,65020,84623578,0,engine_rpm,758.000
2026-10-09T10:50:10.290,1,65027,84633459,0,engine_load_pct,25
2026-10-09T10:50:10.290,1,65028,84634017,0,actual_torque_pct,11
2026-10-09T10:50:10.290,1,65028,84634017,0,engine_rpm,758.000
2026-10-09T10:50:10.293,1,65032,84636345,39,fuel_level_pct,1.2
2026-10-09T10:50:10.299,1,65039,84642908,0,actual_torque_pct,11
2026-10-09T10:50:10.299,1,65039,84642908,0,engine_rpm,757.000
2026-10-09T10:50:10.309,1,65045,84652823,0,actual_torque_pct,10
2026-10-09T10:50:10.309,1,65045,84652823,0,engine_rpm,758.000
2026-10-09T10:50:10.319,1,65051,84662830,0,actual_torque_pct,10
2026-10-09T10:50:10.319,1,65051,84662830,0,engine_rpm,758.000
2026-10-09T10:50:10.330,1,65057,84673063,0,actual_torque_pct,10
2026-10-09T10:50:10.330,1,65057,84673063,0,engine_rpm,758.000
2026-10-09T10:50:10.340,1,65065,84683460,0,engine_load_pct,25
2026-10-09T10:50:10.340,1,65066,84684039,0,actual_torque_pct,11
2026-10-09T10:50:10.340,1,65066,84684039,0,engine_rpm,757.000
2026-10-09T10:50:10.342,1,65069,84685740,39,vehicle_speed_kmh,0.000
2026-10-09T10:50:10.350,1,65077,84692918,0,actual_torque_pct,11
2026-10-09T10:50:10.350,1,65077,84692918,0,engine_rpm,757.000
2026-10-09T10:50:10.350,1,65078,84693497,0,fuel_rate_lph,4.60
2026-10-09T10:50:10.350,1,65078,84693497,0,fuel_econ_inst_kmpl,0.000
2026-10-09T10:50:10.359,1,65083,84702810,0,actual_torque_pct,11
2026-10-09T10:50:10.359,1,65083,84702810,0,engine_rpm,757.000
2026-10-09T10:50:10.369,1,65091,84712869,0,actual_torque_pct,11
2026-10-09T10:50:10.369,1,65091,84712869,0,engine_rpm,757.000
2026-10-09T10:50:10.378,1,65096,84721275,0,actual_torque_pct,11
2026-10-09T10:50:10.378,1,65096,84721275,0,engine_rpm,757.000
2026-10-09T10:50:10.390,1,65107,84733456,0,engine_load_pct,23
2026-10-09T10:50:10.390,1,65108,84734031,0,actual_torque_pct,10
2026-10-09T10:50:10.390,1,65108,84734031,0,engine_rpm,758.000
2026-10-09T10:50:10.393,1,65112,84736337,39,fuel_level_pct,1.2
2026-10-09T10:50:10.399,1,65119,84742919,0,actual_torque_pct,10
2026-10-09T10:50:10.399,1,65119,84742919,0,engine_rpm,760.000
2026-10-09T10:50:10.409,1,65125,84752786,0,actual_torque_pct,10
2026-10-09T10:50:10.409,1,65125,84752786,0,engine_rpm,760.000
2026-10-09T10:50:10.419,1,65131,84762820,0,actual_torque_pct,10
2026-10-09T10:50:10.419,1,65131,84762820,0,engine_rpm,761.000
2026-10-09T10:50:10.429,1,65137,84773053,0,actual_torque_pct,10
2026-10-09T10:50:10.429,1,65137,84773053,0,engine_rpm,763.000
2026-10-09T10:50:10.440,1,65145,84783470,0,engine_load_pct,23
2026-10-09T10:50:10.440,1,65146,84784031,0,actual_torque_pct,10
2026-10-09T10:50:10.440,1,65146,84784031,0,engine_rpm,762.000
2026-10-09T10:50:10.442,1,65149,84785751,39,vehicle_speed_kmh,0.000
2026-10-09T10:50:10.449,1,65157,84792928,0,actual_torque_pct,10
2026-10-09T10:50:10.449,1,65157,84792928,0,engine_rpm,762.000
2026-10-09T10:50:10.450,1,65158,84793506,0,fuel_rate_lph,4.25
2026-10-09T10:50:10.450,1,65158,84793506,0,fuel_econ_inst_kmpl,0.000
2026-10-09T10:50:10.459,1,65163,84802789,0,actual_torque_pct,11
2026-10-09T10:50:10.459,1,65163,84802789,0,engine_rpm,762.000
2026-10-09T10:50:10.469,1,65169,84812859,0,actual_torque_pct,11
2026-10-09T10:50:10.469,1,65169,84812859,0,engine_rpm,762.000
2026-10-09T10:50:10.478,1,65173,84821270,0,actual_torque_pct,11
2026-10-09T10:50:10.478,1,65173,84821270,0,engine_rpm,762.000
2026-10-09T10:50:10.490,1,65184,84833453,0,engine_load_pct,25
2026-10-09T10:50:10.490,1,65185,84834026,0,actual_torque_pct,11
2026-10-09T10:50:10.490,1,65185,84834026,0,engine_rpm,762.000
2026-10-09T10:50:10.493,1,65189,84836336,39,fuel_level_pct,1.2
2026-10-09T10:50:10.499,1,65196,84842894,0,actual_torque_pct,10
2026-10-09T10:50:10.499,1,65196,84842894,0,engine_rpm,761.000
2026-10-09T10:50:10.509,1,65201,84852762,0,actual_torque_pct,10
2026-10-09T10:50:10.509,1,65201,84852762,0,engine_rpm,760.000
2026-10-09T10:50:10.519,1,65207,84862844,0,actual_torque_pct,10
2026-10-09T10:50:10.519,1,65207,84862844,0,engine_rpm,760.000
2026-10-09T10:50:10.529,1,65213,84873049,0,actual_torque_pct,10
2026-10-09T10:50:10.529,1,65213,84873049,0,engine_rpm,759.000
2026-10-09T10:50:10.540,1,65221,84883449,0,engine_load_pct,23
2026-10-09T10:50:10.540,1,65222,84884027,0,actual_torque_pct,10
2026-10-09T10:50:10.540,1,65222,84884027,0,engine_rpm,759.000
2026-10-09T10:50:10.543,1,65226,84886332,39,vehicle_speed_kmh,0.000
2026-10-09T10:50:10.544,1,65228,84887470,0,boost_pressure_kpa,104
2026-10-09T10:50:10.544,1,65228,84887470,0,intake_manifold_temp_c,32
2026-10-09T10:50:10.549,1,65235,84892900,0,actual_torque_pct,10
2026-10-09T10:50:10.549,1,65235,84892900,0,engine_rpm,759.000
2026-10-09T10:50:10.551,1,65238,84894617,0,fuel_rate_lph,4.20
2026-10-09T10:50:10.551,1,65238,84894617,0,fuel_econ_inst_kmpl,0.000
2026-10-09T10:50:10.559,1,65243,84902781,0,actual_torque_pct,10
2026-10-09T10:50:10.559,1,65243,84902781,0,engine_rpm,758.000
2026-10-09T10:50:10.569,1,65249,84912864,0,actual_torque_pct,11
2026-10-09T10:50:10.569,1,65249,84912864,0,engine_rpm,758.000
2026-10-09T10:50:10.579,1,65256,84922992,0,actual_torque_pct,11
2026-10-09T10:50:10.579,1,65256,84922992,0,engine_rpm,758.000
2026-10-09T10:50:10.590,1,65264,84933456,0,engine_load_pct,25
2026-10-09T10:50:10.590,1,65265,84934013,0,actual_torque_pct,11
2026-10-09T10:50:10.590,1,65265,84934013,0,engine_rpm,759.000
2026-10-09T10:50:10.593,1,65269,84936324,39,fuel_level_pct,1.2
2026-10-09T10:50:10.599,1,65277,84942883,0,actual_torque_pct,11
2026-10-09T10:50:10.599,1,65277,84942883,0,engine_rpm,759.000
2026-10-09T10:50:10.610,1,65282,84952747,0,actual_torque_pct,11
2026-10-09T10:50:10.610,1,65282,84952747,0,engine_rpm,758.000
2026-10-09T10:50:10.619,1,65288,84962812,0,actual_torque_pct,11
2026-10-09T10:50:10.619,1,65288,84962812,0,engine_rpm,758.000
2026-10-09T10:50:10.629,1,65294,84973048,0,actual_torque_pct,11
2026-10-09T10:50:10.629,1,65294,84973048,0,engine_rpm,759.000
2026-10-09T10:50:10.641,1,65302,84983465,0,engine_load_pct,25
2026-10-09T10:50:10.641,1,65303,84984044,0,actual_torque_pct,11
2026-10-09T10:50:10.641,1,65303,84984044,0,engine_rpm,761.000
2026-10-09T10:50:10.642,1,65306,84985754,0,oil_pressure_kpa,560
2026-10-09T10:50:10.643,1,65307,84986348,39,vehicle_speed_kmh,0.000
2026-10-09T10:50:10.649,1,65315,84992909,0,actual_torque_pct,11
2026-10-09T10:50:10.649,1,65315,84992909,0,engine_rpm,760.000
2026-10-09T10:50:10.651,1,65318,84994620,0,fuel_rate_lph,4.65
2026-10-09T10:50:10.651,1,65318,84994620,0,fuel_econ_inst_kmpl,0.000
2026-10-09T10:50:10.660,1,65323,85002769,0,actual_torque_pct,11
2026-10-09T10:50:10.660,1,65323,85002769,0,engine_rpm,760.000
2026-10-09T10:50:10.669,1,65329,85012863,0,actual_torque_pct,11
2026-10-09T10:50:10.669,1,65329,85012863,0,engine_rpm,759.000
2026-10-09T10:50:10.678,1,65333,85021264,0,actual_torque_pct,12
2026-10-09T10:50:10.678,1,65333,85021264,0,engine_rpm,760.000
2026-10-09T10:50:10.691,1,65345,85033456,0,engine_load_pct,27
2026-10-09T10:50:10.691,1,65346,85034026,0,actual_torque_pct,12
2026-10-09T10:50:10.691,1,65346,85034026,0,engine_rpm,761.000
2026-10-09T10:50:10.694,1,65350,85036335,39,fuel_level_pct,1.2
2026-10-09T10:50:10.699,1,65358,85042889,0,actual_torque_pct,12
2026-10-09T10:50:10.699,1,65358,85042889,0,engine_rpm,761.000
2026-10-09T10:50:10.709,1,65365,85052754,0,actual_torque_pct,12
2026-10-09T10:50:10.709,1,65365,85052754,0,engine_rpm,762.000
2026-10-09T10:50:10.719,1,65371,85062816,0,actual_torque_pct,13
2026-10-09T10:50:10.719,1,65371,85062816,0,engine_rpm,764.000
2026-10-09T10:50:10.727,1,65373,85070712,0,actual_torque_pct,14
2026-10-09T10:50:10.727,1,65373,85070712,0,engine_rpm,767.000
2026-10-09T10:50:10.740,1,65385,85083466,0,engine_load_pct,31
2026-10-09T10:50:10.740,1,65386,85084042,0,actual_torque_pct,14
2026-10-09T10:50:10.740,1,65386,85084042,0,engine_rpm,769.000
2026-10-09T10:50:10.742,1,65389,85085764,39,vehicle_speed_kmh,0.000
2026-10-09T10:50:10.744,1,65392,85087479,0,coolant_temp_c,33
2026-10-09T10:50:10.744,1,65392,85087479,0,fuel_temp_c,32
2026-10-09T10:50:10.744,1,65392,85087479,0,oil_temp_c,34.59
2026-10-09T10:50:10.749,1,65398,85092914,0,actual_torque_pct,14
2026-10-09T10:50:10.749,1,65398,85092914,0,engine_rpm,769.000
2026-10-09T10:50:10.751,1,65401,85094623,0,fuel_rate_lph,5.95
2026-10-09T10:50:10.751,1,65401,85094623,0,fuel_econ_inst_kmpl,0.000
2026-10-09T10:50:10.759,1,65406,85102886,0,actual_torque_pct,14
2026-10-09T10:50:10.759,1,65406,85102886,0,engine_rpm,770.000
2026-10-09T10:50:10.769,1,65412,85112871,0,actual_torque_pct,15
2026-10-09T10:50:10.769,1,65412,85112871,0,engine_rpm,770.000
2026-10-09T10:50:10.778,1,65416,85121263,0,actual_torque_pct,15
2026-10-09T10:50:10.778,1,65416,85121263,0,engine_rpm,772.000
2026-10-09T10:50:10.790,1,65427,85133453,0,engine_load_pct,34
2026-10-09T10:50:10.790,1,65428,85134027,0,actual_torque_pct,15
2026-10-09T10:50:10.790,1,65428,85134027,0,engine_rpm,772.000
2026-10-09T10:50:10.793,1,65432,85136340,39,fuel_level_pct,1.2
2026-10-09T10:50:10.799,1,65440,85142893,0,actual_torque_pct,15
2026-10-09T10:50:10.799,1,65440,85142893,0,engine_rpm,774.000
2026-10-09T10:50:10.809,1,65447,85152760,0,actual_torque_pct,15
2026-10-09T10:50:10.809,1,65447,85152760,0,engine_rpm,775.000
2026-10-09T10:50:10.819,1,65453,85162813,0,actual_torque_pct,15
2026-10-09T10:50:10.819,1,65453,85162813,0,engine_rpm,776.000
2026-10-09T10:50:10.829,1,65459,85173039,0,actual_torque_pct,15
2026-10-09T10:50:10.829,1,65459,85173039,0,engine_rpm,776.000
2026-10-09T10:50:10.840,1,65467,85183486,0,engine_load_pct,34
2026-10-09T10:50:10.840,1,65468,85184058,0,actual_torque_pct,15
2026-10-09T10:50:10.840,1,65468,85184058,0,engine_rpm,778.000
2026-10-09T10:50:10.842,1,65471,85185775,39,vehicle_speed_kmh,0.000
2026-10-09T10:50:10.849,1,65480,85192909,0,actual_torque_pct,15
2026-10-09T10:50:10.849,1,65480,85192909,0,engine_rpm,780.000
2026-10-09T10:50:10.850,1,65482,85194064,0,fuel_rate_lph,6.40
2026-10-09T10:50:10.850,1,65482,85194064,0,fuel_econ_inst_kmpl,0.000
2026-10-09T10:50:10.860,1,65487,85202923,0,actual_torque_pct,15
2026-10-09T10:50:10.860,1,65487,85202923,0,engine_rpm,782.000
2026-10-09T10:50:10.869,1,65494,85212873,0,actual_torque_pct,15
2026-10-09T10:50:10.869,1,65494,85212873,0,engine_rpm,784.000
2026-10-09T10:50:10.870,1,65496,85214037,0,engine_hours,40.25
2026-10-09T10:50:10.880,1,65503,85223578,0,actual_torque_pct,15
2026-10-09T10:50:10.880,1,65503,85223578,0,engine_rpm,784.000
2026-10-09T10:50:10.890,1,65510,85233377,0,engine_load_pct,34
2026-10-09T10:50:10.890,1,65511,85233953,0,actual_torque_pct,15
2026-10-09T10:50:10.890,1,65511,85233953,0,engine_rpm,787.000
2026-10-09T10:50:10.893,1,65515,85236266,39,fuel_level_pct,1.2
2026-10-09T10:50:10.899,1,65522,85242889,0,actual_torque_pct,15
2026-10-09T10:50:10.899,1,65522,85242889,0,engine_rpm,791.000
2026-10-09T10:50:10.909,1,65527,85252758,0,actual_torque_pct,15
2026-10-09T10:50:10.909,1,65527,85252758,0,engine_rpm,794.000
2026-10-09T10:50:10.919,1,65533,85262845,0,actual_torque_pct,15
2026-10-09T10:50:10.919,1,65533,85262845,0,engine_rpm,796.000
2026-10-09T10:50:10.929,1,65539,85273054,0,actual_torque_pct,15
2026-10-09T10:50:10.929,1,65539,85273054,0,engine_rpm,796.000
2026-10-09T10:50:10.940,1,65547,85283451,0,engine_load_pct,33
2026-10-09T10:50:10.941,1,65548,85284024,0,actual_torque_pct,15
2026-10-09T10:50:10.941,1,65548,85284024,0,engine_rpm,799.000
2026-10-09T10:50:10.942,1,65551,85285741,39,vehicle_speed_kmh,0.000
2026-10-09T10:50:10.949,1,65559,85292904,0,actual_torque_pct,15
2026-10-09T10:50:10.949,1,65559,85292904,0,engine_rpm,802.000
2026-10-09T10:50:10.950,1,65560,85293480,0,fuel_rate_lph,6.50
2026-10-09T10:50:10.950,1,65560,85293480,0,fuel_econ_inst_kmpl,0.000
2026-10-09T10:50:10.959,1,65565,85302763,0,actual_torque_pct,14
2026-10-09T10:50:10.959,1,65565,85302763,0,engine_rpm,804.000
2026-10-09T10:50:10.969,1,65571,85312875,0,actual_torque_pct,14
2026-10-09T10:50:10.969,1,65571,85312875,0,engine_rpm,806.000
2026-10-09T10:50:10.980,1,65579,85323582,0,actual_torque_pct,14
2026-10-09T10:50:10.980,1,65579,85323582,0,engine_rpm,806.000
2026-10-09T10:50:10.990,1,65586,85333378,0,engine_load_pct,31
2026-10-09T10:50:10.990,1,65587,85333946,0,actual_torque_pct,14
2026-10-09T10:50:10.990,1,65587,85333946,0,engine_rpm,809.000
2026-10-09T10:50:10.993,1,65591,85336249,39,fuel_level_pct,1.2
2026-10-09T10:50:10.997,1,65594,85340571,0,actual_torque_pct,14
2026-10-09T10:50:10.997,1,65594,85340571,0,engine_rpm,811.000
2026-10-09T10:50:11.009,1,65603,85352751,0,actual_torque_pct,14
2026-10-09T10:50:11.009,1,65603,85352751,0,engine_rpm,813.000
2026-10-09T10:50:11.020,1,65609,85362836,0,actual_torque_pct,14
2026-10-09T10:50:11.020,1,65609,85362836,0,engine_rpm,814.000
2026-10-09T10:50:11.029,1,65615,85372971,0,actual_torque_pct,14
2026-10-09T10:50:11.029,1,65615,85372971,0,engine_rpm,815.000
2026-10-09T10:50:11.040,1,65625,85383458,0,engine_load_pct,31
2026-10-09T10:50:11.040,1,65626,85384019,0,actual_torque_pct,14
2026-10-09T10:50:11.040,1,65626,85384019,0,engine_rpm,815.000
2026-10-09T10:50:11.042,1,65629,85385737,39,vehicle_speed_kmh,0.000
2026-10-09T10:50:11.044,1,65632,85387461,0,boost_pressure_kpa,104
2026-10-09T10:50:11.044,1,65632,85387461,0,intake_manifold_temp_c,32
2026-10-09T10:50:11.049,1,65638,85392893,0,actual_torque_pct,14
2026-10-09T10:50:11.049,1,65638,85392893,0,engine_rpm,817.000
2026-10-09T10:50:11.050,1,65640,85394059,0,fuel_rate_lph,6.05
2026-10-09T10:50:11.050,1,65640,85394059,0,fuel_econ_inst_kmpl,0.000
2026-10-09T10:50:11.059,1,65645,85402768,0,actual_torque_pct,14
2026-10-09T10:50:11.059,1,65645,85402768,0,engine_rpm,819.000
2026-10-09T10:50:11.070,1,65651,85412806,0,actual_torque_pct,13
2026-10-09T10:50:11.070,1,65651,85412806,0,engine_rpm,820.000
2026-10-09T10:50:11.079,1,65658,85423006,0,actual_torque_pct,13
2026-10-09T10:50:11.079,1,65658,85423006,0,engine_rpm,822.000
2026-10-09T10:50:11.090,1,65666,85433382,0,engine_load_pct,29
2026-10-09T10:50:11.090,1,65667,85433956,0,actual_torque_pct,13
2026-10-09T10:50:11.090,1,65667,85433956,0,engine_rpm,822.000
2026-10-09T10:50:11.093,1,65671,85436264,39,fuel_level_pct,1.2
2026-10-09T10:50:11.097,1,65674,85440529,0,actual_torque_pct,12
2026-10-09T10:50:11.097,1,65674,85440529,0,engine_rpm,823.000
2026-10-09T10:50:11.109,1,65683,85452747,0,actual_torque_pct,12
2026-10-09T10:50:11.109,1,65683,85452747,0,engine_rpm,825.000
2026-10-09T10:50:11.119,1,65689,85462809,0,actual_torque_pct,10
2026-10-09T10:50:11.119,1,65689,85462809,0,engine_rpm,826.000
2026-10-09T10:50:11.128,1,65691,85470525,0,actual_torque_pct,9
2026-10-09T10:50:11.128,1,65691,85470525,0,engine_rpm,827.000
2026-10-09T10:50:11.140,1,65703,85483446,0,engine_load_pct,20
2026-10-09T10:50:11.140,1,65704,85484026,0,actual_torque_pct,9
2026-10-09T10:50:11.140,1,65704,85484026,0,engine_rpm,828.000
2026-10-09T10:50:11.142,1,65707,85485731,39,vehicle_speed_kmh,0.000
2026-10-09T10:50:11.143,1,65708,85486308,0,oil_pressure_kpa,584
2026-10-09T10:50:11.149,1,65716,85492898,0,actual_torque_pct,9
2026-10-09T10:50:11.149,1,65716,85492898,0,engine_rpm,828.000
2026-10-09T10:50:11.150,1,65717,85493480,0,fuel_rate_lph,4.05
2026-10-09T10:50:11.150,1,65717,85493480,0,fuel_econ_inst_kmpl,0.000
2026-10-09T10:50:11.159,1,65722,85502780,0,actual_torque_pct,7
2026-10-09T10:50:11.159,1,65722,85502780,0,engine_rpm,829.000
2026-10-09T10:50:11.169,1,65728,85512780,0,actual_torque_pct,7
2026-10-09T10:50:11.169,1,65728,85512780,0,engine_rpm,829.000
2026-10-09T10:50:11.177,1,65731,85520510,0,actual_torque_pct,6
2026-10-09T10:50:11.177,1,65731,85520510,0,engine_rpm,827.000
2026-10-09T10:50:11.187,1,65738,85530477,0,actual_torque_pct,5
2026-10-09T10:50:11.187,1,65738,85530477,0,engine_rpm,827.000
2026-10-09T10:50:11.190,1,65744,85533933,0,engine_load_pct,11
2026-10-09T10:50:11.196,1,65749,85539651,39,fuel_level_pct,1.2
2026-10-09T10:50:11.199,1,65755,85543114,0,actual_torque_pct,5
2026-10-09T10:50:11.199,1,65755,85543114,0,engine_rpm,826.000
2026-10-09T10:50:11.209,1,65760,85552746,0,actual_torque_pct,5
2026-10-09T10:50:11.209,1,65760,85552746,0,engine_rpm,826.000
2026-10-09T10:50:11.217,1,65762,85560476,0,actual_torque_pct,4
2026-10-09T10:50:11.217,1,65762,85560476,0,engine_rpm,824.000
2026-10-09T10:50:11.227,1,65768,85570466,0,actual_torque_pct,4
2026-10-09T10:50:11.227,1,65768,85570466,0,engine_rpm,823.000
2026-10-09T10:50:11.237,1,65775,85580457,0,actual_torque_pct,3
2026-10-09T10:50:11.237,1,65775,85580457,0,engine_rpm,822.000
2026-10-09T10:50:11.240,1,65781,85583933,0,engine_load_pct,6
2026-10-09T10:50:11.242,1,65784,85585636,39,vehicle_speed_kmh,0.000
2026-10-09T10:50:11.249,1,65792,85592899,0,actual_torque_pct,3
2026-10-09T10:50:11.249,1,65792,85592899,0,engine_rpm,820.000
2026-10-09T10:50:11.250,1,65793,85593471,0,fuel_rate_lph,1.80
2026-10-09T10:50:11.250,1,65793,85593471,0,fuel_econ_inst_kmpl,0.000
2026-10-09T10:50:11.259,1,65798,85602774,0,actual_torque_pct,3
2026-10-09T10:50:11.259,1,65798,85602774,0,engine_rpm,820.000
2026-10-09T10:50:11.267,1,65800,85610432,0,actual_torque_pct,3
2026-10-09T10:50:11.267,1,65800,85610432,0,engine_rpm,817.000
2026-10-09T10:50:11.277,1,65807,85620430,0,actual_torque_pct,3
2026-10-09T10:50:11.277,1,65807,85620430,0,engine_rpm,815.000
2026-10-09T10:50:11.288,1,65814,85630468,0,actual_torque_pct,3
2026-10-09T10:50:11.288,1,65814,85630468,0,engine_rpm,812.000
2026-10-09T10:50:11.290,1,65820,85633938,0,engine_load_pct,6
2026-10-09T10:50:11.293,1,65824,85636254,39,fuel_level_pct,1.2
2026-10-09T10:50:11.297,1,65827,85640430,0,actual_torque_pct,3
2026-10-09T10:50:11.297,1,65827,85640430,0,engine_rpm,810.000
2026-10-09T10:50:11.309,1,65837,85652754,0,actual_torque_pct,3
2026-10-09T10:50:11.309,1,65837,85652754,0,engine_rpm,808.000
2026-10-09T10:50:11.317,1,65839,85660375,0,actual_torque_pct,3
2026-10-09T10:50:11.317,1,65839,85660375,0,engine_rpm,808.000
2026-10-09T10:50:11.327,1,65845,85670434,0,actual_torque_pct,3
2026-10-09T10:50:11.327,1,65845,85670434,0,engine_rpm,805.000
2026-10-09T10:50:11.337,1,65852,85680436,0,actual_torque_pct,3
2026-10-09T10:50:11.337,1,65852,85680436,0,engine_rpm,802.000
2026-10-09T10:50:11.340,1,65858,85683904,0,engine_load_pct,6
2026-10-09T10:50:11.342,1,65861,85685622,39,vehicle_speed_kmh,0.000
2026-10-09T10:50:11.347,1,65865,85690368,0,actual_torque_pct,3
2026-10-09T10:50:11.347,1,65865,85690368,0,engine_rpm,800.000
2026-10-09T10:50:11.350,1,65870,85693241,0,fuel_rate_lph,1.25
2026-10-09T10:50:11.350,1,65870,85693241,0,fuel_econ_inst_kmpl,0.000
2026-10-09T10:50:11.359,1,65875,85702833,0,actual_torque_pct,3
2026-10-09T10:50:11.359,1,65875,85702833,0,engine_rpm,797.000
2026-10-09T10:50:11.367,1,65879,85710352,0,actual_torque_pct,3
2026-10-09T10:50:11.367,1,65879,85710352,0,engine_rpm,797.000
2026-10-09T10:50:11.377,1,65887,85720370,0,actual_torque_pct,3
2026-10-09T10:50:11.377,1,65887,85720370,0,engine_rpm,794.000
2026-10-09T10:50:11.387,1,65894,85730354,0,actual_torque_pct,3
2026-10-09T10:50:11.387,1,65894,85730354,0,engine_rpm,791.000
2026-10-09T10:50:11.390,1,65900,85733817,0,engine_load_pct,6
2026-10-09T10:50:11.393,1,65904,85736261,39,fuel_level_pct,1.2
2026-10-09T10:50:11.397,1,65907,85740565,0,actual_torque_pct,3
2026-10-09T10:50:11.397,1,65907,85740565,0,engine_rpm,787.000
2026-10-09T10:50:11.410,1,65917,85752755,0,actual_torque_pct,3
2026-10-09T10:50:11.410,1,65917,85752755,0,engine_rpm,787.000
2026-10-09T10:50:11.417,1,65919,85760357,0,actual_torque_pct,3
2026-10-09T10:50:11.417,1,65919,85760357,0,engine_rpm,783.000
2026-10-09T10:50:11.427,1,65925,85770352,0,actual_torque_pct,3
2026-10-09T10:50:11.427,1,65925,85770352,0,engine_rpm,779.000
2026-10-09T10:50:11.437,1,65932,85780285,0,actual_torque_pct,3
2026-10-09T10:50:11.437,1,65932,85780285,0,engine_rpm,775.000
2026-10-09T10:50:11.440,1,65938,85783756,0,engine_load_pct,6
2026-10-09T10:50:11.442,1,65941,85785481,39,vehicle_speed_kmh,0.000
2026-10-09T10:50:11.449,1,65949,85792915,0,actual_torque_pct,3
2026-10-09T10:50:11.449,1,65949,85792915,0,engine_rpm,771.000
2026-10-09T10:50:11.450,1,65950,85793515,0,fuel_rate_lph,1.25
2026-10-09T10:50:11.450,1,65950,85793515,0,fuel_econ_inst_kmpl,0.000
2026-10-09T10:50:11.457,1,65951,85800312,0,actual_torque_pct,3
2026-10-09T10:50:11.457,1,65951,85800312,0,engine_rpm,771.000
2026-10-09T10:50:11.467,1,65957,85810294,0,actual_torque_pct,3
2026-10-09T10:50:11.467,1,65957,85810294,0,engine_rpm,767.000
2026-10-09T10:50:11.477,1,65964,85820343,0,actual_torque_pct,4
2026-10-09T10:50:11.477,1,65964,85820343,0,engine_rpm,761.000
2026-10-09T10:50:11.490,1,65976,85833363,0,engine_load_pct,9
2026-10-09T10:50:11.490,1,65977,85833935,0,actual_torque_pct,4
2026-10-09T10:50:11.490,1,65977,85833935,0,engine_rpm,757.000
2026-10-09T10:50:11.493,1,65981,85836288,39,fuel_level_pct,1.2
2026-10-09T10:50:11.497,1,65984,85840287,0,actual_torque_pct,4
2026-10-09T10:50:11.497,1,65984,85840287,0,engine_rpm,757.000
2026-10-09T10:50:11.507,1,65989,85850283,0,actual_torque_pct,4
2026-10-09T10:50:11.507,1,65989,85850283,0,engine_rpm,754.000
2026-10-09T10:50:11.517,1,65995,85860272,0,actual_torque_pct,4
2026-10-09T10:50:11.517,1,65995,85860272,0,engine_rpm,752.000
2026-10-09T10:50:11.527,1,66001,85870587,0,actual_torque_pct,5
2026-10-09T10:50:11.527,1,66001,85870587,0,engine_rpm,751.000
2026-10-09T10:50:11.537,1,66008,85880335,0,actual_torque_pct,5
2026-10-09T10:50:11.537,1,66008,85880335,0,engine_rpm,751.000
2026-10-09T10:50:11.540,1,66014,85883807,0,engine_load_pct,11
2026-10-09T10:50:11.542,1,66018,85886104,39,vehicle_speed_kmh,0.000
2026-10-09T10:50:11.544,1,66020,85887244,0,boost_pressure_kpa,104
2026-10-09T10:50:11.544,1,66020,85887244,0,intake_manifold_temp_c,32
2026-10-09T10:50:11.547,1,66023,85890451,0,actual_torque_pct,5
2026-10-09T10:50:11.547,1,66023,85890451,0,engine_rpm,750.000
2026-10-09T10:50:11.551,1,66030,85894486,0,fuel_rate_lph,2.05
2026-10-09T10:50:11.551,1,66030,85894486,0,fuel_econ_inst_kmpl,0.000
2026-10-09T10:50:11.557,1,66031,85900239,0,actual_torque_pct,6
2026-10-09T10:50:11.557,1,66031,85900239,0,engine_rpm,748.000
2026-10-09T10:50:11.569,1,66041,85912817,0,actual_torque_pct,7
2026-10-09T10:50:11.569,1,66041,85912817,0,engine_rpm,746.000
2026-10-09T10:50:11.577,1,66044,85920258,0,actual_torque_pct,7
2026-10-09T10:50:11.577,1,66044,85920258,0,engine_rpm,746.000
2026-10-09T10:50:11.587,1,66051,85930253,0,actual_torque_pct,7
2026-10-09T10:50:11.587,1,66051,85930253,0,engine_rpm,745.000
2026-10-09T10:50:11.590,1,66057,85933725,0,engine_load_pct,15
2026-10-09T10:50:11.593,1,66062,85936605,39,fuel_level_pct,1.2
2026-10-09T10:50:11.597,1,66065,85940226,0,actual_torque_pct,9
2026-10-09T10:50:11.597,1,66065,85940226,0,engine_rpm,744.000
2026-10-09T10:50:11.609,1,66074,85952840,0,actual_torque_pct,9
2026-10-09T10:50:11.609,1,66074,85952840,0,engine_rpm,743.000
2026-10-09T10:50:11.617,1,66076,85960237,0,actual_torque_pct,9
2026-10-09T10:50:11.617,1,66076,85960237,0,engine_rpm,743.000
2026-10-09T10:50:11.627,1,66082,85970253,0,actual_torque_pct,9
2026-10-09T10:50:11.627,1,66082,85970253,0,engine_rpm,742.000
2026-10-09T10:50:11.637,1,66089,85980218,0,actual_torque_pct,10
2026-10-09T10:50:11.637,1,66089,85980218,0,engine_rpm,742.000
2026-10-09T10:50:11.640,1,66095,85983700,0,engine_load_pct,22
2026-10-09T10:50:11.642,1,66098,85985410,0,oil_pressure_kpa,556
2026-10-09T10:50:11.642,1,66099,85985998,39,vehicle_speed_kmh,0.000
2026-10-09T10:50:11.649,1,66107,85992840,0,actual_torque_pct,10
2026-10-09T10:50:11.649,1,66107,85992840,0,engine_rpm,743.000
2026-10-09T10:50:11.651,1,66110,85994555,0,fuel_rate_lph,4.10
2026-10-09T10:50:11.651,1,66110,85994555,0,fuel_econ_inst_kmpl,0.000
2026-10-09T10:50:11.657,1,66111,86000204,0,actual_torque_pct,10
2026-10-09T10:50:11.657,1,66111,86000204,0,engine_rpm,743.000
2026-10-09T10:50:11.667,1,66117,86010199,0,actual_torque_pct,10
2026-10-09T10:50:11.667,1,66117,86010199,0,engine_rpm,742.000
2026-10-09T10:50:11.677,1,66124,86020183,0,actual_torque_pct,11
2026-10-09T10:50:11.677,1,66124,86020183,0,engine_rpm,741.000
2026-10-09T10:50:11.691,1,66137,86033380,0,engine_load_pct,25
2026-10-09T10:50:11.691,1,66138,86033940,0,actual_torque_pct,11
2026-10-09T10:50:11.691,1,66138,86033940,0,engine_rpm,741.000
2026-10-09T10:50:11.695,1,66144,86037394,39,fuel_level_pct,1.2
2026-10-09T10:50:11.697,1,66146,86040223,0,actual_torque_pct,11
2026-10-09T10:50:11.697,1,66146,86040223,0,engine_rpm,742.000
2026-10-09T10:50:11.706,1,66153,86050169,0,actual_torque_pct,11
2026-10-09T10:50:11.706,1,66153,86050169,0,engine_rpm,742.000
2026-10-09T10:50:11.717,1,66159,86060175,0,actual_torque_pct,11
2026-10-09T10:50:11.717,1,66159,86060175,0,engine_rpm,741.000
2026-10-09T10:50:11.729,1,66169,86073066,0,actual_torque_pct,11
2026-10-09T10:50:11.729,1,66169,86073066,0,engine_rpm,741.000
2026-10-09T10:50:11.736,1,66172,86080198,0,actual_torque_pct,12
2026-10-09T10:50:11.736,1,66172,86080198,0,engine_rpm,741.000
2026-10-09T10:50:11.740,1,66178,86083650,0,engine_load_pct,27
2026-10-09T10:50:11.742,1,66181,86085367,39,vehicle_speed_kmh,0.000
2026-10-09T10:50:11.744,1,66183,86086521,0,coolant_temp_c,33
2026-10-09T10:50:11.744,1,66183,86086521,0,fuel_temp_c,32
2026-10-09T10:50:11.744,1,66183,86086521,0,oil_temp_c,34.69
2026-10-09T10:50:11.746,1,66186,86090177,0,actual_torque_pct,12
2026-10-09T10:50:11.746,1,66186,86090177,0,engine_rpm,741.000
2026-10-09T10:50:11.751,1,66193,86094196,0,fuel_rate_lph,4.55
2026-10-09T10:50:11.751,1,66193,86094196,0,fuel_econ_inst_kmpl,0.000
2026-10-09T10:50:11.757,1,66194,86100140,0,actual_torque_pct,12
2026-10-09T10:50:11.757,1,66194,86100140,0,engine_rpm,742.000
2026-10-09T10:50:11.770,1,66204,86112791,0,actual_torque_pct,12
2026-10-09T10:50:11.770,1,66204,86112791,0,engine_rpm,742.000
2026-10-09T10:50:11.777,1,66207,86120167,0,actual_torque_pct,12
2026-10-09T10:50:11.777,1,66207,86120167,0,engine_rpm,743.000
2026-10-09T10:50:11.787,1,66214,86130133,0,actual_torque_pct,12
2026-10-09T10:50:11.787,1,66214,86130133,0,engine_rpm,745.000
2026-10-09T10:50:11.790,1,66220,86133596,0,engine_load_pct,27
2026-10-09T10:50:11.793,1,66225,86136508,39,fuel_level_pct,1.2
2026-10-09T10:50:11.796,1,66228,86140146,0,actual_torque_pct,13
2026-10-09T10:50:11.796,1,66228,86140146,0,engine_rpm,748.000
2026-10-09T10:50:11.809,1,66239,86152775,0,actual_torque_pct,13
2026-10-09T10:50:11.809,1,66239,86152775,0,engine_rpm,748.000
2026-10-09T10:50:11.817,1,66241,86160141,0,actual_torque_pct,13
2026-10-09T10:50:11.817,1,66241,86160141,0,engine_rpm,750.000
2026-10-09T10:50:11.827,1,66247,86170135,0,actual_torque_pct,13
2026-10-09T10:50:11.827,1,66247,86170135,0,engine_rpm,751.000
2026-10-09T10:50:11.836,1,66254,86180116,0,actual_torque_pct,14
2026-10-09T10:50:11.836,1,66254,86180116,0,engine_rpm,752.000
2026-10-09T10:50:11.840,1,66260,86183591,0,engine_load_pct,31
2026-10-09T10:50:11.842,1,66264,86185896,39,vehicle_speed_kmh,0.000
2026-10-09T10:50:11.849,1,66272,86192834,0,actual_torque_pct,14
2026-10-09T10:50:11.849,1,66272,86192834,0,engine_rpm,752.000
2026-10-09T10:50:11.850,1,66274,86193990,0,fuel_rate_lph,5.45
2026-10-09T10:50:11.850,1,66274,86193990,0,fuel_econ_inst_kmpl,0.000
2026-10-09T10:50:11.856,1,66275,86200118,0,actual_torque_pct,14
2026-10-09T10:50:11.856,1,66275,86200118,0,engine_rpm,755.000
2026-10-09T10:50:11.866,1,66282,86210106,0,actual_torque_pct,14
2026-10-09T10:50:11.866,1,66282,86210106,0,engine_rpm,758.000
2026-10-09T10:50:11.870,1,66288,86213563,0,engine_hours,40.25
2026-10-09T10:50:11.876,1,66290,86220074,0,actual_torque_pct,15
2026-10-09T10:50:11.876,1,66290,86220074,0,engine_rpm,759.000
2026-10-09T10:50:11.890,1,66302,86233393,0,engine_load_pct,33
2026-10-09T10:50:11.890,1,66303,86233944,0,actual_torque_pct,15
2026-10-09T10:50:11.890,1,66303,86233944,0,engine_rpm,759.000
2026-10-09T10:50:11.893,1,66307,86236259,39,fuel_level_pct,1.2
2026-10-09T10:50:11.897,1,66310,86240437,0,actual_torque_pct,15
2026-10-09T10:50:11.897,1,66310,86240437,0,engine_rpm,759.000
2026-10-09T10:50:11.906,1,66315,86250076,0,actual_torque_pct,15
2026-10-09T10:50:11.906,1,66315,86250076,0,engine_rpm,762.000
2026-10-09T10:50:11.916,1,66321,86260050,0,actual_torque_pct,16
2026-10-09T10:50:11.916,1,66321,86260050,0,engine_rpm,764.000
2026-10-09T10:50:11.929,1,66331,86273047,0,actual_torque_pct,16
2026-10-09T10:50:11.929,1,66331,86273047,0,engine_rpm,767.000
2026-10-09T10:50:11.937,1,66334,86280106,0,actual_torque_pct,16
2026-10-09T10:50:11.937,1,66334,86280106,0,engine_rpm,767.000
2026-10-09T10:50:11.940,1,66340,86283584,0,engine_load_pct,36
2026-10-09T10:50:11.942,1,66343,86285296,39,vehicle_speed_kmh,0.000
2026-10-09T10:50:11.947,1,66347,86290058,0,actual_torque_pct,16
2026-10-09T10:50:11.947,1,66347,86290058,0,engine_rpm,770.000
2026-10-09T10:50:11.949,1,66352,86292940,0,fuel_rate_lph,6.80
2026-10-09T10:50:11.949,1,66352,86292940,0,fuel_econ_inst_kmpl,0.000
2026-10-09T10:50:11.957,1,66353,86300121,0,actual_torque_pct,16
2026-10-09T10:50:11.957,1,66353,86300121,0,engine_rpm,773.000
2026-10-09T10:50:11.967,1,66359,86310064,0,actual_torque_pct,16
2026-10-09T10:50:11.967,1,66359,86310064,0,engine_rpm,777.000
2026-10-09T10:50:11.979,1,66370,86322993,0,actual_torque_pct,16
2026-10-09T10:50:11.979,1,66370,86322993,0,engine_rpm,777.000
2026-10-09T10:50:11.986,1,66373,86330039,0,actual_torque_pct,16
2026-10-09T10:50:11.986,1,66373,86330039,0,engine_rpm,781.000
2026-10-09T10:50:11.990,1,66379,86333502,0,engine_load_pct,35
2026-10-09T10:50:11.994,1,66384,86337258,39,fuel_level_pct,1.2
2026-10-09T10:50:11.996,1,66386,86340070,0,actual_torque_pct,16
2026-10-09T10:50:11.996,1,66386,86340070,0,engine_rpm,784.000
2026-10-09T10:50:12.006,1,66391,86350035,0,actual_torque_pct,16
2026-10-09T10:50:12.006,1,66391,86350035,0,engine_rpm,787.000
2026-10-09T10:50:12.017,1,66397,86360479,0,actual_torque_pct,16
2026-10-09T10:50:12.017,1,66397,86360479,0,engine_rpm,790.000
2026-10-09T10:50:12.029,1,66407,86373058,0,actual_torque_pct,16
2026-10-09T10:50:12.029,1,66407,86373058,0,engine_rpm,790.000
2026-10-09T10:50:12.036,1,66412,86380028,0,actual_torque_pct,16
2026-10-09T10:50:12.036,1,66412,86380028,0,engine_rpm,794.000
2026-10-09T10:50:12.040,1,66418,86383491,0,engine_load_pct,35
2026-10-09T10:50:12.042,1,66421,86385219,39,vehicle_speed_kmh,0.000
2026-10-09T10:50:12.043,1,66423,86386365,0,boost_pressure_kpa,104
2026-10-09T10:50:12.043,1,66423,86386365,0,intake_manifold_temp_c,32
2026-10-09T10:50:12.046,1,66426,86390079,0,actual_torque_pct,16
2026-10-09T10:50:12.046,1,66426,86390079,0,engine_rpm,798.000
2026-10-09T10:50:12.050,1,66432,86393529,0,fuel_rate_lph,6.90
2026-10-09T10:50:12.050,1,66432,86393529,0,fuel_econ_inst_kmpl,0.000
2026-10-09T10:50:12.056,1,66433,86400046,0,actual_torque_pct,15
2026-10-09T10:50:12.056,1,66433,86400046,0,engine_rpm,801.000
2026-10-09T10:50:12.067,1,66439,86410243,0,actual_torque_pct,15
2026-10-09T10:50:12.067,1,66439,86410243,0,engine_rpm,804.000
2026-10-09T10:50:12.080,1,66450,86423003,0,actual_torque_pct,15
2026-10-09T10:50:12.080,1,66450,86423003,0,engine_rpm,804.000
2026-10-09T10:50:12.087,1,66453,86430032,0,actual_torque_pct,15
2026-10-09T10:50:12.087,1,66453,86430032,0,engine_rpm,807.000
2026-10-09T10:50:12.090,1,66459,86433484,0,engine_load_pct,33
2026-10-09T10:50:12.094,1,66464,86437267,39,fuel_level_pct,1.2
2026-10-09T10:50:12.096,1,66466,86440046,0,actual_torque_pct,15
2026-10-09T10:50:12.096,1,66466,86440046,0,engine_rpm,810.000
2026-10-09T10:50:12.107,1,66471,86449988,0,actual_torque_pct,15
2026-10-09T10:50:12.107,1,66471,86449988,0,engine_rpm,813.000
2026-10-09T10:50:12.117,1,66477,86459979,0,actual_torque_pct,15
2026-10-09T10:50:12.117,1,66477,86459979,0,engine_rpm,816.000
2026-10-09T10:50:12.129,1,66487,86473035,0,actual_torque_pct,15
2026-10-09T10:50:12.129,1,66487,86473035,0,engine_rpm,816.000
2026-10-09T10:50:12.137,1,66490,86480015,0,actual_torque_pct,15
2026-10-09T10:50:12.137,1,66490,86480015,0,engine_rpm,819.000
2026-10-09T10:50:12.140,1,66496,86483456,0,engine_load_pct,33
2026-10-09T10:50:12.142,1,66499,86485175,39,vehicle_speed_kmh,0.000
2026-10-09T10:50:12.143,1,66501,86486352,0,oil_pressure_kpa,544
2026-10-09T10:50:12.146,1,66504,86490054,0,actual_torque_pct,15
2026-10-09T10:50:12.146,1,66504,86490054,0,engine_rpm,820.000
2026-10-09T10:50:12.149,1,66509,86492942,0,fuel_rate_lph,6.45
2026-10-09T10:50:12.149,1,66509,86492942,0,fuel_econ_inst_kmpl,0.000
2026-10-09T10:50:12.157,1,66510,86499971,0,actual_torque_pct,15
2026-10-09T10:50:12.157,1,66510,86499971,0,engine_rpm,823.000
2026-10-09T10:50:12.167,1,66516,86509956,0,actual_torque_pct,14
2026-10-09T10:50:12.167,1,66516,86509956,0,engine_rpm,825.000
2026-10-09T10:50:12.177,1,66523,86520617,0,actual_torque_pct,14
2026-10-09T10:50:12.177,1,66523,86520617,0,engine_rpm,828.000
2026-10-09T10:50:12.190,1,66535,86533376,0,engine_load_pct,31
2026-10-09T10:50:12.190,1,66536,86533951,0,actual_torque_pct,14
2026-10-09T10:50:12.190,1,66536,86533951,0,engine_rpm,828.000
2026-10-09T10:50:12.196,1,66541,86539990,39,fuel_level_pct,1.2
2026-10-09T10:50:12.197,1,66542,86540550,0,actual_torque_pct,14
2026-10-09T10:50:12.197,1,66542,86540550,0,engine_rpm,829.000
2026-10-09T10:50:12.206,1,66548,86549944,0,actual_torque_pct,14
2026-10-09T10:50:12.206,1,66548,86549944,0,engine_rpm,831.000
2026-10-09T10:50:12.216,1,66554,86559953,0,actual_torque_pct,14
2026-10-09T10:50:12.216,1,66554,86559953,0,engine_rpm,833.000
2026-10-09T10:50:12.226,1,66560,86569933,0,actual_torque_pct,14
2026-10-09T10:50:12.226,1,66560,86569933,0,engine_rpm,834.000
2026-10-09T10:50:12.236,1,66567,86579931,0,actual_torque_pct,14
2026-10-09T10:50:12.236,1,66567,86579931,0,engine_rpm,835.000
2026-10-09T10:50:12.237,1,66568,86580518,0,engine_load_pct,31
2026-10-09T10:50:12.241,1,66576,86585112,39,vehicle_speed_kmh,0.000
2026-10-09T10:50:12.249,1,66584,86592833,0,actual_torque_pct,14
2026-10-09T10:50:12.249,1,66584,86592833,0,engine_rpm,835.000
2026-10-09T10:50:12.250,1,66585,86593411,0,fuel_rate_lph,6.00
2026-10-09T10:50:12.250,1,66585,86593411,0,fuel_econ_inst_kmpl,0.000
2026-10-09T10:50:12.257,1,66586,86599927,0,actual_torque_pct,14
2026-10-09T10:50:12.257,1,66586,86599927,0,engine_rpm,835.000
2026-10-09T10:50:12.267,1,66592,86609918,0,actual_torque_pct,14
2026-10-09T10:50:12.267,1,66592,86609918,0,engine_rpm,838.000
2026-10-09T10:50:12.276,1,66599,86619883,0,actual_torque_pct,14
2026-10-09T10:50:12.276,1,66599,86619883,0,engine_rpm,842.000
2026-10-09T10:50:12.286,1,66606,86629913,0,actual_torque_pct,13
2026-10-09T10:50:12.286,1,66606,86629913,0,engine_rpm,844.000
2026-10-09T10:50:12.287,1,66607,86630492,0,engine_load_pct,29
2026-10-09T10:50:12.294,1,66617,86637282,39,fuel_level_pct,1.2
2026-10-09T10:50:12.297,1,66619,86640179,0,actual_torque_pct,13
2026-10-09T10:50:12.297,1,66619,86640179,0,engine_rpm,845.000
2026-10-09T10:50:12.309,1,66629,86652739,0,actual_torque_pct,13
2026-10-09T10:50:12.309,1,66629,86652739,0,engine_rpm,846.000
2026-10-09T10:50:12.319,1,66635,86662898,0,actual_torque_pct,13
2026-10-09T10:50:12.319,1,66635,86662898,0,engine_rpm,846.000
2026-10-09T10:50:12.327,1,66637,86669912,0,actual_torque_pct,13
2026-10-09T10:50:12.327,1,66637,86669912,0,engine_rpm,848.000
2026-10-09T10:50:12.337,1,66644,86679906,0,actual_torque_pct,13
2026-10-09T10:50:12.337,1,66644,86679906,0,engine_rpm,850.000
2026-10-09T10:50:12.337,1,66645,86680491,0,engine_load_pct,29
2026-10-09T10:50:12.341,1,66653,86685093,39,vehicle_speed_kmh,0.000
2026-10-09T10:50:12.347,1,66657,86690128,0,actual_torque_pct,13
2026-10-09T10:50:12.347,1,66657,86690128,0,engine_rpm,851.000
2026-10-09T10:50:12.349,1,66662,86693021,0,fuel_rate_lph,5.60
2026-10-09T10:50:12.349,1,66662,86693021,0,fuel_econ_inst_kmpl,0.000
2026-10-09T10:50:12.357,1,66663,86699838,0,actual_torque_pct,13
2026-10-09T10:50:12.357,1,66663,86699838,0,engine_rpm,852.000
2026-10-09T10:50:12.367,1,66671,86709866,0,actual_torque_pct,13
2026-10-09T10:50:12.367,1,66671,86709866,0,engine_rpm,854.000
2026-10-09T10:50:12.379,1,66683,86722993,0,actual_torque_pct,13
2026-10-09T10:50:12.379,1,66683,86722993,0,engine_rpm,854.000
2026-10-09T10:50:12.390,1,66691,86733380,0,engine_load_pct,29
2026-10-09T10:50:12.390,1,66692,86733956,0,actual_torque_pct,13
2026-10-09T10:50:12.390,1,66692,86733956,0,engine_rpm,855.000
2026-10-09T10:50:12.393,1,66696,86736564,39,fuel_level_pct,1.2
2026-10-09T10:50:12.396,1,66699,86740057,0,actual_torque_pct,13
2026-10-09T10:50:12.396,1,66699,86740057,0,engine_rpm,855.000
2026-10-09T10:50:12.407,1,66705,86749898,0,actual_torque_pct,13
2026-10-09T10:50:12.407,1,66705,86749898,0,engine_rpm,857.000
2026-10-09T10:50:12.417,1,66711,86759865,0,actual_torque_pct,12
2026-10-09T10:50:12.417,1,66711,86759865,0,engine_rpm,859.000
2026-10-09T10:50:12.426,1,66717,86769829,0,actual_torque_pct,12
2026-10-09T10:50:12.426,1,66717,86769829,0,engine_rpm,860.000
2026-10-09T10:50:12.436,1,66724,86780071,0,actual_torque_pct,12
2026-10-09T10:50:12.436,1,66724,86780071,0,engine_rpm,861.000
2026-10-09T10:50:12.440,1,66730,86783542,0,engine_load_pct,26
2026-10-09T10:50:12.442,1,66733,86785263,39,vehicle_speed_kmh,0.000
2026-10-09T10:50:12.450,1,66741,86792860,0,actual_torque_pct,11
2026-10-09T10:50:12.450,1,66741,86792860,0,engine_rpm,862.000
2026-10-09T10:50:12.451,1,66742,86793456,0,fuel_rate_lph,5.25
2026-10-09T10:50:12.451,1,66742,86793456,0,fuel_econ_inst_kmpl,0.000
2026-10-09T10:50:12.459,1,66747,86802790,0,actual_torque_pct,11
2026-10-09T10:50:12.459,1,66747,86802790,0,engine_rpm,862.000
2026-10-09T10:50:12.467,1,66749,86809812,0,actual_torque_pct,11
2026-10-09T10:50:12.467,1,66749,86809812,0,engine_rpm,863.000
2026-10-09T10:50:12.477,1,66756,86819782,0,actual_torque_pct,10
2026-10-09T10:50:12.477,1,66756,86819782,0,engine_rpm,864.000
2026-10-09T10:50:12.487,1,66763,86829804,0,actual_torque_pct,10
2026-10-09T10:50:12.487,1,66763,86829804,0,engine_rpm,864.000
2026-10-09T10:50:12.487,1,66764,86830392,0,engine_load_pct,22
2026-10-09T10:50:12.493,1,66773,86836583,39,fuel_level_pct,1.2
2026-10-09T10:50:12.496,1,66776,86840099,0,actual_torque_pct,10
2026-10-09T10:50:12.496,1,66776,86840099,0,engine_rpm,864.000
2026-10-09T10:50:12.506,1,66781,86849772,0,actual_torque_pct,9
2026-10-09T10:50:12.506,1,66781,86849772,0,engine_rpm,864.000
2026-10-09T10:50:12.517,1,66787,86860501,0,actual_torque_pct,9
2026-10-09T10:50:12.517,1,66787,86860501,0,engine_rpm,864.000
2026-10-09T10:50:12.529,1,66797,86873072,0,actual_torque_pct,9
2026-10-09T10:50:12.529,1,66797,86873072,0,engine_rpm,864.000
2026-10-09T10:50:12.536,1,66800,86879859,0,actual_torque_pct,9
2026-10-09T10:50:12.536,1,66800,86879859,0,engine_rpm,863.000
2026-10-09T10:50:12.537,1,66801,86880447,0,engine_load_pct,20
2026-10-09T10:50:12.542,1,66810,86885625,39,vehicle_speed_kmh,0.000
2026-10-09T10:50:12.543,1,66811,86886209,0,boost_pressure_kpa,104
2026-10-09T10:50:12.543,1,66811,86886209,0,intake_manifold_temp_c,32
2026-10-09T10:50:12.546,1,66815,86889934,0,actual_torque_pct,9
2026-10-09T10:50:12.546,1,66815,86889934,0,engine_rpm,863.000
2026-10-09T10:50:12.550,1,66822,86893954,0,fuel_rate_lph,4.15
2026-10-09T10:50:12.550,1,66822,86893954,0,fuel_econ_inst_kmpl,0.000
2026-10-09T10:50:12.556,1,66823,86899739,0,actual_torque_pct,8
2026-10-09T10:50:12.556,1,66823,86899739,0,engine_rpm,863.000
2026-10-09T10:50:12.566,1,66829,86909755,0,actual_torque_pct,7
2026-10-09T10:50:12.566,1,66829,86909755,0,engine_rpm,862.000
2026-10-09T10:50:12.576,1,66836,86919789,0,actual_torque_pct,7
2026-10-09T10:50:12.576,1,66836,86919789,0,engine_rpm,861.000
2026-10-09T10:50:12.587,1,66843,86930055,0,actual_torque_pct,7
2026-10-09T10:50:12.587,1,66843,86930055,0,engine_rpm,861.000
2026-10-09T10:50:12.590,1,66849,86933515,0,engine_load_pct,15
2026-10-09T10:50:12.593,1,66854,86936644,39,fuel_level_pct,1.2
2026-10-09T10:50:12.599,1,66861,86942898,0,actual_torque_pct,7
2026-10-09T10:50:12.599,1,66861,86942898,0,engine_rpm,861.000
2026-10-09T10:50:12.606,1,66862,86949735,0,actual_torque_pct,7
2026-10-09T10:50:12.606,1,66862,86949735,0,engine_rpm,860.000
2026-10-09T10:50:12.616,1,66868,86959736,0,actual_torque_pct,6
2026-10-09T10:50:12.616,1,66868,86959736,0,engine_rpm,858.000
2026-10-09T10:50:12.626,1,66874,86969743,0,actual_torque_pct,6
2026-10-09T10:50:12.626,1,66874,86969743,0,engine_rpm,857.000
2026-10-09T10:50:12.636,1,66881,86979704,0,actual_torque_pct,6
2026-10-09T10:50:12.636,1,66881,86979704,0,engine_rpm,855.000
2026-10-09T10:50:12.637,1,66882,86980290,0,engine_load_pct,13
2026-10-09T10:50:12.641,1,66890,86984909,0,oil_pressure_kpa,596
2026-10-09T10:50:12.642,1,66891,86985476,39,vehicle_speed_kmh,0.000
2026-10-09T10:50:12.646,1,66895,86989722,0,actual_torque_pct,5
2026-10-09T10:50:12.646,1,66895,86989722,0,engine_rpm,854.000
2026-10-09T10:50:12.650,1,66902,86993745,0,fuel_rate_lph,2.80
2026-10-09T10:50:12.650,1,66902,86993745,0,fuel_econ_inst_kmpl,0.000
2026-10-09T10:50:12.657,1,66903,87000242,0,actual_torque_pct,5
2026-10-09T10:50:12.657,1,66903,87000242,0,engine_rpm,852.000
2026-10-09T10:50:12.669,1,66913,87012798,0,actual_torque_pct,5
2026-10-09T10:50:12.669,1,66913,87012798,0,engine_rpm,852.000
2026-10-09T10:50:12.676,1,66916,87019655,0,actual_torque_pct,4
2026-10-09T10:50:12.676,1,66916,87019655,0,engine_rpm,849.000
2026-10-09T10:50:12.686,1,66923,87029697,0,actual_torque_pct,4
2026-10-09T10:50:12.686,1,66923,87029697,0,engine_rpm,847.000
2026-10-09T10:50:12.687,1,66924,87030282,0,engine_load_pct,9
2026-10-09T10:50:12.694,1,66936,87037351,39,fuel_level_pct,1.2
2026-10-09T10:50:12.696,1,66937,87039707,0,actual_torque_pct,2
2026-10-09T10:50:12.696,1,66937,87039707,0,engine_rpm,845.000
2026-10-09T10:50:12.706,1,66945,87049663,0,actual_torque_pct,1
2026-10-09T10:50:12.706,1,66945,87049663,0,engine_rpm,841.000
2026-10-09T10:50:12.716,1,66951,87059665,0,actual_torque_pct,1
2026-10-09T10:50:12.716,1,66951,87059665,0,engine_rpm,839.000
2026-10-09T10:50:12.730,1,66961,87073066,0,actual_torque_pct,1
2026-10-09T10:50:12.730,1,66961,87073066,0,engine_rpm,839.000
2026-10-09T10:50:12.736,1,66964,87079674,0,actual_torque_pct,1
2026-10-09T10:50:12.736,1,66964,87079674,0,engine_rpm,836.000
2026-10-09T10:50:12.737,1,66965,87080257,0,engine_load_pct,2
2026-10-09T10:50:12.741,1,66973,87084876,39,vehicle_speed_kmh,0.000
2026-10-09T10:50:12.743,1,66976,87086595,0,coolant_temp_c,33
2026-10-09T10:50:12.743,1,66976,87086595,0,fuel_temp_c,32
2026-10-09T10:50:12.743,1,66976,87086595,0,oil_temp_c,34.69
2026-10-09T10:50:12.746,1,66978,87089664,0,actual_torque_pct,1
2026-10-09T10:50:12.746,1,66978,87089664,0,engine_rpm,832.000
2026-10-09T10:50:12.750,1,66985,87093686,0,fuel_rate_lph,0.40
2026-10-09T10:50:12.750,1,66985,87093686,0,fuel_econ_inst_kmpl,0.000
2026-10-09T10:50:12.756,1,66986,87099592,0,actual_torque_pct,0
2026-10-09T10:50:12.756,1,66986,87099592,0,engine_rpm,827.000
2026-10-09T10:50:12.766,1,66992,87109620,0,actual_torque_pct,0
2026-10-09T10:50:12.766,1,66992,87109620,0,engine_rpm,821.000
2026-10-09T10:50:12.777,1,66999,87119996,0,actual_torque_pct,0
2026-10-09T10:50:12.777,1,66999,87119996,0,engine_rpm,816.000
2026-10-09T10:50:12.790,1,67011,87133380,0,engine_load_pct,0
2026-10-09T10:50:12.790,1,67012,87133953,0,actual_torque_pct,0
2026-10-09T10:50:12.790,1,67012,87133953,0,engine_rpm,816.000
2026-10-09T10:50:12.794,1,67018,87137403,39,fuel_level_pct,1.2
2026-10-09T10:50:12.796,1,67020,87139970,0,actual_torque_pct,0
2026-10-09T10:50:12.796,1,67020,87139970,0,engine_rpm,811.000
2026-10-09T10:50:12.806,1,67027,87149592,0,actual_torque_pct,0
2026-10-09T10:50:12.806,1,67027,87149592,0,engine_rpm,806.000
2026-10-09T10:50:12.816,1,67033,87159586,0,actual_torque_pct,0
2026-10-09T10:50:12.816,1,67033,87159586,0,engine_rpm,798.000
2026-10-09T10:50:12.826,1,67039,87169946,0,actual_torque_pct,0
2026-10-09T10:50:12.826,1,67039,87169946,0,engine_rpm,791.000
2026-10-09T10:50:12.836,1,67046,87179539,0,actual_torque_pct,0
2026-10-09T10:50:12.836,1,67046,87179539,0,engine_rpm,791.000
2026-10-09T10:50:12.836,1,67047,87180126,0,engine_load_pct,0
2026-10-09T10:50:12.841,1,67055,87184710,39,vehicle_speed_kmh,0.000
2026-10-09T10:50:12.846,1,67060,87189573,0,actual_torque_pct,0
2026-10-09T10:50:12.846,1,67060,87189573,0,engine_rpm,783.000
2026-10-09T10:50:12.849,1,67066,87193038,0,fuel_rate_lph,0.00
2026-10-09T10:50:12.849,1,67066,87193038,0,fuel_econ_inst_kmpl,125.498
2026-10-09T10:50:12.856,1,67067,87199570,0,actual_torque_pct,0
2026-10-09T10:50:12.856,1,67067,87199570,0,engine_rpm,775.000
2026-10-09T10:50:12.866,1,67074,87209553,0,actual_torque_pct,0
2026-10-09T10:50:12.866,1,67074,87209553,0,engine_rpm,768.000
2026-10-09T10:50:12.869,1,67080,87213037,0,engine_hours,40.25
2026-10-09T10:50:12.879,1,67086,87223017,0,actual_torque_pct,0
2026-10-09T10:50:12.879,1,67086,87223017,0,engine_rpm,768.000
2026-10-09T10:50:12.886,1,67089,87229523,0,actual_torque_pct,0
2026-10-09T10:50:12.886,1,67089,87229523,0,engine_rpm,760.000
2026-10-09T10:50:12.886,1,67090,87230123,0,engine_load_pct,0
2026-10-09T10:50:12.892,1,67099,87235369,39,fuel_level_pct,1.2
2026-10-09T10:50:12.896,1,67101,87239525,0,actual_torque_pct,0
2026-10-09T10:50:12.896,1,67101,87239525,0,engine_rpm,753.000
2026-10-09T10:50:12.906,1,67107,87249491,0,actual_torque_pct,0
2026-10-09T10:50:12.906,1,67107,87249491,0,engine_rpm,745.000
2026-10-09T10:50:12.919,1,67117,87262811,0,actual_torque_pct,0
2026-10-09T10:50:12.919,1,67117,87262811,0,engine_rpm,745.000
2026-10-09T10:50:12.926,1,67119,87269525,0,actual_torque_pct,0
2026-10-09T10:50:12.926,1,67119,87269525,0,engine_rpm,738.000
2026-10-09T10:50:12.936,1,67126,87279569,0,actual_torque_pct,0
2026-10-09T10:50:12.936,1,67126,87279569,0,engine_rpm,730.000
2026-10-09T10:50:12.936,1,67127,87280152,0,engine_load_pct,0
2026-10-09T10:50:12.941,1,67135,87284753,39,vehicle_speed_kmh,0.000
2026-10-09T10:50:12.947,1,67139,87290270,0,actual_torque_pct,0
2026-10-09T10:50:12.947,1,67139,87290270,0,engine_rpm,722.000
2026-10-09T10:50:12.950,1,67144,87293182,0,fuel_rate_lph,0.00
2026-10-09T10:50:12.950,1,67144,87293182,0,fuel_econ_inst_kmpl,125.498
2026-10-09T10:50:12.956,1,67145,87299476,0,actual_torque_pct,0
2026-10-09T10:50:12.956,1,67145,87299476,0,engine_rpm,722.000
2026-10-09T10:50:12.966,1,67151,87309489,0,actual_torque_pct,0
2026-10-09T10:50:12.966,1,67151,87309489,0,engine_rpm,714.000
2026-10-09T10:50:12.976,1,67158,87319516,0,actual_torque_pct,0
2026-10-09T10:50:12.976,1,67158,87319516,0,engine_rpm,706.000
2026-10-09T10:50:12.986,1,67165,87329470,0,actual_torque_pct,0
2026-10-09T10:50:12.986,1,67165,87329470,0,engine_rpm,706.000
2026-10-09T10:50:12.987,1,67166,87330056,0,engine_load_pct,0
2026-10-09T10:50:12.994,1,67176,87337308,39,fuel_level_pct,1.2
2026-10-09T10:50:12.996,1,67177,87339437,0,actual_torque_pct,0
2026-10-09T10:50:12.996,1,67177,87339437,0,engine_rpm,698.000
2026-10-09T10:50:13.006,1,67183,87349484,0,actual_torque_pct,0
2026-10-09T10:50:13.006,1,67183,87349484,0,engine_rpm,691.000
2026-10-09T10:50:13.019,1,67193,87362815,0,actual_torque_pct,0
2026-10-09T10:50:13.019,1,67193,87362815,0,engine_rpm,691.000
2026-10-09T10:50:13.026,1,67195,87369450,0,actual_torque_pct,0
2026-10-09T10:50:13.026,1,67195,87369450,0,engine_rpm,683.000
2026-10-09T10:50:13.036,1,67204,87379454,0,actual_torque_pct,0
2026-10-09T10:50:13.036,1,67204,87379454,0,engine_rpm,674.000
2026-10-09T10:50:13.036,1,67205,87380034,0,engine_load_pct,0
2026-10-09T10:50:13.041,1,67213,87384639,39,vehicle_speed_kmh,0.000
2026-10-09T10:50:13.042,1,67214,87385227,0,boost_pressure_kpa,106
2026-10-09T10:50:13.042,1,67214,87385227,0,intake_manifold_temp_c,32
2026-10-09T10:50:13.049,1,67222,87392832,0,actual_torque_pct,0
2026-10-09T10:50:13.049,1,67222,87392832,0,engine_rpm,674.000
2026-10-09T10:50:13.050,1,67224,87394017,0,fuel_rate_lph,0.00
2026-10-09T10:50:13.050,1,67224,87394017,0,fuel_econ_inst_kmpl,0.000
2026-10-09T10:50:13.056,1,67225,87399461,0,actual_torque_pct,0
2026-10-09T10:50:13.056,1,67225,87399461,0,engine_rpm,666.000
2026-10-09T10:50:13.066,1,67231,87409391,0,actual_torque_pct,0
2026-10-09T10:50:13.066,1,67231,87409391,0,engine_rpm,658.000
2026-10-09T10:50:13.076,1,67238,87419408,0,actual_torque_pct,0
2026-10-09T10:50:13.076,1,67238,87419408,0,engine_rpm,658.000
2026-10-09T10:50:13.086,1,67245,87429419,0,actual_torque_pct,0
2026-10-09T10:50:13.086,1,67245,87429419,0,engine_rpm,650.000
2026-10-09T10:50:13.086,1,67246,87430019,0,engine_load_pct,0
2026-10-09T10:50:13.094,1,67256,87437299,39,fuel_level_pct,1.2
2026-10-09T10:50:13.096,1,67257,87439419,0,actual_torque_pct,0
2026-10-09T10:50:13.096,1,67257,87439419,0,engine_rpm,642.000
2026-10-09T10:50:13.106,1,67263,87449383,0,actual_torque_pct,0
2026-10-09T10:50:13.106,1,67263,87449383,0,engine_rpm,642.000
2026-10-09T10:50:13.116,1,67269,87459382,0,actual_torque_pct,0
2026-10-09T10:50:13.116,1,67269,87459382,0,engine_rpm,634.000
2026-10-09T10:50:13.127,1,67275,87470403,0,actual_torque_pct,0
2026-10-09T10:50:13.127,1,67275,87470403,0,engine_rpm,626.000
2026-10-09T10:50:13.136,1,67282,87479425,0,actual_torque_pct,0
2026-10-09T10:50:13.136,1,67282,87479425,0,engine_rpm,626.000
2026-10-09T10:50:13.136,1,67283,87480022,0,engine_load_pct,1
2026-10-09T10:50:13.141,1,67291,87484607,39,vehicle_speed_kmh,0.000
2026-10-09T10:50:13.142,1,67293,87485790,0,oil_pressure_kpa,508
2026-10-09T10:50:13.146,1,67296,87489689,0,actual_torque_pct,0
2026-10-09T10:50:13.146,1,67296,87489689,0,engine_rpm,618.000
2026-10-09T10:50:13.147,1,67297,87490291,0,fuel_rate_lph,0.10
2026-10-09T10:50:13.147,1,67297,87490291,0,fuel_econ_inst_kmpl,0.000
2026-10-09T10:50:13.156,1,67302,87499366,0,actual_torque_pct,0
2026-10-09T10:50:13.156,1,67302,87499366,0,engine_rpm,618.000
2026-10-09T10:50:13.166,1,67308,87509397,0,actual_torque_pct,1
2026-10-09T10:50:13.166,1,67308,87509397,0,engine_rpm,609.000
2026-10-09T10:50:13.177,1,67315,87520030,0,actual_torque_pct,1
2026-10-09T10:50:13.177,1,67315,87520030,0,engine_rpm,600.000
2026-10-09T10:50:13.186,1,67322,87529366,0,actual_torque_pct,1
2026-10-09T10:50:13.186,1,67322,87529366,0,engine_rpm,600.000
2026-10-09T10:50:13.186,1,67323,87529946,0,engine_load_pct,2
2026-10-09T10:50:13.196,1,67333,87539362,0,actual_torque_pct,1
2026-10-09T10:50:13.196,1,67333,87539362,0,engine_rpm,592.000
2026-10-09T10:50:13.200,1,67339,87543209,39,fuel_level_pct,1.2
2026-10-09T10:50:13.206,1,67340,87549353,0,actual_torque_pct,1
2026-10-09T10:50:13.206,1,67340,87549353,0,engine_rpm,592.000
2026-10-09T10:50:13.216,1,67346,87559394,0,actual_torque_pct,2
2026-10-09T10:50:13.216,1,67346,87559394,0,engine_rpm,584.000
2026-10-09T10:50:13.227,1,67352,87570664,0,actual_torque_pct,2
2026-10-09T10:50:13.227,1,67352,87570664,0,engine_rpm,584.000
2026-10-09T10:50:13.236,1,67359,87579358,0,actual_torque_pct,3
2026-10-09T10:50:13.236,1,67359,87579358,0,engine_rpm,578.000
2026-10-09T10:50:13.236,1,67360,87579938,0,engine_load_pct,6
2026-10-09T10:50:13.241,1,67368,87584545,39,vehicle_speed_kmh,0.000
2026-10-09T10:50:13.246,1,67372,87589376,0,actual_torque_pct,5
2026-10-09T10:50:13.246,1,67372,87589376,0,engine_rpm,571.000
2026-10-09T10:50:13.246,1,67373,87589955,0,fuel_rate_lph,0.95
2026-10-09T10:50:13.246,1,67373,87589955,0,fuel_econ_inst_kmpl,0.000
2026-10-09T10:50:13.256,1,67378,87599351,0,actual_torque_pct,5
2026-10-09T10:50:13.256,1,67378,87599351,0,engine_rpm,571.000
2026-10-09T10:50:13.266,1,67384,87609325,0,actual_torque_pct,5
2026-10-09T10:50:13.266,1,67384,87609325,0,engine_rpm,565.000
2026-10-09T10:50:13.276,1,67391,87619296,0,actual_torque_pct,5
2026-10-09T10:50:13.276,1,67391,87619296,0,engine_rpm,565.000
2026-10-09T10:50:13.286,1,67398,87629358,0,actual_torque_pct,6
2026-10-09T10:50:13.286,1,67398,87629358,0,engine_rpm,560.000
2026-10-09T10:50:13.286,1,67399,87629942,0,engine_load_pct,12
2026-10-09T10:50:13.294,1,67409,87637346,39,fuel_level_pct,1.2
2026-10-09T10:50:13.296,1,67410,87639326,0,actual_torque_pct,6
2026-10-09T10:50:13.296,1,67410,87639326,0,engine_rpm,560.000
2026-10-09T10:50:13.306,1,67417,87649342,0,actual_torque_pct,8
2026-10-09T10:50:13.306,1,67417,87649342,0,engine_rpm,558.000
2026-10-09T10:50:13.319,1,67427,87662855,0,actual_torque_pct,9
2026-10-09T10:50:13.319,1,67427,87662855,0,engine_rpm,557.000
2026-10-09T10:50:13.326,1,67429,87669345,0,actual_torque_pct,9
2026-10-09T10:50:13.326,1,67429,87669345,0,engine_rpm,557.000
2026-10-09T10:50:13.336,1,67436,87679341,0,actual_torque_pct,10
2026-10-09T10:50:13.336,1,67436,87679341,0,engine_rpm,558.000
2026-10-09T10:50:13.336,1,67437,87679919,0,engine_load_pct,17
2026-10-09T10:50:13.341,1,67445,87684521,39,vehicle_speed_kmh,0.000
2026-10-09T10:50:13.346,1,67449,87689293,0,actual_torque_pct,10
2026-10-09T10:50:13.346,1,67449,87689293,0,engine_rpm,558.000
2026-10-09T10:50:13.346,1,67450,87689860,0,fuel_rate_lph,2.85
2026-10-09T10:50:13.346,1,67450,87689860,0,fuel_econ_inst_kmpl,0.000
2026-10-09T10:50:13.356,1,67455,87699264,0,actual_torque_pct,10
2026-10-09T10:50:13.356,1,67455,87699264,0,engine_rpm,558.000
2026-10-09T10:50:13.366,1,67463,87709284,0,actual_torque_pct,10
2026-10-09T10:50:13.366,1,67463,87709284,0,engine_rpm,558.000
2026-10-09T10:50:13.376,1,67471,87719309,0,actual_torque_pct,10
2026-10-09T10:50:13.376,1,67471,87719309,0,engine_rpm,559.000
2026-10-09T10:50:13.390,1,67483,87733398,0,engine_load_pct,19
2026-10-09T10:50:13.390,1,67484,87733976,0,actual_torque_pct,10
2026-10-09T10:50:13.390,1,67484,87733976,0,engine_rpm,559.000
2026-10-09T10:50:13.394,1,67489,87737344,39,fuel_level_pct,1.2
2026-10-09T10:50:13.396,1,67490,87739315,0,actual_torque_pct,11
2026-10-09T10:50:13.396,1,67490,87739315,0,engine_rpm,561.000
2026-10-09T10:50:13.406,1,67497,87749693,0,actual_torque_pct,10
2026-10-09T10:50:13.406,1,67497,87749693,0,engine_rpm,563.000
2026-10-09T10:50:13.416,1,67503,87759276,0,actual_torque_pct,10
2026-10-09T10:50:13.416,1,67503,87759276,0,engine_rpm,563.000
2026-10-09T10:50:13.426,1,67509,87769256,0,actual_torque_pct,11
2026-10-09T10:50:13.426,1,67509,87769256,0,engine_rpm,564.000
2026-10-09T10:50:13.436,1,67516,87779253,0,actual_torque_pct,11
2026-10-09T10:50:13.436,1,67516,87779253,0,engine_rpm,564.000
2026-10-09T10:50:13.436,1,67517,87779837,0,engine_load_pct,20
2026-10-09T10:50:13.441,1,67525,87784443,39,vehicle_speed_kmh,0.000
2026-10-09T10:50:13.446,1,67529,87789275,0,actual_torque_pct,10
2026-10-09T10:50:13.446,1,67529,87789275,0,engine_rpm,566.000
2026-10-09T10:50:13.446,1,67530,87789853,0,fuel_rate_lph,3.00
2026-10-09T10:50:13.446,1,67530,87789853,0,fuel_econ_inst_kmpl,0.000
2026-10-09T10:50:13.456,1,67535,87799265,0,actual_torque_pct,10
2026-10-09T10:50:13.456,1,67535,87799265,0,engine_rpm,566.000
2026-10-09T10:50:13.466,1,67541,87809233,0,actual_torque_pct,11
2026-10-09T10:50:13.466,1,67541,87809233,0,engine_rpm,568.000
2026-10-09T10:50:13.477,1,67548,87820659,0,actual_torque_pct,12
2026-10-09T10:50:13.477,1,67548,87820659,0,engine_rpm,569.000
2026-10-09T10:50:13.485,1,67555,87829219,0,actual_torque_pct,12
2026-10-09T10:50:13.485,1,67555,87829219,0,engine_rpm,569.000
2026-10-09T10:50:13.487,1,67556,87829798,0,engine_load_pct,22
2026-10-09T10:50:13.494,1,67566,87837334,39,fuel_level_pct,1.2
2026-10-09T10:50:13.496,1,67567,87839240,0,actual_torque_pct,12
2026-10-09T10:50:13.496,1,67567,87839240,0,engine_rpm,571.000
2026-10-09T10:50:13.505,1,67573,87849220,0,actual_torque_pct,12
2026-10-09T10:50:13.505,1,67573,87849220,0,engine_rpm,571.000
2026-10-09T10:50:13.515,1,67579,87859204,0,actual_torque_pct,13
2026-10-09T10:50:13.515,1,67579,87859204,0,engine_rpm,573.000
2026-10-09T10:50:13.527,1,67585,87870577,0,actual_torque_pct,13
2026-10-09T10:50:13.527,1,67585,87870577,0,engine_rpm,573.000
2026-10-09T10:50:13.536,1,67592,87879276,0,actual_torque_pct,15
2026-10-09T10:50:13.536,1,67592,87879276,0,engine_rpm,575.000
2026-10-09T10:50:13.536,1,67593,87879875,0,engine_load_pct,27
2026-10-09T10:50:13.541,1,67602,87885035,39,vehicle_speed_kmh,0.000
2026-10-09T10:50:13.542,1,67603,87885612,0,boost_pressure_kpa,106
2026-10-09T10:50:13.542,1,67603,87885612,0,intake_manifold_temp_c,32
2026-10-09T10:50:13.546,1,67607,87889639,0,actual_torque_pct,16
2026-10-09T10:50:13.546,1,67607,87889639,0,engine_rpm,577.000
2026-10-09T10:50:13.550,1,67614,87893654,0,fuel_rate_lph,3.90
2026-10-09T10:50:13.550,1,67614,87893654,0,fuel_econ_inst_kmpl,0.000
2026-10-09T10:50:13.555,1,67615,87899171,0,actual_torque_pct,16
2026-10-09T10:50:13.555,1,67615,87899171,0,engine_rpm,577.000
2026-10-09T10:50:13.565,1,67621,87909170,0,actual_torque_pct,17
2026-10-09T10:50:13.565,1,67621,87909170,0,engine_rpm,580.000
2026-10-09T10:50:13.575,1,67628,87919184,0,actual_torque_pct,17
2026-10-09T10:50:13.575,1,67628,87919184,0,engine_rpm,580.000
2026-10-09T10:50:13.585,1,67635,87929174,0,actual_torque_pct,17
2026-10-09T10:50:13.585,1,67635,87929174,0,engine_rpm,583.000
2026-10-09T10:50:13.586,1,67636,87929759,0,engine_load_pct,31
2026-10-09T10:50:13.594,1,67647,87937349,39,fuel_level_pct,1.2
2026-10-09T10:50:13.599,1,67653,87942883,0,actual_torque_pct,17
2026-10-09T10:50:13.599,1,67653,87942883,0,engine_rpm,588.000
2026-10-09T10:50:13.605,1,67654,87949154,0,actual_torque_pct,17
2026-10-09T10:50:13.605,1,67654,87949154,0,engine_rpm,588.000
2026-10-09T10:50:13.615,1,67660,87959198,0,actual_torque_pct,18
2026-10-09T10:50:13.615,1,67660,87959198,0,engine_rpm,594.000
2026-10-09T10:50:13.625,1,67666,87969150,0,actual_torque_pct,18
2026-10-09T10:50:13.625,1,67666,87969150,0,engine_rpm,594.000
2026-10-09T10:50:13.635,1,67673,87979155,0,actual_torque_pct,19
2026-10-09T10:50:13.635,1,67673,87979155,0,engine_rpm,600.000
2026-10-09T10:50:13.636,1,67674,87979735,0,engine_load_pct,36
2026-10-09T10:50:13.641,1,67682,87984339,0,oil_pressure_kpa,424
2026-10-09T10:50:13.641,1,67683,87984910,39,vehicle_speed_kmh,0.000
2026-10-09T10:50:13.647,1,67687,87990284,0,actual_torque_pct,19
2026-10-09T10:50:13.647,1,67687,87990284,0,engine_rpm,605.000
2026-10-09T10:50:13.651,1,67694,87994308,0,fuel_rate_lph,5.60
2026-10-09T10:50:13.651,1,67694,87994308,0,fuel_econ_inst_kmpl,0.000
2026-10-09T10:50:13.655,1,67695,87999131,0,actual_torque_pct,19
2026-10-09T10:50:13.655,1,67695,87999131,0,engine_rpm,605.000
2026-10-09T10:50:13.665,1,67701,88009127,0,actual_torque_pct,19
2026-10-09T10:50:13.665,1,67701,88009127,0,engine_rpm,611.000
2026-10-09T10:50:13.675,1,67708,88019111,0,actual_torque_pct,19
2026-10-09T10:50:13.675,1,67708,88019111,0,engine_rpm,611.000
2026-10-09T10:50:13.685,1,67715,88029143,0,actual_torque_pct,19
2026-10-09T10:50:13.685,1,67715,88029143,0,engine_rpm,618.000
2026-10-09T10:50:13.686,1,67716,88029723,0,engine_load_pct,36
2026-10-09T10:50:13.694,1,67728,88037360,39,fuel_level_pct,1.2
2026-10-09T10:50:13.695,1,67729,88039143,0,actual_torque_pct,20
2026-10-09T10:50:13.695,1,67729,88039143,0,engine_rpm,625.000
2026-10-09T10:50:13.705,1,67737,88049098,0,actual_torque_pct,20
2026-10-09T10:50:13.705,1,67737,88049098,0,engine_rpm,625.000
2026-10-09T10:50:13.715,1,67743,88059199,0,actual_torque_pct,20
2026-10-09T10:50:13.715,1,67743,88059199,0,engine_rpm,632.000
2026-10-09T10:50:13.726,1,67749,88069639,0,actual_torque_pct,20
2026-10-09T10:50:13.726,1,67749,88069639,0,engine_rpm,639.000
2026-10-09T10:50:13.735,1,67756,88079124,0,actual_torque_pct,20
2026-10-09T10:50:13.735,1,67756,88079124,0,engine_rpm,639.000
2026-10-09T10:50:13.736,1,67757,88079703,0,engine_load_pct,41
2026-10-09T10:50:13.741,1,67765,88084301,39,vehicle_speed_kmh,0.000
2026-10-09T10:50:13.742,1,67767,88085441,0,coolant_temp_c,33
2026-10-09T10:50:13.742,1,67767,88085441,0,fuel_temp_c,32
2026-10-09T10:50:13.742,1,67767,88085441,0,oil_temp_c,34.69
2026-10-09T10:50:13.746,1,67770,88089281,0,actual_torque_pct,20
2026-10-09T10:50:13.746,1,67770,88089281,0,engine_rpm,646.000
2026-10-09T10:50:13.750,1,67777,88093280,0,fuel_rate_lph,6.80
2026-10-09T10:50:13.750,1,67777,88093280,0,fuel_econ_inst_kmpl,0.000
2026-10-09T10:50:13.757,1,67778,88100220,0,actual_torque_pct,19
2026-10-09T10:50:13.757,1,67778,88100220,0,engine_rpm,654.000
2026-10-09T10:50:13.766,1,67784,88109075,0,actual_torque_pct,19
2026-10-09T10:50:13.766,1,67784,88109075,0,engine_rpm,654.000
2026-10-09T10:50:13.776,1,67791,88119108,0,actual_torque_pct,19
2026-10-09T10:50:13.776,1,67791,88119108,0,engine_rpm,661.000
2026-10-09T10:50:13.787,1,67798,88130023,0,actual_torque_pct,19
2026-10-09T10:50:13.787,1,67798,88130023,0,engine_rpm,669.000
2026-10-09T10:50:13.790,1,67804,88133475,0,engine_load_pct,41
2026-10-09T10:50:13.793,1,67809,88136395,39,fuel_level_pct,1.2
2026-10-09T10:50:13.795,1,67811,88139080,0,actual_torque_pct,19
2026-10-09T10:50:13.795,1,67811,88139080,0,engine_rpm,669.000
2026-10-09T10:50:13.806,1,67819,88149086,0,actual_torque_pct,19
2026-10-09T10:50:13.806,1,67819,88149086,0,engine_rpm,676.000
2026-10-09T10:50:13.816,1,67825,88159332,0,actual_torque_pct,19
2026-10-09T10:50:13.816,1,67825,88159332,0,engine_rpm,683.000
2026-10-09T10:50:13.825,1,67831,88169054,0,actual_torque_pct,19
2026-10-09T10:50:13.825,1,67831,88169054,0,engine_rpm,683.000
2026-10-09T10:50:13.835,1,67838,88179044,0,actual_torque_pct,19
2026-10-09T10:50:13.835,1,67838,88179044,0,engine_rpm,691.000
2026-10-09T10:50:13.836,1,67839,88179643,0,engine_load_pct,43
2026-10-09T10:50:13.841,1,67848,88184818,39,vehicle_speed_kmh,0.000
2026-10-09T10:50:13.845,1,67852,88189037,0,actual_torque_pct,19
2026-10-09T10:50:13.845,1,67852,88189037,0,engine_rpm,699.000
2026-10-09T10:50:13.847,1,67854,88190202,0,fuel_rate_lph,7.35
2026-10-09T10:50:13.847,1,67854,88190202,0,fuel_econ_inst_kmpl,0.000
2026-10-09T10:50:13.860,1,67863,88202797,0,actual_torque_pct,19
2026-10-09T10:50:13.860,1,67863,88202797,0,engine_rpm,699.000
2026-10-09T10:50:13.866,1,67866,88209052,0,actual_torque_pct,19
2026-10-09T10:50:13.866,1,67866,88209052,0,engine_rpm,706.000
2026-10-09T10:50:13.867,1,67868,88210226,0,engine_hours,40.25
2026-10-09T10:50:13.876,1,67874,88219036,0,actual_torque_pct,18
2026-10-09T10:50:13.876,1,67874,88219036,0,engine_rpm,713.000
2026-10-09T10:50:13.887,1,67881,88229535,0,actual_torque_pct,18
2026-10-09T10:50:13.887,1,67881,88229535,0,engine_rpm,720.000
2026-10-09T10:50:13.887,1,67882,88230123,0,engine_load_pct,42
2026-10-09T10:50:13.893,1,67891,88236296,39,fuel_level_pct,1.2
2026-10-09T10:50:13.895,1,67893,88239038,0,actual_torque_pct,18
2026-10-09T10:50:13.895,1,67893,88239038,0,engine_rpm,720.000
2026-10-09T10:50:13.906,1,67899,88249023,0,actual_torque_pct,18
2026-10-09T10:50:13.906,1,67899,88249023,0,engine_rpm,728.000
2026-10-09T10:50:13.916,1,67905,88258994,0,actual_torque_pct,18
2026-10-09T10:50:13.916,1,67905,88258994,0,engine_rpm,735.000
2026-10-09T10:50:13.926,1,67911,88270185,0,actual_torque_pct,17
2026-10-09T10:50:13.926,1,67911,88270185,0,engine_rpm,742.000
2026-10-09T10:50:13.935,1,67918,88279053,0,actual_torque_pct,17
2026-10-09T10:50:13.935,1,67918,88279053,0,engine_rpm,742.000
2026-10-09T10:50:13.936,1,67919,88279638,0,engine_load_pct,39
2026-10-09T10:50:13.941,1,67927,88284241,39,vehicle_speed_kmh,0.000
2026-10-09T10:50:13.945,1,67931,88289172,0,actual_torque_pct,17
2026-10-09T10:50:13.945,1,67931,88289172,0,engine_rpm,747.000
2026-10-09T10:50:13.946,1,67932,88289750,0,fuel_rate_lph,7.45
2026-10-09T10:50:13.946,1,67932,88289750,0,fuel_econ_inst_kmpl,0.000
2026-10-09T10:50:13.955,1,67937,88298974,0,actual_torque_pct,17
2026-10-09T10:50:13.955,1,67937,88298974,0,engine_rpm,753.000
2026-10-09T10:50:13.966,1,67943,88309757,0,actual_torque_pct,17
2026-10-09T10:50:13.966,1,67943,88309757,0,engine_rpm,758.000
2026-10-09T10:50:13.975,1,67950,88318995,0,actual_torque_pct,17
2026-10-09T10:50:13.975,1,67950,88318995,0,engine_rpm,758.000
2026-10-09T10:50:13.985,1,67957,88328975,0,actual_torque_pct,17
2026-10-09T10:50:13.985,1,67957,88328975,0,engine_rpm,763.000
2026-10-09T10:50:13.986,1,67958,88329575,0,engine_load_pct,38
2026-10-09T10:50:13.994,1,67968,88337552,39,fuel_level_pct,1.2
2026-10-09T10:50:13.995,1,67969,88338950,0,actual_torque_pct,16
2026-10-09T10:50:13.995,1,67969,88338950,0,engine_rpm,768.000
2026-10-09T10:50:14.005,1,67975,88348936,0,actual_torque_pct,16
2026-10-09T10:50:14.005,1,67975,88348936,0,engine_rpm,772.000
2026-10-09T10:50:14.019,1,67985,88362841,0,actual_torque_pct,16
2026-10-09T10:50:14.019,1,67985,88362841,0,engine_rpm,772.000
2026-10-09T10:50:14.025,1,67987,88368965,0,actual_torque_pct,16
2026-10-09T10:50:14.025,1,67987,88368965,0,engine_rpm,776.000
2026-10-09T10:50:14.035,1,67996,88378941,0,actual_torque_pct,15
2026-10-09T10:50:14.035,1,67996,88378941,0,engine_rpm,780.000
2026-10-09T10:50:14.036,1,67997,88379526,0,engine_load_pct,34
2026-10-09T10:50:14.040,1,68005,88384116,39,vehicle_speed_kmh,0.000
2026-10-09T10:50:14.042,1,68006,88384691,0,boost_pressure_kpa,104
2026-10-09T10:50:14.042,1,68006,88384691,0,intake_manifold_temp_c,32
2026-10-09T10:50:14.045,1,68010,88389188,0,actual_torque_pct,15
2026-10-09T10:50:14.045,1,68010,88389188,0,engine_rpm,783.000
2026-10-09T10:50:14.047,1,68012,88390336,0,fuel_rate_lph,6.90
2026-10-09T10:50:14.047,1,68012,88390336,0,fuel_econ_inst_kmpl,0.000
2026-10-09T10:50:14.056,1,68017,88399855,0,actual_torque_pct,15
2026-10-09T10:50:14.056,1,68017,88399855,0,engine_rpm,786.000
2026-10-09T10:50:14.066,1,68023,88408906,0,actual_torque_pct,15
2026-10-09T10:50:14.066,1,68023,88408906,0,engine_rpm,786.000
2026-10-09T10:50:14.076,1,68030,88418931,0,actual_torque_pct,15
2026-10-09T10:50:14.076,1,68030,88418931,0,engine_rpm,789.000
2026-10-09T10:50:14.085,1,68037,88428925,0,actual_torque_pct,15
2026-10-09T10:50:14.085,1,68037,88428925,0,engine_rpm,793.000
2026-10-09T10:50:14.086,1,68038,88429510,0,engine_load_pct,34
2026-10-09T10:50:14.094,1,68048,88437507,39,fuel_level_pct,1.2
2026-10-09T10:50:14.095,1,68049,88438928,0,actual_torque_pct,14
2026-10-09T10:50:14.095,1,68049,88438928,0,engine_rpm,796.000
2026-10-09T10:50:14.107,1,68055,88449928,0,actual_torque_pct,14
2026-10-09T10:50:14.107,1,68055,88449928,0,engine_rpm,800.000
2026-10-09T10:50:14.115,1,68061,88458872,0,actual_torque_pct,14
2026-10-09T10:50:14.115,1,68061,88458872,0,engine_rpm,800.000
2026-10-09T10:50:14.125,1,68067,88468947,0,actual_torque_pct,14
2026-10-09T10:50:14.125,1,68067,88468947,0,engine_rpm,803.000
2026-10-09T10:50:14.135,1,68074,88478938,0,actual_torque_pct,14
2026-10-09T10:50:14.135,1,68074,88478938,0,engine_rpm,805.000
2026-10-09T10:50:14.136,1,68075,88479525,0,engine_load_pct,31
2026-10-09T10:50:14.140,1,68083,88484125,0,oil_pressure_kpa,544
2026-10-09T10:50:14.141,1,68084,88484694,39,vehicle_speed_kmh,0.000
2026-10-09T10:50:14.146,1,68088,88489152,0,actual_torque_pct,13
2026-10-09T10:50:14.146,1,68088,88489152,0,engine_rpm,808.000
2026-10-09T10:50:14.146,1,68089,88489738,0,fuel_rate_lph,6.10
2026-10-09T10:50:14.146,1,68089,88489738,0,fuel_econ_inst_kmpl,0.000
2026-10-09T10:50:14.156,1,68094,88499458,0,actual_torque_pct,13
2026-10-09T10:50:14.156,1,68094,88499458,0,engine_rpm,811.000
2026-10-09T10:50:14.169,1,68104,88512804,0,actual_torque_pct,13
2026-10-09T10:50:14.169,1,68104,88512804,0,engine_rpm,811.000
2026-10-09T10:50:14.176,1,68107,88518905,0,actual_torque_pct,13
2026-10-09T10:50:14.176,1,68107,88518905,0,engine_rpm,813.000
2026-10-09T10:50:14.186,1,68114,88528898,0,actual_torque_pct,13
2026-10-09T10:50:14.186,1,68114,88528898,0,engine_rpm,815.000
2026-10-09T10:50:14.186,1,68115,88529477,0,engine_load_pct,29
2026-10-09T10:50:14.196,1,68125,88538867,0,actual_torque_pct,13
2026-10-09T10:50:14.196,1,68125,88538867,0,engine_rpm,817.000
2026-10-09T10:50:14.196,1,68126,88539847,39,fuel_level_pct,1.2
2026-10-09T10:50:14.205,1,68132,88548867,0,actual_torque_pct,13
2026-10-09T10:50:14.205,1,68132,88548867,0,engine_rpm,819.000
2026-10-09T10:50:14.216,1,68138,88560246,0,actual_torque_pct,13
2026-10-09T10:50:14.216,1,68138,88560246,0,engine_rpm,819.000
2026-10-09T10:50:14.225,1,68144,88568860,0,actual_torque_pct,13
2026-10-09T10:50:14.225,1,68144,88568860,0,engine_rpm,820.000
2026-10-09T10:50:14.235,1,68151,88578856,0,actual_torque_pct,13
2026-10-09T10:50:14.235,1,68151,88578856,0,engine_rpm,820.000
2026-10-09T10:50:14.236,1,68152,88579440,0,engine_load_pct,29
2026-10-09T10:50:14.241,1,68160,88584203,39,vehicle_speed_kmh,0.000
2026-10-09T10:50:14.245,1,68164,88589112,0,actual_torque_pct,13
2026-10-09T10:50:14.245,1,68164,88589112,0,engine_rpm,821.000
2026-10-09T10:50:14.246,1,68165,88589687,0,fuel_rate_lph,5.65
2026-10-09T10:50:14.246,1,68165,88589687,0,fuel_econ_inst_kmpl,0.000
2026-10-09T10:50:14.256,1,68170,88598882,0,actual_torque_pct,12
2026-10-09T10:50:14.256,1,68170,88598882,0,engine_rpm,823.000
2026-10-09T10:50:14.266,1,68176,88608884,0,actual_torque_pct,11
2026-10-09T10:50:14.266,1,68176,88608884,0,engine_rpm,825.000
2026-10-09T10:50:14.277,1,68183,88620316,0,actual_torque_pct,11
2026-10-09T10:50:14.277,1,68183,88620316,0,engine_rpm,825.000
2026-10-09T10:50:14.285,1,68190,88628851,0,actual_torque_pct,11
2026-10-09T10:50:14.285,1,68190,88628851,0,engine_rpm,825.000
2026-10-09T10:50:14.286,1,68191,88629433,0,engine_load_pct,25
2026-10-09T10:50:14.294,1,68201,88637865,39,fuel_level_pct,1.2
2026-10-09T10:50:14.295,1,68202,88638848,0,actual_torque_pct,9
2026-10-09T10:50:14.295,1,68202,88638848,0,engine_rpm,827.000
2026-10-09T10:50:14.305,1,68209,88648802,0,actual_torque_pct,6
2026-10-09T10:50:14.305,1,68209,88648802,0,engine_rpm,828.000
2026-10-09T10:50:14.315,1,68215,88658776,0,actual_torque_pct,6
2026-10-09T10:50:14.315,1,68215,88658776,0,engine_rpm,828.000
2026-10-09T10:50:14.326,1,68221,88669364,0,actual_torque_pct,3
2026-10-09T10:50:14.326,1,68221,88669364,0,engine_rpm,828.000
2026-10-09T10:50:14.336,1,68228,88680079,0,actual_torque_pct,3
2026-10-09T10:50:14.336,1,68228,88680079,0,engine_rpm,828.000
2026-10-09T10:50:14.337,1,68229,88680672,0,engine_load_pct,7
2026-10-09T10:50:14.342,1,68237,88685279,39,vehicle_speed_kmh,0.000
2026-10-09T10:50:14.345,1,68241,88688825,0,actual_torque_pct,3
2026-10-09T10:50:14.345,1,68241,88688825,0,engine_rpm,828.000
2026-10-09T10:50:14.346,1,68242,88689403,0,fuel_rate_lph,1.35
2026-10-09T10:50:14.346,1,68242,88689403,0,fuel_econ_inst_kmpl,0.000
2026-10-09T10:50:14.355,1,68247,88698824,0,actual_torque_pct,2
2026-10-09T10:50:14.355,1,68247,88698824,0,engine_rpm,827.000
2026-10-09T10:50:14.365,1,68255,88708792,0,actual_torque_pct,1
2026-10-09T10:50:14.365,1,68255,88708792,0,engine_rpm,825.000
2026-10-09T10:50:14.376,1,68263,88718805,0,actual_torque_pct,1
2026-10-09T10:50:14.376,1,68263,88718805,0,engine_rpm,822.000
2026-10-09T10:50:14.387,1,68270,88729889,0,actual_torque_pct,0
2026-10-09T10:50:14.387,1,68270,88729889,0,engine_rpm,818.000
2026-10-09T10:50:14.387,1,68271,88730475,0,engine_load_pct,0
2026-10-09T10:50:14.394,1,68281,88737896,39,fuel_level_pct,1.2
2026-10-09T10:50:14.395,1,68282,88738715,0,actual_torque_pct,0
2026-10-09T10:50:14.395,1,68282,88738715,0,engine_rpm,818.000
2026-10-09T10:50:14.405,1,68289,88748834,0,actual_torque_pct,0
2026-10-09T10:50:14.405,1,68289,88748834,0,engine_rpm,813.000
2026-10-09T10:50:14.415,1,68295,88758775,0,actual_torque_pct,0
2026-10-09T10:50:14.415,1,68295,88758775,0,engine_rpm,807.000
2026-10-09T10:50:14.425,1,68301,88768694,0,actual_torque_pct,0
2026-10-09T10:50:14.425,1,68301,88768694,0,engine_rpm,800.000
2026-10-09T10:50:14.436,1,68308,88779935,0,actual_torque_pct,0
2026-10-09T10:50:14.436,1,68308,88779935,0,engine_rpm,793.000
2026-10-09T10:50:14.437,1,68309,88780514,0,engine_load_pct,0
2026-10-09T10:50:14.441,1,68317,88785110,39,vehicle_speed_kmh,0.000
2026-10-09T10:50:14.445,1,68321,88788709,0,actual_torque_pct,0
2026-10-09T10:50:14.445,1,68321,88788709,0,engine_rpm,793.000
2026-10-09T10:50:14.446,1,68322,88789313,0,fuel_rate_lph,0.00
2026-10-09T10:50:14.446,1,68322,88789313,0,fuel_econ_inst_kmpl,125.498
2026-10-09T10:50:14.455,1,68327,88798706,0,actual_torque_pct,0
2026-10-09T10:50:14.455,1,68327,88798706,0,engine_rpm,785.000
2026-10-09T10:50:14.465,1,68333,88808690,0,actual_torque_pct,0
2026-10-09T10:50:14.465,1,68333,88808690,0,engine_rpm,778.000
2026-10-09T10:50:14.475,1,68340,88818658,0,actual_torque_pct,0
2026-10-09T10:50:14.475,1,68340,88818658,0,engine_rpm,770.000
2026-10-09T10:50:14.486,1,68347,88829946,0,actual_torque_pct,0
2026-10-09T10:50:14.486,1,68347,88829946,0,engine_rpm,770.000
2026-10-09T10:50:14.490,1,68353,88833415,0,engine_load_pct,0
2026-10-09T10:50:14.494,1,68358,88838008,39,fuel_level_pct,1.2
2026-10-09T10:50:14.495,1,68359,88838694,0,actual_torque_pct,0
2026-10-09T10:50:14.495,1,68359,88838694,0,engine_rpm,763.000
2026-10-09T10:50:14.505,1,68365,88848658,0,actual_torque_pct,0
2026-10-09T10:50:14.505,1,68365,88848658,0,engine_rpm,756.000
2026-10-09T10:50:14.515,1,68371,88858643,0,actual_torque_pct,0
2026-10-09T10:50:14.515,1,68371,88858643,0,engine_rpm,748.000
2026-10-09T10:50:14.525,1,68377,88868654,0,actual_torque_pct,0
2026-10-09T10:50:14.525,1,68377,88868654,0,engine_rpm,748.000
2026-10-09T10:50:14.535,1,68384,88878715,0,actual_torque_pct,0
2026-10-09T10:50:14.535,1,68384,88878715,0,engine_rpm,740.000
2026-10-09T10:50:14.536,1,68385,88879302,0,engine_load_pct,0
2026-10-09T10:50:14.541,1,68394,88884484,39,vehicle_speed_kmh,0.000
2026-10-09T10:50:14.541,1,68395,88885058,0,boost_pressure_kpa,104
2026-10-09T10:50:14.541,1,68395,88885058,0,intake_manifold_temp_c,32
2026-10-09T10:50:14.545,1,68399,88888838,0,actual_torque_pct,0
2026-10-09T10:50:14.545,1,68399,88888838,0,engine_rpm,733.000
2026-10-09T10:50:14.547,1,68402,88890588,0,fuel_rate_lph,0.00
2026-10-09T10:50:14.547,1,68402,88890588,0,fuel_econ_inst_kmpl,125.498
2026-10-09T10:50:14.556,1,68407,88899577,0,actual_torque_pct,0
2026-10-09T10:50:14.556,1,68407,88899577,0,engine_rpm,725.000
2026-10-09T10:50:14.565,1,68413,88908614,0,actual_torque_pct,0
2026-10-09T10:50:14.565,1,68413,88908614,0,engine_rpm,725.000
2026-10-09T10:50:14.575,1,68420,88918648,0,actual_torque_pct,0
2026-10-09T10:50:14.575,1,68420,88918648,0,engine_rpm,718.000
2026-10-09T10:50:14.585,1,68427,88928607,0,actual_torque_pct,0
2026-10-09T10:50:14.585,1,68427,88928607,0,engine_rpm,710.000
2026-10-09T10:50:14.585,1,68428,88929188,0,engine_load_pct,0
2026-10-09T10:50:14.594,1,68439,88937967,39,fuel_level_pct,1.2
2026-10-09T10:50:14.595,1,68440,88938595,0,actual_torque_pct,0
2026-10-09T10:50:14.595,1,68440,88938595,0,engine_rpm,710.000
2026-10-09T10:50:14.605,1,68446,88948615,0,actual_torque_pct,0
2026-10-09T10:50:14.605,1,68446,88948615,0,engine_rpm,702.000
2026-10-09T10:50:14.615,1,68452,88958614,0,actual_torque_pct,0
2026-10-09T10:50:14.615,1,68452,88958614,0,engine_rpm,694.000
2026-10-09T10:50:14.626,1,68458,88970231,0,actual_torque_pct,0
2026-10-09T10:50:14.626,1,68458,88970231,0,engine_rpm,694.000
2026-10-09T10:50:14.635,1,68465,88978577,0,actual_torque_pct,0
2026-10-09T10:50:14.635,1,68465,88978577,0,engine_rpm,686.000
2026-10-09T10:50:14.635,1,68466,88979179,0,engine_load_pct,0
2026-10-09T10:50:14.640,1,68474,88984137,39,vehicle_speed_kmh,0.000
2026-10-09T10:50:14.641,1,68475,88984710,0,oil_pressure_kpa,560
2026-10-09T10:50:14.645,1,68479,88988578,0,actual_torque_pct,0
2026-10-09T10:50:14.645,1,68479,88988578,0,engine_rpm,678.000
2026-10-09T10:50:14.647,1,68482,88990312,0,fuel_rate_lph,0.00
2026-10-09T10:50:14.647,1,68482,88990312,0,fuel_econ_inst_kmpl,125.498
2026-10-09T10:50:14.656,1,68487,88999926,0,actual_torque_pct,0
2026-10-09T10:50:14.656,1,68487,88999926,0,engine_rpm,678.000
2026-10-09T10:50:14.665,1,68493,89008568,0,actual_torque_pct,0
2026-10-09T10:50:14.665,1,68493,89008568,0,engine_rpm,670.000
2026-10-09T10:50:14.675,1,68500,89018537,0,actual_torque_pct,0
2026-10-09T10:50:14.675,1,68500,89018537,0,engine_rpm,662.000
2026-10-09T10:50:14.686,1,68507,89029835,0,actual_torque_pct,0
2026-10-09T10:50:14.686,1,68507,89029835,0,engine_rpm,662.000
2026-10-09T10:50:14.687,1,68508,89030420,0,engine_load_pct,0
2026-10-09T10:50:14.695,1,68520,89038587,0,actual_torque_pct,0
2026-10-09T10:50:14.695,1,68520,89038587,0,engine_rpm,654.000
2026-10-09T10:50:14.697,1,68523,89040280,39,fuel_level_pct,1.2
2026-10-09T10:50:14.705,1,68529,89048547,0,actual_torque_pct,0
2026-10-09T10:50:14.705,1,68529,89048547,0,engine_rpm,646.000
2026-10-09T10:50:14.715,1,68535,89058532,0,actual_torque_pct,0
2026-10-09T10:50:14.715,1,68535,89058532,0,engine_rpm,646.000
2026-10-09T10:50:14.725,1,68541,89068584,0,actual_torque_pct,0
2026-10-09T10:50:14.725,1,68541,89068584,0,engine_rpm,637.000
2026-10-09T10:50:14.736,1,68548,89078907,0,actual_torque_pct,0
2026-10-09T10:50:14.736,1,68548,89078907,0,engine_rpm,629.000
2026-10-09T10:50:14.736,1,68549,89079505,0,engine_load_pct,1
2026-10-09T10:50:14.741,1,68557,89084194,0,coolant_temp_c,33
2026-10-09T10:50:14.741,1,68557,89084194,0,fuel_temp_c,32
2026-10-09T10:50:14.741,1,68557,89084194,0,oil_temp_c,34.78
2026-10-09T10:50:14.741,1,68558,89084753,39,vehicle_speed_kmh,0.000
2026-10-09T10:50:14.745,1,68562,89088535,0,actual_torque_pct,0
2026-10-09T10:50:14.745,1,68562,89088535,0,engine_rpm,629.000
2026-10-09T10:50:14.747,1,68565,89090256,0,fuel_rate_lph,0.00
2026-10-09T10:50:14.747,1,68565,89090256,0,fuel_econ_inst_kmpl,0.000
2026-10-09T10:50:14.755,1,68570,89098528,0,actual_torque_pct,1
2026-10-09T10:50:14.755,1,68570,89098528,0,engine_rpm,621.000
2026-10-09T10:50:14.767,1,68576,89109845,0,actual_torque_pct,1
2026-10-09T10:50:14.767,1,68576,89109845,0,engine_rpm,621.000
2026-10-09T10:50:14.775,1,68583,89118536,0,actual_torque_pct,1
2026-10-09T10:50:14.775,1,68583,89118536,0,engine_rpm,612.000
2026-10-09T10:50:14.785,1,68590,89128513,0,actual_torque_pct,1
2026-10-09T10:50:14.785,1,68590,89128513,0,engine_rpm,604.000
2026-10-09T10:50:14.785,1,68591,89129099,0,engine_load_pct,2
2026-10-09T10:50:14.794,1,68602,89137480,39,fuel_level_pct,1.2
2026-10-09T10:50:14.795,1,68603,89138501,0,actual_torque_pct,1
2026-10-09T10:50:14.795,1,68603,89138501,0,engine_rpm,604.000
2026-10-09T10:50:14.805,1,68611,89148521,0,actual_torque_pct,1
2026-10-09T10:50:14.805,1,68611,89148521,0,engine_rpm,595.000
2026-10-09T10:50:14.815,1,68617,89158522,0,actual_torque_pct,1
2026-10-09T10:50:14.815,1,68617,89158522,0,engine_rpm,595.000
2026-10-09T10:50:14.825,1,68623,89168532,0,actual_torque_pct,2
2026-10-09T10:50:14.825,1,68623,89168532,0,engine_rpm,587.000
2026-10-09T10:50:14.836,1,68630,89179631,0,actual_torque_pct,2
2026-10-09T10:50:14.836,1,68630,89179631,0,engine_rpm,579.000
2026-10-09T10:50:14.836,1,68631,89180207,0,engine_load_pct,4
2026-10-09T10:50:14.842,1,68640,89185414,39,vehicle_speed_kmh,0.000
2026-10-09T10:50:14.845,1,68644,89188508,0,actual_torque_pct,2
2026-10-09T10:50:14.845,1,68644,89188508,0,engine_rpm,579.000
2026-10-09T10:50:14.846,1,68646,89189651,0,fuel_rate_lph,0.50
2026-10-09T10:50:14.846,1,68646,89189651,0,fuel_econ_inst_kmpl,0.000
2026-10-09T10:50:14.855,1,68651,89198513,0,actual_torque_pct,3
2026-10-09T10:50:14.855,1,68651,89198513,0,engine_rpm,573.000
2026-10-09T10:50:14.865,1,68658,89208477,0,actual_torque_pct,3
2026-10-09T10:50:14.865,1,68658,89208477,0,engine_rpm,573.000
2026-10-09T10:50:14.866,1,68660,89209636,0,engine_hours,40.25
2026-10-09T10:50:14.875,1,68666,89218456,0,actual_torque_pct,3
2026-10-09T10:50:14.875,1,68666,89218456,0,engine_rpm,567.000
2026-10-09T10:50:14.885,1,68673,89228460,0,actual_torque_pct,3
2026-10-09T10:50:14.885,1,68673,89228460,0,engine_rpm,567.000
2026-10-09T10:50:14.885,1,68674,89229041,0,engine_load_pct,6
2026-10-09T10:50:14.894,1,68684,89237514,39,fuel_level_pct,1.2
2026-10-09T10:50:14.895,1,68685,89238485,0,actual_torque_pct,4
2026-10-09T10:50:14.895,1,68685,89238485,0,engine_rpm,562.000
2026-10-09T10:50:14.906,1,68691,89249842,0,actual_torque_pct,4
2026-10-09T10:50:14.906,1,68691,89249842,0,engine_rpm,562.000
2026-10-09T10:50:14.915,1,68697,89258420,0,actual_torque_pct,5
2026-10-09T10:50:14.915,1,68697,89258420,0,engine_rpm,557.000
2026-10-09T10:50:14.926,1,68703,89268812,0,actual_torque_pct,6
2026-10-09T10:50:14.926,1,68703,89268812,0,engine_rpm,552.000
2026-10-09T10:50:14.935,1,68710,89278489,0,actual_torque_pct,6
2026-10-09T10:50:14.935,1,68710,89278489,0,engine_rpm,552.000
2026-10-09T10:50:14.935,1,68711,89279070,0,engine_load_pct,12
2026-10-09T10:50:14.940,1,68719,89284146,39,vehicle_speed_kmh,0.000
2026-10-09T10:50:14.946,1,68723,89288702,0,actual_torque_pct,8
2026-10-09T10:50:14.946,1,68723,89288702,0,engine_rpm,548.000
2026-10-09T10:50:14.946,1,68724,89289283,0,fuel_rate_lph,1.95
2026-10-09T10:50:14.946,1,68724,89289283,0,fuel_econ_inst_kmpl,0.000
2026-10-09T10:50:14.955,1,68729,89298395,0,actual_torque_pct,8
2026-10-09T10:50:14.955,1,68729,89298395,0,engine_rpm,548.000
2026-10-09T10:50:14.965,1,68735,89308426,0,actual_torque_pct,8
2026-10-09T10:50:14.965,1,68735,89308426,0,engine_rpm,547.000
2026-10-09T10:50:14.975,1,68742,89318429,0,actual_torque_pct,8
2026-10-09T10:50:14.975,1,68742,89318429,0,engine_rpm,547.000
2026-10-09T10:50:14.985,1,68749,89328402,0,actual_torque_pct,8
2026-10-09T10:50:14.985,1,68749,89328402,0,engine_rpm,547.000
2026-10-09T10:50:14.985,1,68750,89328987,0,engine_load_pct,15
2026-10-09T10:50:14.994,1,68760,89337531,39,fuel_level_pct,1.2
2026-10-09T10:50:14.995,1,68761,89338366,0,actual_torque_pct,8
2026-10-09T10:50:14.995,1,68761,89338366,0,engine_rpm,547.000
2026-10-09T10:50:15.005,1,68767,89348403,0,actual_torque_pct,8
2026-10-09T10:50:15.005,1,68767,89348403,0,engine_rpm,547.000
2026-10-09T10:50:15.016,1,68773,89359888,0,actual_torque_pct,8
2026-10-09T10:50:15.016,1,68773,89359888,0,engine_rpm,547.000
2026-10-09T10:50:15.025,1,68779,89368384,0,actual_torque_pct,8
2026-10-09T10:50:15.025,1,68779,89368384,0,engine_rpm,549.000
2026-10-09T10:50:15.035,1,68788,89378648,0,actual_torque_pct,8
2026-10-09T10:50:15.035,1,68788,89378648,0,engine_rpm,551.000
2026-10-09T10:50:15.036,1,68789,89379251,0,engine_load_pct,15
2026-10-09T10:50:15.040,1,68797,89384131,39,vehicle_speed_kmh,0.000
2026-10-09T10:50:15.041,1,68798,89384707,0,boost_pressure_kpa,104
2026-10-09T10:50:15.041,1,68798,89384707,0,intake_manifold_temp_c,32
2026-10-09T10:50:15.045,1,68802,89388359,0,actual_torque_pct,8
2026-10-09T10:50:15.045,1,68802,89388359,0,engine_rpm,551.000
2026-10-09T10:50:15.046,1,68804,89389513,0,fuel_rate_lph,2.40
2026-10-09T10:50:15.046,1,68804,89389513,0,fuel_econ_inst_kmpl,0.000
2026-10-09T10:50:15.055,1,68809,89398401,0,actual_torque_pct,8
2026-10-09T10:50:15.055,1,68809,89398401,0,engine_rpm,553.000
2026-10-09T10:50:15.065,1,68815,89408375,0,actual_torque_pct,8
2026-10-09T10:50:15.065,1,68815,89408375,0,engine_rpm,553.000
2026-10-09T10:50:15.075,1,68822,89418350,0,actual_torque_pct,8
2026-10-09T10:50:15.075,1,68822,89418350,0,engine_rpm,555.000
2026-10-09T10:50:15.085,1,68829,89428346,0,actual_torque_pct,8
2026-10-09T10:50:15.085,1,68829,89428346,0,engine_rpm,555.000
2026-10-09T10:50:15.085,1,68830,89428926,0,engine_load_pct,15
2026-10-09T10:50:15.094,1,68840,89438072,39,fuel_level_pct,1.2
2026-10-09T10:50:15.095,1,68841,89438634,0,actual_torque_pct,8
2026-10-09T10:50:15.095,1,68841,89438634,0,engine_rpm,557.000
2026-10-09T10:50:15.106,1,68847,89449632,0,actual_torque_pct,7
2026-10-09T10:50:15.106,1,68847,89449632,0,engine_rpm,559.000
2026-10-09T10:50:15.115,1,68853,89458305,0,actual_torque_pct,7
2026-10-09T10:50:15.115,1,68853,89458305,0,engine_rpm,559.000
2026-10-09T10:50:15.125,1,68859,89468342,0,actual_torque_pct,7
2026-10-09T10:50:15.125,1,68859,89468342,0,engine_rpm,560.000
2026-10-09T10:50:15.135,1,68866,89478391,0,actual_torque_pct,7
2026-10-09T10:50:15.135,1,68866,89478391,0,engine_rpm,560.000
2026-10-09T10:50:15.136,1,68867,89478971,0,engine_load_pct,14
2026-10-09T10:50:15.140,1,68875,89484131,39,vehicle_speed_kmh,0.000
2026-10-09T10:50:15.141,1,68876,89484697,0,oil_pressure_kpa,424
2026-10-09T10:50:15.145,1,68880,89488419,0,actual_torque_pct,7
2026-10-09T10:50:15.145,1,68880,89488419,0,engine_rpm,561.000
2026-10-09T10:50:15.145,1,68881,89489024,0,fuel_rate_lph,2.30
2026-10-09T10:50:15.145,1,68881,89489024,0,fuel_econ_inst_kmpl,0.000
2026-10-09T10:50:15.157,1,68886,89498289,0,actual_torque_pct,7
2026-10-09T10:50:15.157,1,68886,89498289,0,engine_rpm,561.000
2026-10-09T10:50:15.165,1,68892,89508300,0,actual_torque_pct,7
2026-10-09T10:50:15.165,1,68892,89508300,0,engine_rpm,563.000
2026-10-09T10:50:15.176,1,68899,89519691,0,actual_torque_pct,7
2026-10-09T10:50:15.176,1,68899,89519691,0,engine_rpm,563.000
2026-10-09T10:50:15.185,1,68906,89528293,0,actual_torque_pct,7
2026-10-09T10:50:15.185,1,68906,89528293,0,engine_rpm,565.000
2026-10-09T10:50:15.185,1,68907,89528873,0,engine_load_pct,13
2026-10-09T10:50:15.195,1,68917,89538276,0,actual_torque_pct,7
2026-10-09T10:50:15.195,1,68917,89538276,0,engine_rpm,566.000
2026-10-09T10:50:15.201,1,68923,89544406,39,fuel_level_pct,1.2
2026-10-09T10:50:15.204,1,68924,89548276,0,actual_torque_pct,7
2026-10-09T10:50:15.204,1,68924,89548276,0,engine_rpm,566.000
2026-10-09T10:50:15.215,1,68930,89558329,0,actual_torque_pct,7
2026-10-09T10:50:15.215,1,68930,89558329,0,engine_rpm,567.000
2026-10-09T10:50:15.224,1,68936,89568260,0,actual_torque_pct,7
2026-10-09T10:50:15.224,1,68936,89568260,0,engine_rpm,567.000
2026-10-09T10:50:15.235,1,68943,89578279,0,actual_torque_pct,7
2026-10-09T10:50:15.235,1,68943,89578279,0,engine_rpm,568.000
2026-10-09T10:50:15.235,1,68944,89578859,0,engine_load_pct,12
2026-10-09T10:50:15.240,1,68952,89584132,39,vehicle_speed_kmh,0.000
2026-10-09T10:50:15.247,1,68956,89590210,0,actual_torque_pct,7
2026-10-09T10:50:15.247,1,68956,89590210,0,engine_rpm,568.000
2026-10-09T10:50:15.249,1,68961,89593084,0,fuel_rate_lph,2.05
2026-10-09T10:50:15.249,1,68961,89593084,0,fuel_econ_inst_kmpl,0.000
2026-10-09T10:50:15.255,1,68962,89598280,0,actual_torque_pct,6
2026-10-09T10:50:15.255,1,68962,89598280,0,engine_rpm,570.000
2026-10-09T10:50:15.264,1,68968,89608246,0,actual_torque_pct,6
2026-10-09T10:50:15.264,1,68968,89608246,0,engine_rpm,571.000
2026-10-09T10:50:15.274,1,68975,89618204,0,actual_torque_pct,6
2026-10-09T10:50:15.274,1,68975,89618204,0,engine_rpm,571.000
2026-10-09T10:50:15.284,1,68982,89628238,0,actual_torque_pct,6
2026-10-09T10:50:15.284,1,68982,89628238,0,engine_rpm,573.000
2026-10-09T10:50:15.285,1,68983,89628823,0,engine_load_pct,11
2026-10-09T10:50:15.294,1,68993,89637585,39,fuel_level_pct,1.2
2026-10-09T10:50:15.295,1,68994,89638266,0,actual_torque_pct,6
2026-10-09T10:50:15.295,1,68994,89638266,0,engine_rpm,573.000
2026-10-09T10:50:15.304,1,69001,89648233,0,actual_torque_pct,6
2026-10-09T10:50:15.304,1,69001,89648233,0,engine_rpm,574.000
2026-10-09T10:50:15.316,1,69007,89659647,0,actual_torque_pct,6
2026-10-09T10:50:15.316,1,69007,89659647,0,engine_rpm,574.000
2026-10-09T10:50:15.324,1,69013,89668249,0,actual_torque_pct,5
2026-10-09T10:50:15.324,1,69013,89668249,0,engine_rpm,575.000
2026-10-09T10:50:15.334,1,69020,89678247,0,actual_torque_pct,5
2026-10-09T10:50:15.334,1,69020,89678247,0,engine_rpm,576.000
2026-10-09T10:50:15.335,1,69021,89678854,0,engine_load_pct,10
2026-10-09T10:50:15.340,1,69029,89684149,39,vehicle_speed_kmh,0.000
2026-10-09T10:50:15.344,1,69033,89688200,0,actual_torque_pct,5
2026-10-09T10:50:15.344,1,69033,89688200,0,engine_rpm,576.000
2026-10-09T10:50:15.345,1,69034,89688786,0,fuel_rate_lph,1.75
2026-10-09T10:50:15.345,1,69034,89688786,0,fuel_econ_inst_kmpl,0.000
2026-10-09T10:50:15.354,1,69039,89698194,0,actual_torque_pct,5
2026-10-09T10:50:15.354,1,69039,89698194,0,engine_rpm,576.000
2026-10-09T10:50:15.364,1,69047,89708201,0,actual_torque_pct,5
2026-10-09T10:50:15.364,1,69047,89708201,0,engine_rpm,576.000
2026-10-09T10:50:15.374,1,69055,89718220,0,actual_torque_pct,5
2026-10-09T10:50:15.374,1,69055,89718220,0,engine_rpm,577.000
2026-10-09T10:50:15.386,1,69062,89729523,0,actual_torque_pct,5
2026-10-09T10:50:15.386,1,69062,89729523,0,engine_rpm,577.000
2026-10-09T10:50:15.386,1,69063,89730123,0,engine_load_pct,9
2026-10-09T10:50:15.394,1,69073,89737622,39,fuel_level_pct,1.2
2026-10-09T10:50:15.394,1,69074,89738190,0,actual_torque_pct,5
2026-10-09T10:50:15.394,1,69074,89738190,0,engine_rpm,577.000
2026-10-09T10:50:15.405,1,69081,89748250,0,actual_torque_pct,5
2026-10-09T10:50:15.405,1,69081,89748250,0,engine_rpm,577.000
2026-10-09T10:50:15.414,1,69087,89758191,0,actual_torque_pct,5
2026-10-09T10:50:15.414,1,69087,89758191,0,engine_rpm,577.000
2026-10-09T10:50:15.424,1,69093,89768188,0,actual_torque_pct,5
2026-10-09T10:50:15.424,1,69093,89768188,0,engine_rpm,576.000
2026-10-09T10:50:15.434,1,69100,89778168,0,actual_torque_pct,5
2026-10-09T10:50:15.434,1,69100,89778168,0,engine_rpm,576.000
2026-10-09T10:50:15.435,1,69101,89778753,0,engine_load_pct,9
2026-10-09T10:50:15.440,1,69109,89784077,39,vehicle_speed_kmh,0.000
2026-10-09T10:50:15.445,1,69113,89788478,0,actual_torque_pct,4
2026-10-09T10:50:15.445,1,69113,89788478,0,engine_rpm,577.000
2026-10-09T10:50:15.445,1,69114,89789056,0,fuel_rate_lph,1.45
2026-10-09T10:50:15.445,1,69114,89789056,0,fuel_econ_inst_kmpl,0.000
2026-10-09T10:50:15.456,1,69119,89799497,0,actual_torque_pct,4
2026-10-09T10:50:15.456,1,69119,89799497,0,engine_rpm,577.000
2026-10-09T10:50:15.464,1,69125,89808125,0,actual_torque_pct,4
2026-10-09T10:50:15.464,1,69125,89808125,0,engine_rpm,577.000
2026-10-09T10:50:15.474,1,69132,89818133,0,actual_torque_pct,4
2026-10-09T10:50:15.474,1,69132,89818133,0,engine_rpm,577.000
2026-10-09T10:50:15.484,1,69139,89828128,0,actual_torque_pct,4
2026-10-09T10:50:15.484,1,69139,89828128,0,engine_rpm,577.000
2026-10-09T10:50:15.485,1,69140,89828731,0,engine_load_pct,8
2026-10-09T10:50:15.494,1,69150,89837613,39,fuel_level_pct,1.2
2026-10-09T10:50:15.494,1,69151,89838185,0,actual_torque_pct,4
2026-10-09T10:50:15.494,1,69151,89838185,0,engine_rpm,578.000
2026-10-09T10:50:15.506,1,69157,89849523,0,actual_torque_pct,4
2026-10-09T10:50:15.506,1,69157,89849523,0,engine_rpm,578.000
2026-10-09T10:50:15.514,1,69163,89858117,0,actual_torque_pct,4
2026-10-09T10:50:15.514,1,69163,89858117,0,engine_rpm,578.000
2026-10-09T10:50:15.525,1,69169,89868125,0,actual_torque_pct,4
2026-10-09T10:50:15.525,1,69169,89868125,0,engine_rpm,578.000
2026-10-09T10:50:15.534,1,69176,89878191,0,actual_torque_pct,4
2026-10-09T10:50:15.534,1,69176,89878191,0,engine_rpm,578.000
2026-10-09T10:50:15.535,1,69177,89878789,0,engine_load_pct,7
2026-10-09T10:50:15.540,1,69186,89884130,39,vehicle_speed_kmh,0.000
2026-10-09T10:50:15.541,1,69187,89884707,0,boost_pressure_kpa,104
2026-10-09T10:50:15.541,1,69187,89884707,0,intake_manifold_temp_c,32
2026-10-09T10:50:15.545,1,69191,89888419,0,actual_torque_pct,4
2026-10-09T10:50:15.545,1,69191,89888419,0,engine_rpm,577.000
2026-10-09T10:50:15.546,1,69194,89890152,0,fuel_rate_lph,1.20
2026-10-09T10:50:15.546,1,69194,89890152,0,fuel_econ_inst_kmpl,0.000
2026-10-09T10:50:15.554,1,69199,89898080,0,actual_torque_pct,4
2026-10-09T10:50:15.554,1,69199,89898080,0,engine_rpm,577.000
2026-10-09T10:50:15.565,1,69205,89908122,0,actual_torque_pct,4
2026-10-09T10:50:15.565,1,69205,89908122,0,engine_rpm,575.000
2026-10-09T10:50:15.576,1,69212,89919572,0,actual_torque_pct,4
2026-10-09T10:50:15.576,1,69212,89919572,0,engine_rpm,575.000
2026-10-09T10:50:15.584,1,69219,89928093,0,actual_torque_pct,4
2026-10-09T10:50:15.584,1,69219,89928093,0,engine_rpm,574.000
2026-10-09T10:50:15.585,1,69220,89928676,0,engine_load_pct,7
2026-10-09T10:50:15.594,1,69231,89937702,39,fuel_level_pct,1.2
2026-10-09T10:50:15.595,1,69232,89938252,0,actual_torque_pct,4
2026-10-09T10:50:15.595,1,69232,89938252,0,engine_rpm,573.000
2026-10-09T10:50:15.605,1,69238,89948071,0,actual_torque_pct,4
2026-10-09T10:50:15.605,1,69238,89948071,0,engine_rpm,573.000
2026-10-09T10:50:15.614,1,69244,89958102,0,actual_torque_pct,4
2026-10-09T10:50:15.614,1,69244,89958102,0,engine_rpm,572.000
2026-10-09T10:50:15.624,1,69250,89968045,0,actual_torque_pct,4
2026-10-09T10:50:15.624,1,69250,89968045,0,engine_rpm,572.000
2026-10-09T10:50:15.634,1,69257,89978075,0,actual_torque_pct,4
2026-10-09T10:50:15.634,1,69257,89978075,0,engine_rpm,571.000
2026-10-09T10:50:15.635,1,69258,89978683,0,engine_load_pct,7
2026-10-09T10:50:15.640,1,69266,89984049,0,oil_pressure_kpa,424
2026-10-09T10:50:15.641,1,69267,89984625,39,vehicle_speed_kmh,0.000
2026-10-09T10:50:15.646,1,69271,89989520,0,actual_torque_pct,4
2026-10-09T10:50:15.646,1,69271,89989520,0,engine_rpm,571.000
2026-10-09T10:50:15.650,1,69278,89993552,0,fuel_rate_lph,1.20
2026-10-09T10:50:15.650,1,69278,89993552,0,fuel_econ_inst_kmpl,0.000
2026-10-09T10:50:15.654,1,69279,89998069,0,actual_torque_pct,4
2026-10-09T10:50:15.654,1,69279,89998069,0,engine_rpm,570.000
2026-10-09T10:50:15.664,1,69285,90008052,0,actual_torque_pct,4
2026-10-09T10:50:15.664,1,69285,90008052,0,engine_rpm,570.000
2026-10-09T10:50:15.675,1,69292,90018026,0,actual_torque_pct,4
2026-10-09T10:50:15.675,1,69292,90018026,0,engine_rpm,570.000
2026-10-09T10:50:15.684,1,69299,90028053,0,actual_torque_pct,4
2026-10-09T10:50:15.684,1,69299,90028053,0,engine_rpm,569.000
2026-10-09T10:50:15.685,1,69300,90028652,0,engine_load_pct,7
2026-10-09T10:50:15.694,1,69312,90037789,39,fuel_level_pct,1.2
2026-10-09T10:50:15.695,1,69313,90038345,0,actual_torque_pct,4
2026-10-09T10:50:15.695,1,69313,90038345,0,engine_rpm,569.000
2026-10-09T10:50:15.704,1,69321,90048018,0,actual_torque_pct,4
2026-10-09T10:50:15.704,1,69321,90048018,0,engine_rpm,569.000
2026-10-09T10:50:15.716,1,69327,90059428,0,actual_torque_pct,4
2026-10-09T10:50:15.716,1,69327,90059428,0,engine_rpm,569.000
2026-10-09T10:50:15.724,1,69333,90068055,0,actual_torque_pct,4
2026-10-09T10:50:15.724,1,69333,90068055,0,engine_rpm,568.000
2026-10-09T10:50:15.734,1,69340,90078034,0,actual_torque_pct,4
2026-10-09T10:50:15.734,1,69340,90078034,0,engine_rpm,567.000
2026-10-09T10:50:15.735,1,69341,90078637,0,engine_load_pct,7
2026-10-09T10:50:15.740,1,69349,90084036,0,coolant_temp_c,34
2026-10-09T10:50:15.740,1,69349,90084036,0,fuel_temp_c,32
2026-10-09T10:50:15.740,1,69349,90084036,0,oil_temp_c,34.78
2026-10-09T10:50:15.741,1,69350,90084627,39,vehicle_speed_kmh,0.000
2026-10-09T10:50:15.744,1,69354,90087989,0,actual_torque_pct,4
2026-10-09T10:50:15.744,1,69354,90087989,0,engine_rpm,567.000
2026-10-09T10:50:15.746,1,69357,90089726,0,fuel_rate_lph,1.20
2026-10-09T10:50:15.746,1,69357,90089726,0,fuel_econ_inst_kmpl,0.000
2026-10-09T10:50:15.755,1,69362,90097979,0,actual_torque_pct,4
2026-10-09T10:50:15.755,1,69362,90097979,0,engine_rpm,565.000
2026-10-09T10:50:15.765,1,69368,90108052,0,actual_torque_pct,4
2026-10-09T10:50:15.765,1,69368,90108052,0,engine_rpm,565.000
2026-10-09T10:50:15.775,1,69375,90118003,0,actual_torque_pct,4
2026-10-09T10:50:15.775,1,69375,90118003,0,engine_rpm,562.000
2026-10-09T10:50:15.786,1,69382,90129388,0,actual_torque_pct,4
2026-10-09T10:50:15.786,1,69382,90129388,0,engine_rpm,562.000
2026-10-09T10:50:15.786,1,69383,90129969,0,engine_load_pct,8
2026-10-09T10:50:15.794,1,69394,90137729,39,fuel_level_pct,1.2
2026-10-09T10:50:15.795,1,69395,90138283,0,actual_torque_pct,4
2026-10-09T10:50:15.795,1,69395,90138283,0,engine_rpm,561.000
2026-10-09T10:50:15.805,1,69403,90148999,0,actual_torque_pct,4
2026-10-09T10:50:15.805,1,69403,90148999,0,engine_rpm,560.000
2026-10-09T10:50:15.814,1,69409,90157982,0,actual_torque_pct,4
2026-10-09T10:50:15.814,1,69409,90157982,0,engine_rpm,560.000
2026-10-09T10:50:15.824,1,69415,90167991,0,actual_torque_pct,4
2026-10-09T10:50:15.824,1,69415,90167991,0,engine_rpm,559.000
2026-10-09T10:50:15.834,1,69422,90177957,0,actual_torque_pct,4
2026-10-09T10:50:15.834,1,69422,90177957,0,engine_rpm,559.000
2026-10-09T10:50:15.835,1,69423,90178537,0,engine_load_pct,8
2026-10-09T10:50:15.841,1,69432,90184669,39,vehicle_speed_kmh,0.000
2026-10-09T10:50:15.844,1,69436,90188198,0,actual_torque_pct,4
2026-10-09T10:50:15.844,1,69436,90188198,0,engine_rpm,558.000
2026-10-09T10:50:15.846,1,69438,90189356,0,fuel_rate_lph,1.30
2026-10-09T10:50:15.846,1,69438,90189356,0,fuel_econ_inst_kmpl,0.000
2026-10-09T10:50:15.854,1,69443,90197953,0,actual_torque_pct,4
2026-10-09T10:50:15.854,1,69443,90197953,0,engine_rpm,558.000
2026-10-09T10:50:15.864,1,69450,90207964,0,actual_torque_pct,4
2026-10-09T10:50:15.864,1,69450,90207964,0,engine_rpm,558.000
2026-10-09T10:50:15.865,1,69452,90209125,0,engine_hours,40.25
2026-10-09T10:50:15.876,1,69458,90219905,0,actual_torque_pct,4
2026-10-09T10:50:15.876,1,69458,90219905,0,engine_rpm,558.000
2026-10-09T10:50:15.884,1,69465,90227949,0,actual_torque_pct,4
2026-10-09T10:50:15.884,1,69465,90227949,0,engine_rpm,558.000
2026-10-09T10:50:15.885,1,69466,90228525,0,engine_load_pct,8
2026-10-09T10:50:15.894,1,69476,90237818,39,fuel_level_pct,1.2
2026-10-09T10:50:15.895,1,69477,90238427,0,actual_torque_pct,4
2026-10-09T10:50:15.895,1,69477,90238427,0,engine_rpm,558.000
2026-10-09T10:50:15.904,1,69483,90247900,0,actual_torque_pct,4
2026-10-09T10:50:15.904,1,69483,90247900,0,engine_rpm,558.000
2026-10-09T10:50:15.914,1,69489,90257887,0,actual_torque_pct,4
2026-10-09T10:50:15.914,1,69489,90257887,0,engine_rpm,559.000
2026-10-09T10:50:15.924,1,69495,90267918,0,actual_torque_pct,4
2026-10-09T10:50:15.924,1,69495,90267918,0,engine_rpm,559.000
2026-10-09T10:50:15.935,1,69502,90277929,0,actual_torque_pct,4
2026-10-09T10:50:15.935,1,69502,90277929,0,engine_rpm,559.000
2026-10-09T10:50:15.935,1,69503,90278514,0,engine_load_pct,8
2026-10-09T10:50:15.940,1,69511,90284060,39,vehicle_speed_kmh,0.000
2026-10-09T10:50:15.944,1,69515,90287875,0,actual_torque_pct,4
2026-10-09T10:50:15.944,1,69515,90287875,0,engine_rpm,559.000
2026-10-09T10:50:15.945,1,69516,90288470,0,fuel_rate_lph,1.30
2026-10-09T10:50:15.945,1,69516,90288470,0,fuel_econ_inst_kmpl,0.000
2026-10-09T10:50:15.954,1,69521,90297863,0,actual_torque_pct,4
2026-10-09T10:50:15.954,1,69521,90297863,0,engine_rpm,558.000
2026-10-09T10:50:15.965,1,69527,90309286,0,actual_torque_pct,4
2026-10-09T10:50:15.965,1,69527,90309286,0,engine_rpm,558.000
2026-10-09T10:50:15.974,1,69534,90317914,0,actual_torque_pct,4
2026-10-09T10:50:15.974,1,69534,90317914,0,engine_rpm,557.000
2026-10-09T10:50:15.984,1,69541,90327876,0,actual_torque_pct,4
2026-10-09T10:50:15.984,1,69541,90327876,0,engine_rpm,556.000
2026-10-09T10:50:15.985,1,69542,90328457,0,engine_load_pct,8
2026-10-09T10:50:15.994,1,69552,90337852,0,actual_torque_pct,4
2026-10-09T10:50:15.994,1,69552,90337852,0,engine_rpm,556.000
2026-10-09T10:50:15.995,1,69553,90338429,39,fuel_level_pct,1.2
2026-10-09T10:50:16.004,1,69559,90347846,0,actual_torque_pct,4
2026-10-09T10:50:16.004,1,69559,90347846,0,engine_rpm,555.000
2026-10-09T10:50:16.014,1,69565,90357884,0,actual_torque_pct,4
2026-10-09T10:50:16.014,1,69565,90357884,0,engine_rpm,555.000
2026-10-09T10:50:16.025,1,69571,90367867,0,actual_torque_pct,5
2026-10-09T10:50:16.025,1,69571,90367867,0,engine_rpm,554.000
2026-10-09T10:50:16.034,1,69580,90377843,0,actual_torque_pct,5
2026-10-09T10:50:16.034,1,69580,90377843,0,engine_rpm,554.000
2026-10-09T10:50:16.035,1,69581,90378429,0,engine_load_pct,9
2026-10-09T10:50:16.040,1,69589,90384049,39,vehicle_speed_kmh,0.000
2026-10-09T10:50:16.041,1,69590,90384636,0,boost_pressure_kpa,102
2026-10-09T10:50:16.041,1,69590,90384636,0,intake_manifold_temp_c,32
2026-10-09T10:50:16.044,1,69594,90387847,0,actual_torque_pct,5
2026-10-09T10:50:16.044,1,69594,90387847,0,engine_rpm,553.000
2026-10-09T10:50:16.045,1,69596,90389016,0,fuel_rate_lph,1.35
2026-10-09T10:50:16.045,1,69596,90389016,0,fuel_econ_inst_kmpl,0.000
2026-10-09T10:50:16.056,1,69601,90399249,0,actual_torque_pct,5
2026-10-09T10:50:16.056,1,69601,90399249,0,engine_rpm,553.000
2026-10-09T10:50:16.064,1,69607,90407826,0,actual_torque_pct,5
2026-10-09T10:50:16.064,1,69607,90407826,0,engine_rpm,552.000
2026-10-09T10:50:16.075,1,69614,90418285,0,actual_torque_pct,5
2026-10-09T10:50:16.075,1,69614,90418285,0,engine_rpm,552.000
2026-10-09T10:50:16.084,1,69621,90427817,0,actual_torque_pct,5
2026-10-09T10:50:16.084,1,69621,90427817,0,engine_rpm,552.000
2026-10-09T10:50:16.085,1,69622,90428403,0,engine_load_pct,9
2026-10-09T10:50:16.094,1,69632,90437818,0,actual_torque_pct,5
2026-10-09T10:50:16.094,1,69632,90437818,0,engine_rpm,552.000
2026-10-09T10:50:16.095,1,69633,90438424,39,fuel_level_pct,1.2
2026-10-09T10:50:16.104,1,69639,90447797,0,actual_torque_pct,5
2026-10-09T10:50:16.104,1,69639,90447797,0,engine_rpm,552.000
2026-10-09T10:50:16.115,1,69645,90457800,0,actual_torque_pct,5
2026-10-09T10:50:16.115,1,69645,90457800,0,engine_rpm,552.000
2026-10-09T10:50:16.124,1,69651,90467825,0,actual_torque_pct,5
2026-10-09T10:50:16.124,1,69651,90467825,0,engine_rpm,552.000
2026-10-09T10:50:16.134,1,69658,90477827,0,actual_torque_pct,5
2026-10-09T10:50:16.134,1,69658,90477827,0,engine_rpm,552.000
2026-10-09T10:50:16.135,1,69659,90478414,0,engine_load_pct,9
2026-10-09T10:50:16.140,1,69667,90484067,0,oil_pressure_kpa,412
2026-10-09T10:50:16.141,1,69668,90484642,39,vehicle_speed_kmh,0.000
2026-10-09T10:50:16.145,1,69672,90489162,0,actual_torque_pct,5
2026-10-09T10:50:16.145,1,69672,90489162,0,engine_rpm,552.000
2026-10-09T10:50:16.146,1,69673,90489748,0,fuel_rate_lph,1.40
2026-10-09T10:50:16.146,1,69673,90489748,0,fuel_econ_inst_kmpl,0.000
2026-10-09T10:50:16.154,1,69678,90497763,0,actual_torque_pct,5
2026-10-09T10:50:16.154,1,69678,90497763,0,engine_rpm,552.000
2026-10-09T10:50:16.165,1,69684,90508524,0,actual_torque_pct,5
2026-10-09T10:50:16.165,1,69684,90508524,0,engine_rpm,552.000
2026-10-09T10:50:16.174,1,69691,90517777,0,actual_torque_pct,5
2026-10-09T10:50:16.174,1,69691,90517777,0,engine_rpm,552.000
2026-10-09T10:50:16.184,1,69698,90527759,0,actual_torque_pct,5
2026-10-09T10:50:16.184,1,69698,90527759,0,engine_rpm,552.000
2026-10-09T10:50:16.185,1,69699,90528337,0,engine_load_pct,9
2026-10-09T10:50:16.194,1,69709,90537756,0,actual_torque_pct,5
2026-10-09T10:50:16.194,1,69709,90537756,0,engine_rpm,552.000
2026-10-09T10:50:16.201,1,69715,90544777,39,fuel_level_pct,1.2
2026-10-09T10:50:16.204,1,69716,90547766,0,actual_torque_pct,5
2026-10-09T10:50:16.204,1,69716,90547766,0,engine_rpm,550.000
2026-10-09T10:50:16.214,1,69722,90557791,0,actual_torque_pct,5
2026-10-09T10:50:16.214,1,69722,90557791,0,engine_rpm,550.000
2026-10-09T10:50:16.224,1,69728,90567752,0,actual_torque_pct,5
2026-10-09T10:50:16.224,1,69728,90567752,0,engine_rpm,550.000
2026-10-09T10:50:16.234,1,69735,90577716,0,actual_torque_pct,5
2026-10-09T10:50:16.234,1,69735,90577716,0,engine_rpm,550.000
2026-10-09T10:50:16.235,1,69736,90578286,0,engine_load_pct,9
2026-10-09T10:50:16.240,1,69744,90584061,39,vehicle_speed_kmh,0.000
2026-10-09T10:50:16.245,1,69748,90587815,0,actual_torque_pct,5
2026-10-09T10:50:16.245,1,69748,90587815,0,engine_rpm,550.000
2026-10-09T10:50:16.245,1,69749,90588393,0,fuel_rate_lph,1.40
2026-10-09T10:50:16.245,1,69749,90588393,0,fuel_econ_inst_kmpl,0.000
2026-10-09T10:50:16.255,1,69754,90599278,0,actual_torque_pct,5
2026-10-09T10:50:16.255,1,69754,90599278,0,engine_rpm,550.000
2026-10-09T10:50:16.264,1,69760,90607721,0,actual_torque_pct,5
2026-10-09T10:50:16.264,1,69760,90607721,0,engine_rpm,550.000
2026-10-09T10:50:16.274,1,69767,90617777,0,actual_torque_pct,5
2026-10-09T10:50:16.274,1,69767,90617777,0,engine_rpm,549.000
2026-10-09T10:50:16.284,1,69774,90627726,0,actual_torque_pct,5
2026-10-09T10:50:16.284,1,69774,90627726,0,engine_rpm,549.000
2026-10-09T10:50:16.285,1,69775,90628299,0,engine_load_pct,9
2026-10-09T10:50:16.294,1,69785,90637752,0,actual_torque_pct,5
2026-10-09T10:50:16.294,1,69785,90637752,0,engine_rpm,549.000
2026-10-09T10:50:16.295,1,69787,90638891,39,fuel_level_pct,1.2
2026-10-09T10:50:16.304,1,69793,90647695,0,actual_torque_pct,5
2026-10-09T10:50:16.304,1,69793,90647695,0,engine_rpm,549.000
2026-10-09T10:50:16.314,1,69799,90657681,0,actual_torque_pct,5
2026-10-09T10:50:16.314,1,69799,90657681,0,engine_rpm,549.000
2026-10-09T10:50:16.324,1,69805,90667701,0,actual_torque_pct,5
2026-10-09T10:50:16.324,1,69805,90667701,0,engine_rpm,549.000
2026-10-09T10:50:16.334,1,69812,90677731,0,actual_torque_pct,5
2026-10-09T10:50:16.334,1,69812,90677731,0,engine_rpm,549.000
2026-10-09T10:50:16.335,1,69813,90678310,0,engine_load_pct,9
2026-10-09T10:50:16.340,1,69821,90684064,39,vehicle_speed_kmh,0.000
2026-10-09T10:50:16.345,1,69825,90688927,0,actual_torque_pct,5
2026-10-09T10:50:16.345,1,69825,90688927,0,engine_rpm,549.000
2026-10-09T10:50:16.346,1,69826,90689507,0,fuel_rate_lph,1.40
2026-10-09T10:50:16.346,1,69826,90689507,0,fuel_econ_inst_kmpl,0.000
2026-10-09T10:50:16.354,1,69831,90697638,0,actual_torque_pct,5
2026-10-09T10:50:16.354,1,69831,90697638,0,engine_rpm,550.000
2026-10-09T10:50:16.365,1,69839,90708372,0,actual_torque_pct,5
2026-10-09T10:50:16.365,1,69839,90708372,0,engine_rpm,549.000
2026-10-09T10:50:16.374,1,69847,90717663,0,actual_torque_pct,5
2026-10-09T10:50:16.374,1,69847,90717663,0,engine_rpm,549.000
2026-10-09T10:50:16.384,1,69854,90727641,0,actual_torque_pct,5
2026-10-09T10:50:16.384,1,69854,90727641,0,engine_rpm,550.000
2026-10-09T10:50:16.385,1,69855,90728227,0,engine_load_pct,9
2026-10-09T10:50:16.393,1,69864,90736603,39,fuel_level_pct,1.2
2026-10-09T10:50:16.394,1,69866,90737727,0,actual_torque_pct,5
2026-10-09T10:50:16.394,1,69866,90737727,0,engine_rpm,550.000
2026-10-09T10:50:16.404,1,69873,90747710,0,actual_torque_pct,5
2026-10-09T10:50:16.404,1,69873,90747710,0,engine_rpm,550.000
2026-10-09T10:50:16.414,1,69879,90757646,0,actual_torque_pct,5
2026-10-09T10:50:16.414,1,69879,90757646,0,engine_rpm,550.000
2026-10-09T10:50:16.424,1,69885,90767638,0,actual_torque_pct,5
2026-10-09T10:50:16.424,1,69885,90767638,0,engine_rpm,549.000
2026-10-09T10:50:16.434,1,69892,90777616,0,actual_torque_pct,5
2026-10-09T10:50:16.434,1,69892,90777616,0,engine_rpm,549.000
2026-10-09T10:50:16.434,1,69893,90778200,0,engine_load_pct,9
2026-10-09T10:50:16.440,1,69901,90784130,39,vehicle_speed_kmh,0.000
2026-10-09T10:50:16.444,1,69905,90787920,0,actual_torque_pct,5
2026-10-09T10:50:16.444,1,69905,90787920,0,engine_rpm,549.000
2026-10-09T10:50:16.445,1,69906,90788506,0,fuel_rate_lph,1.40
2026-10-09T10:50:16.445,1,69906,90788506,0,fuel_econ_inst_kmpl,0.000
2026-10-09T10:50:16.455,1,69911,90798994,0,actual_torque_pct,5
2026-10-09T10:50:16.455,1,69911,90798994,0,engine_rpm,549.000
2026-10-09T10:50:16.464,1,69917,90807626,0,actual_torque_pct,5
2026-10-09T10:50:16.464,1,69917,90807626,0,engine_rpm,549.000
2026-10-09T10:50:16.474,1,69924,90817587,0,actual_torque_pct,5
2026-10-09T10:50:16.474,1,69924,90817587,0,engine_rpm,548.000
2026-10-09T10:50:16.484,1,69931,90827597,0,actual_torque_pct,5
2026-10-09T10:50:16.484,1,69931,90827597,0,engine_rpm,548.000
2026-10-09T10:50:16.485,1,69932,90828180,0,engine_load_pct,9
2026-10-09T10:50:16.494,1,69942,90837614,0,actual_torque_pct,5
2026-10-09T10:50:16.494,1,69942,90837614,0,engine_rpm,548.000
2026-10-09T10:50:16.494,1,69943,90838187,39,fuel_level_pct,1.2
2026-10-09T10:50:16.504,1,69949,90847560,0,actual_torque_pct,5
2026-10-09T10:50:16.504,1,69949,90847560,0,engine_rpm,548.000
2026-10-09T10:50:16.514,1,69955,90857565,0,actual_torque_pct,5
2026-10-09T10:50:16.514,1,69955,90857565,0,engine_rpm,548.000
2026-10-09T10:50:16.524,1,69961,90867586,0,actual_torque_pct,5
2026-10-09T10:50:16.524,1,69961,90867586,0,engine_rpm,548.000
2026-10-09T10:50:16.534,1,69968,90877664,0,actual_torque_pct,5
2026-10-09T10:50:16.534,1,69968,90877664,0,engine_rpm,548.000
2026-10-09T10:50:16.535,1,69969,90878236,0,engine_load_pct,9
2026-10-09T10:50:16.540,1,69978,90884092,39,vehicle_speed_kmh,0.000
2026-10-09T10:50:16.541,1,69979,90884653,0,boost_pressure_kpa,102
2026-10-09T10:50:16.541,1,69979,90884653,0,intake_manifold_temp_c,32
2026-10-09T10:50:16.545,1,69983,90888918,0,actual_torque_pct,5
2026-10-09T10:50:16.545,1,69983,90888918,0,engine_rpm,548.000
2026-10-09T10:50:16.549,1,69990,90892942,0,fuel_rate_lph,1.45
2026-10-09T10:50:16.549,1,69990,90892942,0,fuel_econ_inst_kmpl,0.000
2026-10-09T10:50:16.554,1,69991,90897542,0,actual_torque_pct,5
2026-10-09T10:50:16.554,1,69991,90897542,0,engine_rpm,549.000
2026-10-09T10:50:16.565,1,69997,90908403,0,actual_torque_pct,5
2026-10-09T10:50:16.565,1,69997,90908403,0,engine_rpm,549.000
2026-10-09T10:50:16.574,1,70004,90917569,0,actual_torque_pct,5
2026-10-09T10:50:16.574,1,70004,90917569,0,engine_rpm,549.000
2026-10-09T10:50:16.584,1,70011,90927522,0,actual_torque_pct,5
2026-10-09T10:50:16.584,1,70011,90927522,0,engine_rpm,549.000
2026-10-09T10:50:16.584,1,70012,90928119,0,engine_load_pct,9
2026-10-09T10:50:16.594,1,70023,90937525,0,actual_torque_pct,5
2026-10-09T10:50:16.594,1,70023,90937525,0,engine_rpm,549.000
2026-10-09T10:50:16.594,1,70024,90938104,39,fuel_level_pct,1.2
2026-10-09T10:50:16.604,1,70030,90947549,0,actual_torque_pct,5
2026-10-09T10:50:16.604,1,70030,90947549,0,engine_rpm,549.000
2026-10-09T10:50:16.614,1,70036,90957556,0,actual_torque_pct,5
2026-10-09T10:50:16.614,1,70036,90957556,0,engine_rpm,549.000
2026-10-09T10:50:16.624,1,70042,90967524,0,actual_torque_pct,5
2026-10-09T10:50:16.624,1,70042,90967524,0,engine_rpm,549.000
2026-10-09T10:50:16.634,1,70049,90977553,0,actual_torque_pct,5
2026-10-09T10:50:16.634,1,70049,90977553,0,engine_rpm,549.000
2026-10-09T10:50:16.634,1,70050,90978127,0,engine_load_pct,9
2026-10-09T10:50:16.640,1,70058,90984064,0,oil_pressure_kpa,404
2026-10-09T10:50:16.641,1,70059,90984641,39,vehicle_speed_kmh,0.000
2026-10-09T10:50:16.644,1,70063,90987647,0,actual_torque_pct,5
2026-10-09T10:50:16.644,1,70063,90987647,0,engine_rpm,548.000
2026-10-09T10:50:16.646,1,70066,90989385,0,fuel_rate_lph,1.40
2026-10-09T10:50:16.646,1,70066,90989385,0,fuel_econ_inst_kmpl,0.000
2026-10-09T10:50:16.656,1,70071,90998994,0,actual_torque_pct,5
2026-10-09T10:50:16.656,1,70071,90998994,0,engine_rpm,548.000
2026-10-09T10:50:16.664,1,70077,91007480,0,actual_torque_pct,5
2026-10-09T10:50:16.664,1,70077,91007480,0,engine_rpm,548.000
2026-10-09T10:50:16.674,1,70084,91017534,0,actual_torque_pct,5
2026-10-09T10:50:16.674,1,70084,91017534,0,engine_rpm,548.000
2026-10-09T10:50:16.684,1,70091,91027494,0,actual_torque_pct,5
2026-10-09T10:50:16.684,1,70091,91027494,0,engine_rpm,548.000
2026-10-09T10:50:16.684,1,70092,91028082,0,engine_load_pct,9
2026-10-09T10:50:16.694,1,70104,91037543,0,actual_torque_pct,5
2026-10-09T10:50:16.694,1,70104,91037543,0,engine_rpm,548.000
2026-10-09T10:50:16.696,1,70107,91039224,39,fuel_level_pct,1.2
2026-10-09T10:50:16.704,1,70113,91047461,0,actual_torque_pct,5
2026-10-09T10:50:16.704,1,70113,91047461,0,engine_rpm,548.000
2026-10-09T10:50:16.714,1,70119,91057460,0,actual_torque_pct,5
2026-10-09T10:50:16.714,1,70119,91057460,0,engine_rpm,547.000
2026-10-09T10:50:16.724,1,70125,91067472,0,actual_torque_pct,5
2026-10-09T10:50:16.724,1,70125,91067472,0,engine_rpm,547.000
2026-10-09T10:50:16.734,1,70132,91077547,0,engine_load_pct,10
2026-10-09T10:50:16.734,1,70133,91078120,0,actual_torque_pct,5
2026-10-09T10:50:16.734,1,70133,91078120,0,engine_rpm,547.000
2026-10-09T10:50:16.740,1,70141,91084049,0,coolant_temp_c,34
2026-10-09T10:50:16.740,1,70141,91084049,0,fuel_temp_c,32
2026-10-09T10:50:16.740,1,70141,91084049,0,oil_temp_c,34.78
2026-10-09T10:50:16.741,1,70142,91084610,39,vehicle_speed_kmh,0.000
2026-10-09T10:50:16.746,1,70146,91089386,0,actual_torque_pct,5
2026-10-09T10:50:16.746,1,70146,91089386,0,engine_rpm,547.000
2026-10-09T10:50:16.750,1,70153,91093402,0,fuel_rate_lph,1.45
2026-10-09T10:50:16.750,1,70153,91093402,0,fuel_econ_inst_kmpl,0.000
2026-10-09T10:50:16.754,1,70154,91097429,0,actual_torque_pct,5
2026-10-09T10:50:16.754,1,70154,91097429,0,engine_rpm,547.000
2026-10-09T10:50:16.765,1,70160,91108814,0,actual_torque_pct,5
2026-10-09T10:50:16.765,1,70160,91108814,0,engine_rpm,547.000
2026-10-09T10:50:16.774,1,70167,91117447,0,actual_torque_pct,5
2026-10-09T10:50:16.774,1,70167,91117447,0,engine_rpm,547.000
2026-10-09T10:50:16.784,1,70174,91127527,0,engine_load_pct,10
2026-10-09T10:50:16.784,1,70175,91128084,0,actual_torque_pct,5
2026-10-09T10:50:16.784,1,70175,91128084,0,engine_rpm,547.000
2026-10-09T10:50:16.794,1,70186,91137527,0,actual_torque_pct,5
2026-10-09T10:50:16.794,1,70186,91137527,0,engine_rpm,547.000
2026-10-09T10:50:16.796,1,70189,91139246,39,fuel_level_pct,1.2
2026-10-09T10:50:16.804,1,70195,91147413,0,actual_torque_pct,5
2026-10-09T10:50:16.804,1,70195,91147413,0,engine_rpm,547.000
2026-10-09T10:50:16.814,1,70201,91157442,0,actual_torque_pct,5
2026-10-09T10:50:16.814,1,70201,91157442,0,engine_rpm,547.000
2026-10-09T10:50:16.824,1,70207,91167427,0,actual_torque_pct,5
2026-10-09T10:50:16.824,1,70207,91167427,0,engine_rpm,547.000
2026-10-09T10:50:16.834,1,70214,91177543,0,engine_load_pct,10
2026-10-09T10:50:16.834,1,70215,91178116,0,actual_torque_pct,5
2026-10-09T10:50:16.834,1,70215,91178116,0,engine_rpm,547.000
2026-10-09T10:50:16.841,1,70224,91184661,39,vehicle_speed_kmh,0.000
2026-10-09T10:50:16.844,1,70228,91187715,0,actual_torque_pct,5
2026-10-09T10:50:16.844,1,70228,91187715,0,engine_rpm,546.000
2026-10-09T10:50:16.845,1,70230,91188857,0,fuel_rate_lph,1.45
2026-10-09T10:50:16.845,1,70230,91188857,0,fuel_econ_inst_kmpl,0.000
2026-10-09T10:50:16.855,1,70235,91198758,0,actual_torque_pct,5
2026-10-09T10:50:16.855,1,70235,91198758,0,engine_rpm,546.000
2026-10-09T10:50:16.864,1,70242,91207393,0,actual_torque_pct,5
2026-10-09T10:50:16.864,1,70242,91207393,0,engine_rpm,546.000
2026-10-09T10:50:16.865,1,70244,91208551,0,engine_hours,40.25
2026-10-09T10:50:16.875,1,70250,91218545,0,actual_torque_pct,5
2026-10-09T10:50:16.875,1,70250,91218545,0,engine_rpm,546.000
2026-10-09T10:50:16.884,1,70257,91227507,0,engine_load_pct,10
2026-10-09T10:50:16.884,1,70258,91228066,0,actual_torque_pct,5
2026-10-09T10:50:16.884,1,70258,91228066,0,engine_rpm,546.000
2026-10-09T10:50:16.894,1,70268,91237559,0,actual_torque_pct,5
2026-10-09T10:50:16.894,1,70268,91237559,0,engine_rpm,546.000
2026-10-09T10:50:16.894,1,70269,91238142,39,fuel_level_pct,1.2
2026-10-09T10:50:16.904,1,70275,91247357,0,actual_torque_pct,5
2026-10-09T10:50:16.904,1,70275,91247357,0,engine_rpm,546.000
2026-10-09T10:50:16.914,1,70281,91257350,0,actual_torque_pct,5
2026-10-09T10:50:16.914,1,70281,91257350,0,engine_rpm,545.000
2026-10-09T10:50:16.924,1,70287,91267370,0,actual_torque_pct,5
2026-10-09T10:50:16.924,1,70287,91267370,0,engine_rpm,545.000
2026-10-09T10:50:16.934,1,70294,91277556,0,engine_load_pct,10
2026-10-09T10:50:16.934,1,70295,91278110,0,actual_torque_pct,5
2026-10-09T10:50:16.934,1,70295,91278110,0,engine_rpm,545.000
2026-10-09T10:50:16.940,1,70303,91284074,39,vehicle_speed_kmh,0.000
2026-10-09T10:50:16.944,1,70307,91287494,0,actual_torque_pct,5
2026-10-09T10:50:16.944,1,70307,91287494,0,engine_rpm,545.000
2026-10-09T10:50:16.944,1,70308,91288080,0,fuel_rate_lph,1.50
2026-10-09T10:50:16.944,1,70308,91288080,0,fuel_econ_inst_kmpl,0.000
2026-10-09T10:50:16.954,1,70313,91297322,0,actual_torque_pct,5
2026-10-09T10:50:16.954,1,70313,91297322,0,engine_rpm,546.000
2026-10-09T10:50:16.965,1,70319,91309271,0,actual_torque_pct,5
2026-10-09T10:50:16.965,1,70319,91309271,0,engine_rpm,546.000
2026-10-09T10:50:16.974,1,70326,91317357,0,actual_torque_pct,5
2026-10-09T10:50:16.974,1,70326,91317357,0,engine_rpm,546.000
2026-10-09T10:50:16.984,1,70333,91328191,0,actual_torque_pct,5
2026-10-09T10:50:16.984,1,70333,91328191,0,engine_rpm,547.000
2026-10-09T10:50:16.985,1,70334,91328775,0,engine_load_pct,10
2026-10-09T10:50:16.993,1,70343,91336799,39,fuel_level_pct,1.2
2026-10-09T10:50:16.994,1,70344,91337366,0,actual_torque_pct,5
2026-10-09T10:50:16.994,1,70344,91337366,0,engine_rpm,547.000
2026-10-09T10:50:17.004,1,70351,91347328,0,actual_torque_pct,5
2026-10-09T10:50:17.004,1,70351,91347328,0,engine_rpm,547.000
2026-10-09T10:50:17.014,1,70357,91357333,0,actual_torque_pct,5
2026-10-09T10:50:17.014,1,70357,91357333,0,engine_rpm,547.000
2026-10-09T10:50:17.024,1,70363,91367317,0,actual_torque_pct,5
2026-10-09T10:50:17.024,1,70363,91367317,0,engine_rpm,547.000
2026-10-09T10:50:17.034,1,70372,91377557,0,engine_load_pct,10
2026-10-09T10:50:17.034,1,70373,91378117,0,actual_torque_pct,5
2026-10-09T10:50:17.034,1,70373,91378117,0,engine_rpm,547.000
2026-10-09T10:50:17.040,1,70381,91384065,39,vehicle_speed_kmh,0.000
2026-10-09T10:50:17.041,1,70382,91384628,0,boost_pressure_kpa,102
2026-10-09T10:50:17.041,1,70382,91384628,0,intake_manifold_temp_c,32
2026-10-09T10:50:17.044,1,70386,91387491,0,actual_torque_pct,5
2026-10-09T10:50:17.044,1,70386,91387491,0,engine_rpm,547.000
2026-10-09T10:50:17.045,1,70388,91388649,0,fuel_rate_lph,1.50
2026-10-09T10:50:17.045,1,70388,91388649,0,fuel_econ_inst_kmpl,0.000
2026-10-09T10:50:17.054,1,70393,91397306,0,actual_torque_pct,5
2026-10-09T10:50:17.054,1,70393,91397306,0,engine_rpm,547.000
2026-10-09T10:50:17.064,1,70399,91407278,0,actual_torque_pct,5
2026-10-09T10:50:17.064,1,70399,91407278,0,engine_rpm,547.000
2026-10-09T10:50:17.075,1,70406,91418612,0,actual_torque_pct,5
2026-10-09T10:50:17.075,1,70406,91418612,0,engine_rpm,547.000
2026-10-09T10:50:17.084,1,70413,91427540,0,engine_load_pct,10
2026-10-09T10:50:17.084,1,70414,91428092,0,actual_torque_pct,5
2026-10-09T10:50:17.084,1,70414,91428092,0,engine_rpm,546.000
2026-10-09T10:50:17.095,1,70424,91437808,0,actual_torque_pct,5
2026-10-09T10:50:17.095,1,70424,91437808,0,engine_rpm,547.000
2026-10-09T10:50:17.095,1,70425,91438407,39,fuel_level_pct,1.2
2026-10-09T10:50:17.103,1,70431,91447257,0,actual_torque_pct,5
2026-10-09T10:50:17.103,1,70431,91447257,0,engine_rpm,547.000
2026-10-09T10:50:17.113,1,70437,91457251,0,actual_torque_pct,5
2026-10-09T10:50:17.113,1,70437,91457251,0,engine_rpm,547.000
2026-10-09T10:50:17.124,1,70443,91467286,0,actual_torque_pct,5
2026-10-09T10:50:17.124,1,70443,91467286,0,engine_rpm,547.000
2026-10-09T10:50:17.134,1,70450,91477559,0,engine_load_pct,10
2026-10-09T10:50:17.134,1,70451,91478115,0,actual_torque_pct,5
2026-10-09T10:50:17.134,1,70451,91478115,0,engine_rpm,546.000
2026-10-09T10:50:17.140,1,70459,91484070,0,oil_pressure_kpa,400
2026-10-09T10:50:17.141,1,70460,91484646,39,vehicle_speed_kmh,0.000
2026-10-09T10:50:17.144,1,70464,91487523,0,actual_torque_pct,5
2026-10-09T10:50:17.144,1,70464,91487523,0,engine_rpm,546.000
2026-10-09T10:50:17.145,1,70465,91488108,0,fuel_rate_lph,1.50
2026-10-09T10:50:17.145,1,70465,91488108,0,fuel_econ_inst_kmpl,0.000
2026-10-09T10:50:17.154,1,70470,91497212,0,actual_torque_pct,5
2026-10-09T10:50:17.154,1,70470,91497212,0,engine_rpm,546.000
2026-10-09T10:50:17.164,1,70476,91507216,0,actual_torque_pct,5
2026-10-09T10:50:17.164,1,70476,91507216,0,engine_rpm,546.000
2026-10-09T10:50:17.174,1,70483,91517232,0,actual_torque_pct,5
2026-10-09T10:50:17.174,1,70483,91517232,0,engine_rpm,546.000
2026-10-09T10:50:17.185,1,70490,91529157,0,actual_torque_pct,5
2026-10-09T10:50:17.185,1,70490,91529157,0,engine_rpm,546.000
2026-10-09T10:50:17.186,1,70491,91529742,0,engine_load_pct,10
2026-10-09T10:50:17.194,1,70501,91537553,0,actual_torque_pct,5
2026-10-09T10:50:17.194,1,70501,91537553,0,engine_rpm,547.000
2026-10-09T10:50:17.201,1,70507,91544597,39,fuel_level_pct,1.2
2026-10-09T10:50:17.203,1,70508,91547199,0,actual_torque_pct,5
2026-10-09T10:50:17.203,1,70508,91547199,0,engine_rpm,547.000
2026-10-09T10:50:17.213,1,70514,91557229,0,actual_torque_pct,5
2026-10-09T10:50:17.213,1,70514,91557229,0,engine_rpm,547.000
2026-10-09T10:50:17.223,1,70520,91567187,0,actual_torque_pct,5
2026-10-09T10:50:17.223,1,70520,91567187,0,engine_rpm,548.000
2026-10-09T10:50:17.234,1,70527,91577593,0,engine_load_pct,10
2026-10-09T10:50:17.234,1,70528,91578153,0,actual_torque_pct,5
2026-10-09T10:50:17.234,1,70528,91578153,0,engine_rpm,548.000
2026-10-09T10:50:17.240,1,70536,91584061,39,vehicle_speed_kmh,0.000
2026-10-09T10:50:17.244,1,70540,91587518,0,actual_torque_pct,5
2026-10-09T10:50:17.244,1,70540,91587518,0,engine_rpm,548.000
2026-10-09T10:50:17.244,1,70541,91588101,0,fuel_rate_lph,1.50
2026-10-09T10:50:17.244,1,70541,91588101,0,fuel_econ_inst_kmpl,0.000
2026-10-09T10:50:17.254,1,70546,91597196,0,actual_torque_pct,5
2026-10-09T10:50:17.254,1,70546,91597196,0,engine_rpm,548.000
2026-10-09T10:50:17.263,1,70552,91607167,0,actual_torque_pct,5
2026-10-09T10:50:17.263,1,70552,91607167,0,engine_rpm,548.000
2026-10-09T10:50:17.275,1,70559,91618600,0,actual_torque_pct,5
2026-10-09T10:50:17.275,1,70559,91618600,0,engine_rpm,548.000
2026-10-09T10:50:17.284,1,70566,91627531,0,engine_load_pct,10
2026-10-09T10:50:17.285,1,70567,91628092,0,actual_torque_pct,5
2026-10-09T10:50:17.285,1,70567,91628092,0,engine_rpm,548.000
2026-10-09T10:50:17.294,1,70577,91638292,0,actual_torque_pct,5
2026-10-09T10:50:17.294,1,70577,91638292,0,engine_rpm,548.000
2026-10-09T10:50:17.296,1,70579,91639458,39,fuel_level_pct,1.2
2026-10-09T10:50:17.304,1,70585,91647146,0,actual_torque_pct,5
2026-10-09T10:50:17.304,1,70585,91647146,0,engine_rpm,548.000
2026-10-09T10:50:17.314,1,70591,91657151,0,actual_torque_pct,5
2026-10-09T10:50:17.314,1,70591,91657151,0,engine_rpm,548.000
2026-10-09T10:50:17.324,1,70597,91667155,0,actual_torque_pct,5
2026-10-09T10:50:17.324,1,70597,91667155,0,engine_rpm,548.000
2026-10-09T10:50:17.334,1,70604,91677596,0,engine_load_pct,10
2026-10-09T10:50:17.334,1,70605,91678152,0,actual_torque_pct,5
2026-10-09T10:50:17.334,1,70605,91678152,0,engine_rpm,548.000
2026-10-09T10:50:17.340,1,70613,91684070,39,vehicle_speed_kmh,0.000
2026-10-09T10:50:17.344,1,70617,91687535,0,actual_torque_pct,5
2026-10-09T10:50:17.344,1,70617,91687535,0,engine_rpm,548.000
2026-10-09T10:50:17.344,1,70618,91688123,0,fuel_rate_lph,1.50
2026-10-09T10:50:17.344,1,70618,91688123,0,fuel_econ_inst_kmpl,0.000
2026-10-09T10:50:17.354,1,70623,91697132,0,actual_torque_pct,5
2026-10-09T10:50:17.354,1,70623,91697132,0,engine_rpm,548.000
2026-10-09T10:50:17.363,1,70631,91707131,0,actual_torque_pct,5
2026-10-09T10:50:17.363,1,70631,91707131,0,engine_rpm,548.000
2026-10-09T10:50:17.374,1,70639,91717147,0,actual_torque_pct,5
2026-10-09T10:50:17.374,1,70639,91717147,0,engine_rpm,547.000
2026-10-09T10:50:17.385,1,70646,91728520,0,actual_torque_pct,5
2026-10-09T10:50:17.385,1,70646,91728520,0,engine_rpm,547.000
2026-10-09T10:50:17.385,1,70647,91729102,0,engine_load_pct,10
2026-10-09T10:50:17.394,1,70657,91737562,0,actual_torque_pct,5
2026-10-09T10:50:17.394,1,70657,91737562,0,engine_rpm,547.000
2026-10-09T10:50:17.395,1,70658,91738385,39,fuel_level_pct,1.2
2026-10-09T10:50:17.405,1,70665,91748313,0,actual_torque_pct,5
2026-10-09T10:50:17.405,1,70665,91748313,0,engine_rpm,548.000
2026-10-09T10:50:17.413,1,70671,91757105,0,actual_torque_pct,5
2026-10-09T10:50:17.413,1,70671,91757105,0,engine_rpm,548.000
2026-10-09T10:50:17.423,1,70677,91767077,0,actual_torque_pct,5
2026-10-09T10:50:17.423,1,70677,91767077,0,engine_rpm,548.000
2026-10-09T10:50:17.434,1,70684,91777587,0,engine_load_pct,10
2026-10-09T10:50:17.434,1,70685,91778141,0,actual_torque_pct,5
2026-10-09T10:50:17.434,1,70685,91778141,0,engine_rpm,548.000
2026-10-09T10:50:17.440,1,70693,91784059,39,vehicle_speed_kmh,0.000
2026-10-09T10:50:17.444,1,70697,91787546,0,actual_torque_pct,5
2026-10-09T10:50:17.444,1,70697,91787546,0,engine_rpm,549.000
2026-10-09T10:50:17.444,1,70698,91788130,0,fuel_rate_lph,1.50
2026-10-09T10:50:17.444,1,70698,91788130,0,fuel_econ_inst_kmpl,0.000
2026-10-09T10:50:17.454,1,70703,91797097,0,actual_torque_pct,5
2026-10-09T10:50:17.454,1,70703,91797097,0,engine_rpm,549.000
2026-10-09T10:50:17.464,1,70709,91807072,0,actual_torque_pct,5
2026-10-09T10:50:17.464,1,70709,91807072,0,engine_rpm,549.000
2026-10-09T10:50:17.474,1,70716,91817053,0,actual_torque_pct,5
2026-10-09T10:50:17.474,1,70716,91817053,0,engine_rpm,549.000
2026-10-09T10:50:17.484,1,70723,91827552,0,engine_load_pct,10
2026-10-09T10:50:17.484,1,70724,91828121,0,actual_torque_pct,5
2026-10-09T10:50:17.484,1,70724,91828121,0,engine_rpm,549.000
2026-10-09T10:50:17.495,1,70734,91838333,39,fuel_level_pct,1.2
2026-10-09T10:50:17.495,1,70735,91838886,0,actual_torque_pct,5
2026-10-09T10:50:17.495,1,70735,91838886,0,engine_rpm,549.000
2026-10-09T10:50:17.503,1,70741,91847032,0,actual_torque_pct,5
2026-10-09T10:50:17.503,1,70741,91847032,0,engine_rpm,549.000
2026-10-09T10:50:17.513,1,70747,91857045,0,actual_torque_pct,5
2026-10-09T10:50:17.513,1,70747,91857045,0,engine_rpm,548.000
2026-10-09T10:50:17.523,1,70753,91867048,0,actual_torque_pct,5
2026-10-09T10:50:17.523,1,70753,91867048,0,engine_rpm,548.000
2026-10-09T10:50:17.534,1,70760,91877619,0,engine_load_pct,10
2026-10-09T10:50:17.534,1,70761,91878150,0,actual_torque_pct,5
2026-10-09T10:50:17.534,1,70761,91878150,0,engine_rpm,548.000
2026-10-09T10:50:17.540,1,70770,91884070,39,vehicle_speed_kmh,0.000
2026-10-09T10:50:17.541,1,70771,91884653,0,boost_pressure_kpa,100
2026-10-09T10:50:17.541,1,70771,91884653,0,intake_manifold_temp_c,32
2026-10-09T10:50:17.544,1,70775,91887521,0,actual_torque_pct,5
2026-10-09T10:50:17.544,1,70775,91887521,0,engine_rpm,548.000
2026-10-09T10:50:17.546,1,70778,91889261,0,fuel_rate_lph,1.50
2026-10-09T10:50:17.546,1,70778,91889261,0,fuel_econ_inst_kmpl,0.000
2026-10-09T10:50:17.553,1,70783,91897013,0,actual_torque_pct,5
2026-10-09T10:50:17.553,1,70783,91897013,0,engine_rpm,548.000
2026-10-09T10:50:17.563,1,70789,91907017,0,actual_torque_pct,5
2026-10-09T10:50:17.563,1,70789,91907017,0,engine_rpm,548.000
2026-10-09T10:50:17.573,1,70796,91917026,0,actual_torque_pct,5
2026-10-09T10:50:17.573,1,70796,91917026,0,engine_rpm,547.000
2026-10-09T10:50:17.585,1,70803,91928346,0,actual_torque_pct,5
2026-10-09T10:50:17.585,1,70803,91928346,0,engine_rpm,547.000
2026-10-09T10:50:17.585,1,70804,91928924,0,engine_load_pct,10
2026-10-09T10:50:17.593,1,70814,91936993,0,actual_torque_pct,5
2026-10-09T10:50:17.593,1,70814,91936993,0,engine_rpm,547.000
2026-10-09T10:50:17.595,1,70816,91938461,39,fuel_level_pct,1.2
2026-10-09T10:50:17.604,1,70822,91948050,0,actual_torque_pct,5
2026-10-09T10:50:17.604,1,70822,91948050,0,engine_rpm,547.000
2026-10-09T10:50:17.613,1,70828,91957013,0,actual_torque_pct,5
2026-10-09T10:50:17.613,1,70828,91957013,0,engine_rpm,547.000
2026-10-09T10:50:17.624,1,70834,91966985,0,actual_torque_pct,5
2026-10-09T10:50:17.624,1,70834,91966985,0,engine_rpm,547.000
2026-10-09T10:50:17.633,1,70840,91976982,0,actual_torque_pct,5
2026-10-09T10:50:17.633,1,70840,91976982,0,engine_rpm,547.000
2026-10-09T10:50:17.634,1,70841,91977567,0,engine_load_pct,10
2026-10-09T10:50:17.640,1,70850,91984056,0,oil_pressure_kpa,400
2026-10-09T10:50:17.641,1,70851,91984658,39,vehicle_speed_kmh,0.000
2026-10-09T10:50:17.644,1,70855,91987535,0,actual_torque_pct,5
2026-10-09T10:50:17.644,1,70855,91987535,0,engine_rpm,548.000
2026-10-09T10:50:17.646,1,70858,91989270,0,fuel_rate_lph,1.55
2026-10-09T10:50:17.646,1,70858,91989270,0,fuel_econ_inst_kmpl,0.000
2026-10-09T10:50:17.653,1,70863,91996978,0,actual_torque_pct,5
2026-10-09T10:50:17.653,1,70863,91996978,0,engine_rpm,548.000
2026-10-09T10:50:17.663,1,70869,92006977,0,actual_torque_pct,5
2026-10-09T10:50:17.663,1,70869,92006977,0,engine_rpm,548.000
2026-10-09T10:50:17.673,1,70876,92016942,0,actual_torque_pct,5
2026-10-09T10:50:17.673,1,70876,92016942,0,engine_rpm,548.000
2026-10-09T10:50:17.683,1,70882,92026970,0,actual_torque_pct,5
2026-10-09T10:50:17.683,1,70882,92026970,0,engine_rpm,548.000
2026-10-09T10:50:17.684,1,70883,92027557,0,engine_load_pct,10
2026-10-09T10:50:17.694,1,70896,92038314,0,actual_torque_pct,5
2026-10-09T10:50:17.694,1,70896,92038314,0,engine_rpm,548.000
2026-10-09T10:50:17.696,1,70899,92040009,39,fuel_level_pct,1.2
2026-10-09T10:50:17.703,1,70905,92046931,0,actual_torque_pct,5
2026-10-09T10:50:17.703,1,70905,92046931,0,engine_rpm,548.000
2026-10-09T10:50:17.713,1,70911,92057218,0,actual_torque_pct,5
2026-10-09T10:50:17.713,1,70911,92057218,0,engine_rpm,549.000
2026-10-09T10:50:17.723,1,70917,92066940,0,actual_torque_pct,5
2026-10-09T10:50:17.723,1,70917,92066940,0,engine_rpm,549.000
2026-10-09T10:50:17.733,1,70923,92076970,0,actual_torque_pct,5
2026-10-09T10:50:17.733,1,70923,92076970,0,engine_rpm,548.000
2026-10-09T10:50:17.734,1,70924,92077556,0,engine_load_pct,10
2026-10-09T10:50:17.740,1,70933,92084073,0,coolant_temp_c,34
2026-10-09T10:50:17.740,1,70933,92084073,0,fuel_temp_c,32
2026-10-09T10:50:17.740,1,70933,92084073,0,oil_temp_c,34.88
2026-10-09T10:50:17.741,1,70934,92084634,39,vehicle_speed_kmh,0.000
2026-10-09T10:50:17.743,1,70937,92086922,0,actual_torque_pct,5
2026-10-09T10:50:17.743,1,70937,92086922,0,engine_rpm,548.000
2026-10-09T10:50:17.745,1,70941,92089189,0,fuel_rate_lph,1.55
2026-10-09T10:50:17.745,1,70941,92089189,0,fuel_econ_inst_kmpl,0.000
2026-10-09T10:50:17.753,1,70946,92096901,0,actual_torque_pct,5
2026-10-09T10:50:17.753,1,70946,92096901,0,engine_rpm,548.000
2026-10-09T10:50:17.763,1,70952,92106899,0,actual_torque_pct,5
2026-10-09T10:50:17.763,1,70952,92106899,0,engine_rpm,548.000
2026-10-09T10:50:17.773,1,70959,92116930,0,actual_torque_pct,5
2026-10-09T10:50:17.773,1,70959,92116930,0,engine_rpm,548.000
2026-10-09T10:50:17.784,1,70966,92128301,0,actual_torque_pct,5
2026-10-09T10:50:17.784,1,70966,92128301,0,engine_rpm,548.000
2026-10-09T10:50:17.785,1,70967,92128880,0,engine_load_pct,10
2026-10-09T10:50:17.794,1,70977,92136897,0,actual_torque_pct,5
2026-10-09T10:50:17.794,1,70977,92136897,0,engine_rpm,548.000
2026-10-09T10:50:17.795,1,70981,92139178,39,fuel_level_pct,1.2
2026-10-09T10:50:17.804,1,70987,92148236,0,actual_torque_pct,5
2026-10-09T10:50:17.804,1,70987,92148236,0,engine_rpm,547.000
2026-10-09T10:50:17.813,1,70993,92156892,0,actual_torque_pct,5
2026-10-09T10:50:17.813,1,70993,92156892,0,engine_rpm,547.000
2026-10-09T10:50:17.823,1,70999,92166882,0,actual_torque_pct,5
2026-10-09T10:50:17.823,1,70999,92166882,0,engine_rpm,547.000
2026-10-09T10:50:17.833,1,71005,92176881,0,actual_torque_pct,5
2026-10-09T10:50:17.833,1,71005,92176881,0,engine_rpm,547.000
2026-10-09T10:50:17.834,1,71006,92177467,0,engine_load_pct,10
2026-10-09T10:50:17.841,1,71016,92184674,39,vehicle_speed_kmh,0.000
2026-10-09T10:50:17.843,1,71019,92186889,0,actual_torque_pct,5
2026-10-09T10:50:17.843,1,71019,92186889,0,engine_rpm,548.000
2026-10-09T10:50:17.845,1,71022,92188610,0,fuel_rate_lph,1.55
2026-10-09T10:50:17.845,1,71022,92188610,0,fuel_econ_inst_kmpl,0.000
2026-10-09T10:50:17.853,1,71027,92196910,0,actual_torque_pct,5
2026-10-09T10:50:17.853,1,71027,92196910,0,engine_rpm,548.000
2026-10-09T10:50:17.864,1,71034,92206865,0,actual_torque_pct,5
2026-10-09T10:50:17.864,1,71034,92206865,0,engine_rpm,549.000
2026-10-09T10:50:17.864,1,71036,92208038,0,engine_hours,40.25
2026-10-09T10:50:17.873,1,71042,92216842,0,actual_torque_pct,5
2026-10-09T10:50:17.873,1,71042,92216842,0,engine_rpm,549.000
2026-10-09T10:50:17.883,1,71048,92226857,0,actual_torque_pct,5
2026-10-09T10:50:17.883,1,71048,92226857,0,engine_rpm,549.000
2026-10-09T10:50:17.884,1,71049,92227438,0,engine_load_pct,10
2026-10-09T10:50:17.894,1,71060,92238283,0,actual_torque_pct,5
2026-10-09T10:50:17.894,1,71060,92238283,0,engine_rpm,549.000
2026-10-09T10:50:17.895,1,71061,92238870,39,fuel_level_pct,1.2
2026-10-09T10:50:17.903,1,71067,92246840,0,actual_torque_pct,5
2026-10-09T10:50:17.903,1,71067,92246840,0,engine_rpm,549.000
2026-10-09T10:50:17.914,1,71073,92257371,0,actual_torque_pct,5
2026-10-09T10:50:17.914,1,71073,92257371,0,engine_rpm,550.000
2026-10-09T10:50:17.924,1,71079,92266844,0,actual_torque_pct,5
2026-10-09T10:50:17.924,1,71079,92266844,0,engine_rpm,550.000
2026-10-09T10:50:17.933,1,71085,92276846,0,actual_torque_pct,5
2026-10-09T10:50:17.933,1,71085,92276846,0,engine_rpm,549.000
2026-10-09T10:50:17.934,1,71086,92277446,0,engine_load_pct,10
2026-10-09T10:50:17.940,1,71095,92284058,39,vehicle_speed_kmh,0.000
2026-10-09T10:50:17.943,1,71098,92286790,0,actual_torque_pct,5
2026-10-09T10:50:17.943,1,71098,92286790,0,engine_rpm,549.000
2026-10-09T10:50:17.945,1,71100,92287953,0,fuel_rate_lph,1.50
2026-10-09T10:50:17.945,1,71100,92287953,0,fuel_econ_inst_kmpl,0.000
2026-10-09T10:50:17.953,1,71105,92296796,0,actual_torque_pct,5
2026-10-09T10:50:17.953,1,71105,92296796,0,engine_rpm,549.000
2026-10-09T10:50:17.963,1,71111,92306790,0,actual_torque_pct,5
2026-10-09T10:50:17.963,1,71111,92306790,0,engine_rpm,549.000
2026-10-09T10:50:17.973,1,71118,92316827,0,actual_torque_pct,5
2026-10-09T10:50:17.973,1,71118,92316827,0,engine_rpm,548.000
2026-10-09T10:50:17.983,1,71124,92326793,0,actual_torque_pct,5
2026-10-09T10:50:17.983,1,71124,92326793,0,engine_rpm,548.000
2026-10-09T10:50:17.984,1,71125,92327379,0,engine_load_pct,10
2026-10-09T10:50:17.993,1,71135,92336770,0,actual_torque_pct,5
2026-10-09T10:50:17.993,1,71135,92336770,0,engine_rpm,549.000
2026-10-09T10:50:17.994,1,71137,92337914,39,fuel_level_pct,1.2
2026-10-09T10:50:18.004,1,71143,92348216,0,actual_torque_pct,5
2026-10-09T10:50:18.004,1,71143,92348216,0,engine_rpm,549.000
2026-10-09T10:50:18.013,1,71149,92356789,0,actual_torque_pct,5
2026-10-09T10:50:18.013,1,71149,92356789,0,engine_rpm,548.000
2026-10-09T10:50:18.023,1,71155,92366774,0,actual_torque_pct,5
2026-10-09T10:50:18.023,1,71155,92366774,0,engine_rpm,548.000
2026-10-09T10:50:18.033,1,71163,92376786,0,actual_torque_pct,5
2026-10-09T10:50:18.033,1,71163,92376786,0,engine_rpm,548.000
2026-10-09T10:50:18.034,1,71164,92377366,0,engine_load_pct,10
2026-10-09T10:50:18.040,1,71173,92384079,39,vehicle_speed_kmh,0.000
2026-10-09T10:50:18.041,1,71174,92384638,0,boost_pressure_kpa,100
2026-10-09T10:50:18.041,1,71174,92384638,0,intake_manifold_temp_c,32
2026-10-09T10:50:18.043,1,71177,92386745,0,actual_torque_pct,5
2026-10-09T10:50:18.043,1,71177,92386745,0,engine_rpm,548.000
2026-10-09T10:50:18.045,1,71180,92388469,0,fuel_rate_lph,1.55
2026-10-09T10:50:18.045,1,71180,92388469,0,fuel_econ_inst_kmpl,0.000
2026-10-09T10:50:18.053,1,71185,92396773,0,actual_torque_pct,5
2026-10-09T10:50:18.053,1,71185,92396773,0,engine_rpm,548.000
2026-10-09T10:50:18.063,1,71191,92406777,0,actual_torque_pct,5
2026-10-09T10:50:18.063,1,71191,92406777,0,engine_rpm,548.000
2026-10-09T10:50:18.073,1,71198,92416728,0,actual_torque_pct,5
2026-10-09T10:50:18.073,1,71198,92416728,0,engine_rpm,548.000
2026-10-09T10:50:18.083,1,71204,92426763,0,actual_torque_pct,5
2026-10-09T10:50:18.083,1,71204,92426763,0,engine_rpm,549.000
2026-10-09T10:50:18.084,1,71205,92427344,0,engine_load_pct,10
2026-10-09T10:50:18.094,1,71216,92438070,0,actual_torque_pct,5
2026-10-09T10:50:18.094,1,71216,92438070,0,engine_rpm,549.000
2026-10-09T10:50:18.095,1,71217,92438679,39,fuel_level_pct,1.2
2026-10-09T10:50:18.103,1,71223,92446721,0,actual_torque_pct,5
2026-10-09T10:50:18.103,1,71223,92446721,0,engine_rpm,549.000
2026-10-09T10:50:18.114,1,71229,92457565,0,actual_torque_pct,5
2026-10-09T10:50:18.114,1,71229,92457565,0,engine_rpm,549.000
2026-10-09T10:50:18.123,1,71235,92466729,0,actual_torque_pct,5
2026-10-09T10:50:18.123,1,71235,92466729,0,engine_rpm,549.000
2026-10-09T10:50:18.133,1,71241,92476752,0,actual_torque_pct,5
2026-10-09T10:50:18.133,1,71241,92476752,0,engine_rpm,549.000
2026-10-09T10:50:18.134,1,71242,92477331,0,engine_load_pct,10
2026-10-09T10:50:18.140,1,71251,92484066,0,oil_pressure_kpa,404
2026-10-09T10:50:18.141,1,71252,92484658,39,vehicle_speed_kmh,0.000
2026-10-09T10:50:18.143,1,71255,92486698,0,actual_torque_pct,5
2026-10-09T10:50:18.143,1,71255,92486698,0,engine_rpm,549.000
2026-10-09T10:50:18.144,1,71257,92487835,0,fuel_rate_lph,1.55
2026-10-09T10:50:18.144,1,71257,92487835,0,fuel_econ_inst_kmpl,0.000
2026-10-09T10:50:18.153,1,71262,92496657,0,actual_torque_pct,5
2026-10-09T10:50:18.153,1,71262,92496657,0,engine_rpm,549.000
2026-10-09T10:50:18.163,1,71268,92506690,0,actual_torque_pct,5
2026-10-09T10:50:18.163,1,71268,92506690,0,engine_rpm,549.000
2026-10-09T10:50:18.173,1,71275,92516713,0,actual_torque_pct,5
2026-10-09T10:50:18.173,1,71275,92516713,0,engine_rpm,549.000
2026-10-09T10:50:18.183,1,71281,92526681,0,actual_torque_pct,5
2026-10-09T10:50:18.183,1,71281,92526681,0,engine_rpm,549.000
2026-10-09T10:50:18.184,1,71282,92527262,0,engine_load_pct,10
2026-10-09T10:50:18.193,1,71292,92536723,0,actual_torque_pct,5
2026-10-09T10:50:18.193,1,71292,92536723,0,engine_rpm,550.000
2026-10-09T10:50:18.201,1,71299,92544938,39,fuel_level_pct,1.2
2026-10-09T10:50:18.204,1,71300,92547996,0,actual_torque_pct,5
2026-10-09T10:50:18.204,1,71300,92547996,0,engine_rpm,550.000
2026-10-09T10:50:18.213,1,71306,92556695,0,actual_torque_pct,5
2026-10-09T10:50:18.213,1,71306,92556695,0,engine_rpm,550.000
2026-10-09T10:50:18.223,1,71312,92566671,0,actual_torque_pct,5
2026-10-09T10:50:18.223,1,71312,92566671,0,engine_rpm,550.000
2026-10-09T10:50:18.233,1,71318,92576663,0,actual_torque_pct,5
2026-10-09T10:50:18.233,1,71318,92576663,0,engine_rpm,550.000
2026-10-09T10:50:18.233,1,71319,92577243,0,engine_load_pct,10
2026-10-09T10:50:18.240,1,71328,92584066,39,vehicle_speed_kmh,0.000
2026-10-09T10:50:18.243,1,71331,92586803,0,actual_torque_pct,5
2026-10-09T10:50:18.243,1,71331,92586803,0,engine_rpm,550.000
2026-10-09T10:50:18.244,1,71333,92587945,0,fuel_rate_lph,1.55
2026-10-09T10:50:18.244,1,71333,92587945,0,fuel_econ_inst_kmpl,0.000
2026-10-09T10:50:18.253,1,71338,92596674,0,actual_torque_pct,5
2026-10-09T10:50:18.253,1,71338,92596674,0,engine_rpm,550.000
2026-10-09T10:50:18.263,1,71344,92606635,0,actual_torque_pct,5
2026-10-09T10:50:18.263,1,71344,92606635,0,engine_rpm,550.000
2026-10-09T10:50:18.273,1,71351,92616615,0,actual_torque_pct,5
2026-10-09T10:50:18.273,1,71351,92616615,0,engine_rpm,550.000
2026-10-09T10:50:18.283,1,71357,92626671,0,actual_torque_pct,5
2026-10-09T10:50:18.283,1,71357,92626671,0,engine_rpm,551.000
2026-10-09T10:50:18.283,1,71358,92627256,0,engine_load_pct,10
2026-10-09T10:50:18.294,1,71369,92638088,0,actual_torque_pct,5
2026-10-09T10:50:18.294,1,71369,92638088,0,engine_rpm,551.000
2026-10-09T10:50:18.296,1,71371,92639265,39,fuel_level_pct,1.2
2026-10-09T10:50:18.303,1,71377,92646630,0,actual_torque_pct,5
2026-10-09T10:50:18.303,1,71377,92646630,0,engine_rpm,551.000
2026-10-09T10:50:18.313,1,71383,92657041,0,actual_torque_pct,5
2026-10-09T10:50:18.313,1,71383,92657041,0,engine_rpm,552.000
2026-10-09T10:50:18.323,1,71389,92666638,0,actual_torque_pct,5
2026-10-09T10:50:18.323,1,71389,92666638,0,engine_rpm,552.000
2026-10-09T10:50:18.333,1,71395,92676657,0,actual_torque_pct,5
2026-10-09T10:50:18.333,1,71395,92676657,0,engine_rpm,551.000
2026-10-09T10:50:18.333,1,71396,92677238,0,engine_load_pct,10
2026-10-09T10:50:18.340,1,71405,92684065,39,vehicle_speed_kmh,0.000
2026-10-09T10:50:18.343,1,71408,92686574,0,actual_torque_pct,5
2026-10-09T10:50:18.343,1,71408,92686574,0,engine_rpm,551.000
2026-10-09T10:50:18.344,1,71410,92687717,0,fuel_rate_lph,1.50
2026-10-09T10:50:18.344,1,71410,92687717,0,fuel_econ_inst_kmpl,0.000
2026-10-09T10:50:18.353,1,71415,92696575,0,actual_torque_pct,5
2026-10-09T10:50:18.353,1,71415,92696575,0,engine_rpm,551.000
2026-10-09T10:50:18.363,1,71423,92706601,0,actual_torque_pct,5
2026-10-09T10:50:18.363,1,71423,92706601,0,engine_rpm,551.000
2026-10-09T10:50:18.373,1,71431,92716615,0,actual_torque_pct,5
2026-10-09T10:50:18.373,1,71431,92716615,0,engine_rpm,551.000
2026-10-09T10:50:18.385,1,71438,92727867,0,actual_torque_pct,5
2026-10-09T10:50:18.385,1,71438,92727867,0,engine_rpm,551.000
2026-10-09T10:50:18.385,1,71439,92728460,0,engine_load_pct,10
2026-10-09T10:50:18.394,1,71448,92736562,0,actual_torque_pct,5
2026-10-09T10:50:18.394,1,71448,92736562,0,engine_rpm,550.000
2026-10-09T10:50:18.394,1,71450,92737710,39,fuel_level_pct,1.2
2026-10-09T10:50:18.404,1,71457,92747810,0,actual_torque_pct,5
2026-10-09T10:50:18.404,1,71457,92747810,0,engine_rpm,550.000
2026-10-09T10:50:18.413,1,71463,92756578,0,actual_torque_pct,5
2026-10-09T10:50:18.413,1,71463,92756578,0,engine_rpm,550.000
2026-10-09T10:50:18.423,1,71469,92766549,0,actual_torque_pct,5
2026-10-09T10:50:18.423,1,71469,92766549,0,engine_rpm,550.000
2026-10-09T10:50:18.433,1,71475,92776545,0,actual_torque_pct,5
2026-10-09T10:50:18.433,1,71475,92776545,0,engine_rpm,550.000
2026-10-09T10:50:18.433,1,71476,92777131,0,engine_load_pct,10
2026-10-09T10:50:18.440,1,71485,92784074,39,vehicle_speed_kmh,0.000
2026-10-09T10:50:18.443,1,71488,92786872,0,actual_torque_pct,5
2026-10-09T10:50:18.443,1,71488,92786872,0,engine_rpm,549.000
2026-10-09T10:50:18.445,1,71490,92788026,0,fuel_rate_lph,1.50
2026-10-09T10:50:18.445,1,71490,92788026,0,fuel_econ_inst_kmpl,0.000
2026-10-09T10:50:18.453,1,71495,92796556,0,actual_torque_pct,5
2026-10-09T10:50:18.453,1,71495,92796556,0,engine_rpm,549.000
2026-10-09T10:50:18.463,1,71501,92806533,0,actual_torque_pct,5
2026-10-09T10:50:18.463,1,71501,92806533,0,engine_rpm,549.000
2026-10-09T10:50:18.473,1,71508,92816507,0,actual_torque_pct,5
2026-10-09T10:50:18.473,1,71508,92816507,0,engine_rpm,549.000
2026-10-09T10:50:18.483,1,71514,92826544,0,actual_torque_pct,5
2026-10-09T10:50:18.483,1,71514,92826544,0,engine_rpm,550.000
2026-10-09T10:50:18.483,1,71515,92827125,0,engine_load_pct,10
2026-10-09T10:50:18.495,1,71526,92838531,0,actual_torque_pct,5
2026-10-09T10:50:18.495,1,71526,92838531,0,engine_rpm,550.000
2026-10-09T10:50:18.495,1,71527,92839117,39,fuel_level_pct,1.2
2026-10-09T10:50:18.503,1,71533,92846510,0,actual_torque_pct,5
2026-10-09T10:50:18.503,1,71533,92846510,0,engine_rpm,550.000
2026-10-09T10:50:18.513,1,71539,92856552,0,actual_torque_pct,5
2026-10-09T10:50:18.513,1,71539,92856552,0,engine_rpm,550.000
2026-10-09T10:50:18.523,1,71545,92866542,0,actual_torque_pct,5
2026-10-09T10:50:18.523,1,71545,92866542,0,engine_rpm,550.000
2026-10-09T10:50:18.533,1,71551,92876582,0,actual_torque_pct,5
2026-10-09T10:50:18.533,1,71551,92876582,0,engine_rpm,550.000
2026-10-09T10:50:18.533,1,71552,92877161,0,engine_load_pct,10
2026-10-09T10:50:18.540,1,71562,92884076,39,vehicle_speed_kmh,0.000
2026-10-09T10:50:18.541,1,71563,92884648,0,boost_pressure_kpa,100
2026-10-09T10:50:18.541,1,71563,92884648,0,intake_manifold_temp_c,32
2026-10-09T10:50:18.543,1,71566,92886489,0,actual_torque_pct,5
2026-10-09T10:50:18.543,1,71566,92886489,0,engine_rpm,550.000
2026-10-09T10:50:18.545,1,71570,92888774,0,fuel_rate_lph,1.50
2026-10-09T10:50:18.545,1,71570,92888774,0,fuel_econ_inst_kmpl,0.000
2026-10-09T10:50:18.553,1,71575,92896474,0,actual_torque_pct,5
2026-10-09T10:50:18.553,1,71575,92896474,0,engine_rpm,550.000
2026-10-09T10:50:18.563,1,71581,92906482,0,actual_torque_pct,5
2026-10-09T10:50:18.563,1,71581,92906482,0,engine_rpm,550.000
2026-10-09T10:50:18.573,1,71588,92916506,0,actual_torque_pct,5
2026-10-09T10:50:18.573,1,71588,92916506,0,engine_rpm,550.000
2026-10-09T10:50:18.584,1,71595,92927881,0,actual_torque_pct,5
2026-10-09T10:50:18.584,1,71595,92927881,0,engine_rpm,550.000
2026-10-09T10:50:18.585,1,71596,92928469,0,engine_load_pct,10
2026-10-09T10:50:18.593,1,71606,92936462,0,actual_torque_pct,5
2026-10-09T10:50:18.593,1,71606,92936462,0,engine_rpm,551.000
2026-10-09T10:50:18.595,1,71608,92938747,39,fuel_level_pct,1.2
2026-10-09T10:50:18.604,1,71614,92947290,0,actual_torque_pct,5
2026-10-09T10:50:18.604,1,71614,92947290,0,engine_rpm,550.000
2026-10-09T10:50:18.613,1,71620,92956473,0,actual_torque_pct,5
2026-10-09T10:50:18.613,1,71620,92956473,0,engine_rpm,550.000
2026-10-09T10:50:18.623,1,71626,92966451,0,actual_torque_pct,5
2026-10-09T10:50:18.623,1,71626,92966451,0,engine_rpm,550.000
2026-10-09T10:50:18.633,1,71632,92976451,0,actual_torque_pct,5
2026-10-09T10:50:18.633,1,71632,92976451,0,engine_rpm,550.000
2026-10-09T10:50:18.634,1,71633,92977030,0,engine_load_pct,10
2026-10-09T10:50:18.640,1,71642,92984073,0,oil_pressure_kpa,404
2026-10-09T10:50:18.641,1,71643,92984647,39,vehicle_speed_kmh,0.000
2026-10-09T10:50:18.643,1,71646,92986579,0,actual_torque_pct,5
2026-10-09T10:50:18.643,1,71646,92986579,0,engine_rpm,550.000
2026-10-09T10:50:18.645,1,71650,92988856,0,fuel_rate_lph,1.50
2026-10-09T10:50:18.645,1,71650,92988856,0,fuel_econ_inst_kmpl,0.000
2026-10-09T10:50:18.653,1,71655,92996470,0,actual_torque_pct,5
2026-10-09T10:50:18.653,1,71655,92996470,0,engine_rpm,550.000
2026-10-09T10:50:18.663,1,71661,93006443,0,actual_torque_pct,5
2026-10-09T10:50:18.663,1,71661,93006443,0,engine_rpm,550.000
2026-10-09T10:50:18.673,1,71668,93016401,0,actual_torque_pct,5
2026-10-09T10:50:18.673,1,71668,93016401,0,engine_rpm,550.000
2026-10-09T10:50:18.683,1,71674,93026443,0,actual_torque_pct,5
2026-10-09T10:50:18.683,1,71674,93026443,0,engine_rpm,550.000
2026-10-09T10:50:18.683,1,71675,93027024,0,engine_load_pct,10
2026-10-09T10:50:18.694,1,71688,93037901,0,actual_torque_pct,5
2026-10-09T10:50:18.694,1,71688,93037901,0,engine_rpm,550.000
2026-10-09T10:50:18.696,1,71691,93039612,39,fuel_level_pct,1.2
2026-10-09T10:50:18.703,1,71697,93046395,0,actual_torque_pct,5
2026-10-09T10:50:18.703,1,71697,93046395,0,engine_rpm,550.000
2026-10-09T10:50:18.713,1,71703,93056747,0,actual_torque_pct,5
2026-10-09T10:50:18.713,1,71703,93056747,0,engine_rpm,551.000
2026-10-09T10:50:18.723,1,71709,93066419,0,actual_torque_pct,5
2026-10-09T10:50:18.723,1,71709,93066419,0,engine_rpm,551.000
2026-10-09T10:50:18.733,1,71715,93076435,0,actual_torque_pct,5
2026-10-09T10:50:18.733,1,71715,93076435,0,engine_rpm,551.000
2026-10-09T10:50:18.733,1,71716,93077016,0,engine_load_pct,10
2026-10-09T10:50:18.740,1,71725,93084073,0,coolant_temp_c,34
2026-10-09T10:50:18.740,1,71725,93084073,0,fuel_temp_c,32
2026-10-09T10:50:18.740,1,71725,93084073,0,oil_temp_c,34.88
2026-10-09T10:50:18.741,1,71726,93084636,39,vehicle_speed_kmh,0.000
2026-10-09T10:50:18.743,1,71729,93086418,0,actual_torque_pct,5
2026-10-09T10:50:18.743,1,71729,93086418,0,engine_rpm,551.000
2026-10-09T10:50:18.745,1,71733,93088685,0,fuel_rate_lph,1.50
2026-10-09T10:50:18.745,1,71733,93088685,0,fuel_econ_inst_kmpl,0.000
2026-10-09T10:50:18.753,1,71738,93096367,0,actual_torque_pct,5
2026-10-09T10:50:18.753,1,71738,93096367,0,engine_rpm,551.000
2026-10-09T10:50:18.763,1,71744,93106380,0,actual_torque_pct,5
2026-10-09T10:50:18.763,1,71744,93106380,0,engine_rpm,551.000
2026-10-09T10:50:18.773,1,71751,93116388,0,actual_torque_pct,5
2026-10-09T10:50:18.773,1,71751,93116388,0,engine_rpm,551.000
2026-10-09T10:50:18.784,1,71758,93127670,0,actual_torque_pct,5
2026-10-09T10:50:18.784,1,71758,93127670,0,engine_rpm,551.000
2026-10-09T10:50:18.784,1,71759,93128236,0,engine_load_pct,10
2026-10-09T10:50:18.793,1,71769,93136356,0,actual_torque_pct,5
2026-10-09T10:50:18.793,1,71769,93136356,0,engine_rpm,552.000
2026-10-09T10:50:18.795,1,71773,93138861,39,fuel_level_pct,1.2
2026-10-09T10:50:18.803,1,71779,93146644,0,actual_torque_pct,5
2026-10-09T10:50:18.803,1,71779,93146644,0,engine_rpm,551.000
2026-10-09T10:50:18.813,1,71785,93156364,0,actual_torque_pct,5
2026-10-09T10:50:18.813,1,71785,93156364,0,engine_rpm,551.000
2026-10-09T10:50:18.823,1,71791,93166353,0,actual_torque_pct,5
2026-10-09T10:50:18.823,1,71791,93166353,0,engine_rpm,551.000
2026-10-09T10:50:18.833,1,71797,93176357,0,actual_torque_pct,5
2026-10-09T10:50:18.833,1,71797,93176357,0,engine_rpm,551.000
2026-10-09T10:50:18.833,1,71798,93176935,0,engine_load_pct,10
2026-10-09T10:50:18.841,1,71808,93184680,39,vehicle_speed_kmh,0.000
2026-10-09T10:50:18.843,1,71811,93186695,0,actual_torque_pct,5
2026-10-09T10:50:18.843,1,71811,93186695,0,engine_rpm,551.000
2026-10-09T10:50:18.845,1,71814,93188417,0,fuel_rate_lph,1.50
2026-10-09T10:50:18.845,1,71814,93188417,0,fuel_econ_inst_kmpl,0.000
2026-10-09T10:50:18.853,1,71819,93196345,0,actual_torque_pct,5
2026-10-09T10:50:18.853,1,71819,93196345,0,engine_rpm,551.000
2026-10-09T10:50:18.863,1,71826,93206344,0,actual_torque_pct,5
2026-10-09T10:50:18.863,1,71826,93206344,0,engine_rpm,551.000
2026-10-09T10:50:18.864,1,71828,93207525,0,engine_hours,40.25
2026-10-09T10:50:18.874,1,71834,93217788,0,actual_torque_pct,5
2026-10-09T10:50:18.874,1,71834,93217788,0,engine_rpm,551.000
2026-10-09T10:50:18.883,1,71840,93226327,0,actual_torque_pct,5
2026-10-09T10:50:18.883,1,71840,93226327,0,engine_rpm,550.000
2026-10-09T10:50:18.883,1,71841,93226912,0,engine_load_pct,10
2026-10-09T10:50:18.894,1,71852,93237662,0,actual_torque_pct,5
2026-10-09T10:50:18.894,1,71852,93237662,0,engine_rpm,549.000
2026-10-09T10:50:18.895,1,71853,93238819,39,fuel_level_pct,1.2
2026-10-09T10:50:18.903,1,71859,93246276,0,actual_torque_pct,5
2026-10-09T10:50:18.903,1,71859,93246276,0,engine_rpm,549.000
2026-10-09T10:50:18.912,1,71865,93256283,0,actual_torque_pct,5
2026-10-09T10:50:18.912,1,71865,93256283,0,engine_rpm,549.000
2026-10-09T10:50:18.923,1,71871,93266331,0,actual_torque_pct,5
2026-10-09T10:50:18.923,1,71871,93266331,0,engine_rpm,549.000
2026-10-09T10:50:18.933,1,71877,93276309,0,actual_torque_pct,5
2026-10-09T10:50:18.933,1,71877,93276309,0,engine_rpm,549.000
2026-10-09T10:50:18.934,1,71878,93276892,0,engine_load_pct,10
2026-10-09T10:50:18.940,1,71887,93284082,39,vehicle_speed_kmh,0.000
2026-10-09T10:50:18.942,1,71890,93286305,0,actual_torque_pct,5
2026-10-09T10:50:18.942,1,71890,93286305,0,engine_rpm,549.000
2026-10-09T10:50:18.943,1,71891,93286889,0,fuel_rate_lph,1.55
2026-10-09T10:50:18.943,1,71891,93286889,0,fuel_econ_inst_kmpl,0.000
2026-10-09T10:50:18.952,1,71897,93296261,0,actual_torque_pct,5
2026-10-09T10:50:18.952,1,71897,93296261,0,engine_rpm,550.000
2026-10-09T10:50:18.963,1,71903,93306264,0,actual_torque_pct,5
2026-10-09T10:50:18.963,1,71903,93306264,0,engine_rpm,550.000
2026-10-09T10:50:18.973,1,71910,93316286,0,actual_torque_pct,5
2026-10-09T10:50:18.973,1,71910,93316286,0,engine_rpm,550.000
2026-10-09T10:50:18.984,1,71917,93327629,0,actual_torque_pct,5
2026-10-09T10:50:18.984,1,71917,93327629,0,engine_rpm,550.000
2026-10-09T10:50:18.984,1,71918,93328212,0,engine_load_pct,10
2026-10-09T10:50:18.992,1,71927,93336230,0,actual_torque_pct,5
2026-10-09T10:50:18.992,1,71927,93336230,0,engine_rpm,550.000
2026-10-09T10:50:18.995,1,71929,93338875,39,fuel_level_pct,1.2
2026-10-09T10:50:19.003,1,71935,93346243,0,actual_torque_pct,5
2026-10-09T10:50:19.003,1,71935,93346243,0,engine_rpm,550.000
2026-10-09T10:50:19.013,1,71941,93356264,0,actual_torque_pct,5
2026-10-09T10:50:19.013,1,71941,93356264,0,engine_rpm,550.000
2026-10-09T10:50:19.023,1,71947,93366240,0,actual_torque_pct,5
2026-10-09T10:50:19.023,1,71947,93366240,0,engine_rpm,550.000
2026-10-09T10:50:19.032,1,71955,93376247,0,actual_torque_pct,5
2026-10-09T10:50:19.032,1,71955,93376247,0,engine_rpm,550.000
2026-10-09T10:50:19.033,1,71956,93376833,0,engine_load_pct,10
2026-10-09T10:50:19.040,1,71965,93384077,39,vehicle_speed_kmh,0.000
2026-10-09T10:50:19.041,1,71966,93384652,0,boost_pressure_kpa,100
2026-10-09T10:50:19.041,1,71966,93384652,0,intake_manifold_temp_c,32
2026-10-09T10:50:19.043,1,71969,93386376,0,actual_torque_pct,5
2026-10-09T10:50:19.043,1,71969,93386376,0,engine_rpm,550.000
2026-10-09T10:50:19.044,1,71972,93388091,0,fuel_rate_lph,1.50
2026-10-09T10:50:19.044,1,71972,93388091,0,fuel_econ_inst_kmpl,0.000
2026-10-09T10:50:19.052,1,71977,93396250,0,actual_torque_pct,5
2026-10-09T10:50:19.052,1,71977,93396250,0,engine_rpm,550.000
2026-10-09T10:50:19.062,1,71983,93406207,0,actual_torque_pct,5
2026-10-09T10:50:19.062,1,71983,93406207,0,engine_rpm,550.000
2026-10-09T10:50:19.074,1,71990,93417562,0,actual_torque_pct,5
2026-10-09T10:50:19.074,1,71990,93417562,0,engine_rpm,550.000
2026-10-09T10:50:19.083,1,71996,93426224,0,actual_torque_pct,5
2026-10-09T10:50:19.083,1,71996,93426224,0,engine_rpm,550.000
2026-10-09T10:50:19.083,1,71997,93426808,0,engine_load_pct,10
2026-10-09T10:50:19.094,1,72008,93437686,0,actual_torque_pct,5
2026-10-09T10:50:19.094,1,72008,93437686,0,engine_rpm,550.000
2026-10-09T10:50:19.095,1,72009,93438982,39,fuel_level_pct,1.2
2026-10-09T10:50:19.103,1,72015,93446184,0,actual_torque_pct,5
2026-10-09T10:50:19.103,1,72015,93446184,0,engine_rpm,550.000
2026-10-09T10:50:19.113,1,72021,93456164,0,actual_torque_pct,5
2026-10-09T10:50:19.113,1,72021,93456164,0,engine_rpm,550.000
2026-10-09T10:50:19.123,1,72027,93466194,0,actual_torque_pct,5
2026-10-09T10:50:19.123,1,72027,93466194,0,engine_rpm,550.000
2026-10-09T10:50:19.133,1,72033,93476220,0,actual_torque_pct,5
2026-10-09T10:50:19.133,1,72033,93476220,0,engine_rpm,549.000
2026-10-09T10:50:19.134,1,72034,93476787,0,engine_load_pct,10
2026-10-09T10:50:19.141,1,72043,93484073,0,oil_pressure_kpa,404
2026-10-09T10:50:19.141,1,72044,93484645,39,vehicle_speed_kmh,0.000
2026-10-09T10:50:19.143,1,72047,93486374,0,actual_torque_pct,5
2026-10-09T10:50:19.143,1,72047,93486374,0,engine_rpm,549.000
2026-10-09T10:50:19.143,1,72048,93486959,0,fuel_rate_lph,1.50
2026-10-09T10:50:19.143,1,72048,93486959,0,fuel_econ_inst_kmpl,0.000
2026-10-09T10:50:19.153,1,72054,93496222,0,actual_torque_pct,5
2026-10-09T10:50:19.153,1,72054,93496222,0,engine_rpm,550.000
2026-10-09T10:50:19.163,1,72060,93506194,0,actual_torque_pct,5
2026-10-09T10:50:19.163,1,72060,93506194,0,engine_rpm,550.000
2026-10-09T10:50:19.172,1,72067,93516175,0,actual_torque_pct,5
2026-10-09T10:50:19.172,1,72067,93516175,0,engine_rpm,550.000
2026-10-09T10:50:19.184,1,72074,93527672,0,engine_load_pct,10
2026-10-09T10:50:19.185,1,72075,93528231,0,actual_torque_pct,5
2026-10-09T10:50:19.185,1,72075,93528231,0,engine_rpm,550.000
2026-10-09T10:50:19.192,1,72084,93536133,0,actual_torque_pct,5
2026-10-09T10:50:19.192,1,72084,93536133,0,engine_rpm,550.000
2026-10-09T10:50:19.201,1,72091,93545304,39,fuel_level_pct,1.2
2026-10-09T10:50:19.202,1,72092,93546132,0,actual_torque_pct,5
2026-10-09T10:50:19.202,1,72092,93546132,0,engine_rpm,550.000
2026-10-09T10:50:19.212,1,72098,93556173,0,actual_torque_pct,5
2026-10-09T10:50:19.212,1,72098,93556173,0,engine_rpm,550.000
2026-10-09T10:50:19.223,1,72104,93566132,0,actual_torque_pct,5
2026-10-09T10:50:19.223,1,72104,93566132,0,engine_rpm,550.000
2026-10-09T10:50:19.232,1,72110,93576123,0,actual_torque_pct,5
2026-10-09T10:50:19.232,1,72110,93576123,0,engine_rpm,550.000
2026-10-09T10:50:19.233,1,72111,93576708,0,engine_load_pct,10
2026-10-09T10:50:19.240,1,72120,93584061,39,vehicle_speed_kmh,0.000
2026-10-09T10:50:19.243,1,72123,93586388,0,actual_torque_pct,5
2026-10-09T10:50:19.243,1,72123,93586388,0,engine_rpm,550.000
2026-10-09T10:50:19.244,1,72124,93586981,0,fuel_rate_lph,1.50
2026-10-09T10:50:19.244,1,72124,93586981,0,fuel_econ_inst_kmpl,0.000
2026-10-09T10:50:19.252,1,72130,93596147,0,actual_torque_pct,5
2026-10-09T10:50:19.252,1,72130,93596147,0,engine_rpm,550.000
2026-10-09T10:50:19.263,1,72136,93606105,0,actual_torque_pct,5
2026-10-09T10:50:19.263,1,72136,93606105,0,engine_rpm,550.000
2026-10-09T10:50:19.274,1,72142,93617543,0,actual_torque_pct,5
2026-10-09T10:50:19.274,1,72142,93617543,0,engine_rpm,550.000
